filename,label
angry/angry-contempt/im344_2.png,negative
angry/angry-contempt/im1318.png,negative
angry/angry-contempt/im2178.png,negative
angry/angry-contempt/im3912.png,negative
angry/angry-contempt/im3913.png,negative
angry/angry-disapproval/im19.png,negative
angry/angry-disapproval/im97.png,negative
angry/angry-disapproval/im146.png,negative
angry/angry-disapproval/im155.png,negative
angry/angry-disapproval/im193.png,negative
angry/angry-disapproval/im200.png,negative
angry/angry-disapproval/im203.png,negative
angry/angry-disapproval/im359_1.png,negative
angry/angry-disapproval/im649.png,negative
angry/angry-disapproval/im1097.png,negative
angry/angry-disapproval/im1583.png,negative
angry/angry-disapproval/im1734.png,negative
angry/angry-disapproval/im1996.png,negative
angry/angry-disapproval/im2003.png,negative
angry/angry-disapproval/im2014.png,negative
angry/angry-disapproval/im2089.png,negative
angry/angry-disapproval/im2457.png,negative
angry/angry-disapproval/im2719.png,negative
angry/angry-disapproval/im2818.png,negative
angry/angry-disapproval/im3231.png,negative
angry/angry-disapproval/im3497_1.png,negative
angry/angry-disapproval/im3738.png,negative
angry/angry-disapproval/im3876.png,negative
angry/angry-frowning/im172_1.png,negative
angry/angry-frowning/im245.png,negative
angry/angry-frowning/im264.png,negative
angry/angry-frowning/im408_1.png,negative
angry/angry-frowning/im428.png,negative
angry/angry-frowning/im719.png,negative
angry/angry-frowning/im731.png,negative
angry/angry-frowning/im1037.png,negative
angry/angry-frowning/im1291.png,negative
angry/angry-frowning/im1710.png,negative
angry/angry-frowning/im1967.png,negative
angry/angry-frowning/im2193.png,negative
angry/angry-frowning/im2342.png,negative
angry/angry-frowning/im2401.png,negative
angry/angry-frowning/im2742.png,negative
angry/angry-frowning/im2924.png,negative
angry/angry-frowning/im3292.png,negative
angry/angry-frowning/im3470.png,negative
angry/angry-frowning/im3650.png,negative
angry/angry-frowning/im3965.png,negative
angry/attention-angry/im139.png,negative
angry/attention-angry/im765.png,negative
angry/attention-angry/im868.png,negative
angry/attention-angry/im910.png,negative
angry/attention-angry/im1177.png,negative
angry/attention-angry/im1237.png,negative
angry/attention-angry/im1265.png,negative
angry/attention-angry/im1274.png,negative
angry/attention-angry/im1602.png,negative
angry/attention-angry/im1670.png,negative
angry/attention-angry/im1898_1.png,negative
angry/attention-angry/im2612.png,negative
angry/attention-angry/im2710.png,negative
angry/attention-angry/im2759.png,negative
angry/attention-angry/im2834.png,negative
angry/attention-angry/im2873.png,negative
angry/attention-angry/im3015.png,negative
angry/attention-angry/im3095.png,negative
angry/attention-angry/im3172.png,negative
angry/attention-angry/im3281.png,negative
angry/attention-angry/im3369.png,negative
angry/attention-angry/im3597.png,negative
angry/attention-angry/im3872_1.png,negative
angry/attention-angry/im3892.png,negative
angry/attention-angry/im3929.png,negative
angry/clenching-teeth/im6.png,negative
angry/clenching-teeth/im13.png,negative
angry/clenching-teeth/im106.png,negative
angry/clenching-teeth/im113.png,negative
angry/clenching-teeth/im129.png,negative
angry/clenching-teeth/im161.png,negative
angry/clenching-teeth/im205_2.png,negative
angry/clenching-teeth/im247.png,negative
angry/clenching-teeth/im267.png,negative
angry/clenching-teeth/im314.png,negative
angry/clenching-teeth/im315.png,negative
angry/clenching-teeth/im323.png,negative
angry/clenching-teeth/im367.png,negative
angry/clenching-teeth/im373.png,negative
angry/clenching-teeth/im375.png,negative
angry/clenching-teeth/im382.png,negative
angry/clenching-teeth/im397.png,negative
angry/clenching-teeth/im410.png,negative
angry/clenching-teeth/im414.png,negative
angry/clenching-teeth/im536.png,negative
angry/clenching-teeth/im564.png,negative
angry/clenching-teeth/im610.png,negative
angry/clenching-teeth/im611.png,negative
angry/clenching-teeth/im620.png,negative
angry/clenching-teeth/im695.png,negative
angry/clenching-teeth/im697.png,negative
angry/clenching-teeth/im699.png,negative
angry/clenching-teeth/im748.png,negative
angry/clenching-teeth/im789.png,negative
angry/clenching-teeth/im849.png,negative
angry/clenching-teeth/im865.png,negative
angry/clenching-teeth/im876.png,negative
angry/clenching-teeth/im904.png,negative
angry/clenching-teeth/im906.png,negative
angry/clenching-teeth/im928.png,negative
angry/clenching-teeth/im960.png,negative
angry/clenching-teeth/im984_2.png,negative
angry/clenching-teeth/im988.png,negative
angry/clenching-teeth/im1045.png,negative
angry/clenching-teeth/im1080.png,negative
angry/clenching-teeth/im1084.png,negative
angry/clenching-teeth/im1085.png,negative
angry/clenching-teeth/im1088.png,negative
angry/clenching-teeth/im1092.png,negative
angry/clenching-teeth/im1109.png,negative
angry/clenching-teeth/im1114.png,negative
angry/clenching-teeth/im1118.png,negative
angry/clenching-teeth/im1119.png,negative
angry/clenching-teeth/im1125.png,negative
angry/clenching-teeth/im1153.png,negative
angry/clenching-teeth/im1154.png,negative
angry/clenching-teeth/im1166.png,negative
angry/clenching-teeth/im1173.png,negative
angry/clenching-teeth/im1179.png,negative
angry/clenching-teeth/im1206.png,negative
angry/clenching-teeth/im1243.png,negative
angry/clenching-teeth/im1249.png,negative
angry/clenching-teeth/im1310.png,negative
angry/clenching-teeth/im1322.png,negative
angry/clenching-teeth/im1343.png,negative
angry/clenching-teeth/im1356_2.png,negative
angry/clenching-teeth/im1367.png,negative
angry/clenching-teeth/im1410.png,negative
angry/clenching-teeth/im1449.png,negative
angry/clenching-teeth/im1479.png,negative
angry/clenching-teeth/im1482.png,negative
angry/clenching-teeth/im1510.png,negative
angry/clenching-teeth/im1542.png,negative
angry/clenching-teeth/im1546.png,negative
angry/clenching-teeth/im1628.png,negative
angry/clenching-teeth/im1659.png,negative
angry/clenching-teeth/im1684.png,negative
angry/clenching-teeth/im1686.png,negative
angry/clenching-teeth/im1695.png,negative
angry/clenching-teeth/im1703.png,negative
angry/clenching-teeth/im1732_2.png,negative
angry/clenching-teeth/im1752.png,negative
angry/clenching-teeth/im1801.png,negative
angry/clenching-teeth/im1822.png,negative
angry/clenching-teeth/im1833.png,negative
angry/clenching-teeth/im1852.png,negative
angry/clenching-teeth/im1919.png,negative
angry/clenching-teeth/im1922.png,negative
angry/clenching-teeth/im1933.png,negative
angry/clenching-teeth/im1956.png,negative
angry/clenching-teeth/im1990_2.png,negative
angry/clenching-teeth/im2025.png,negative
angry/clenching-teeth/im2030.png,negative
angry/clenching-teeth/im2071.png,negative
angry/clenching-teeth/im2091.png,negative
angry/clenching-teeth/im2114.png,negative
angry/clenching-teeth/im2152.png,negative
angry/clenching-teeth/im2172.png,negative
angry/clenching-teeth/im2189.png,negative
angry/clenching-teeth/im2209.png,negative
angry/clenching-teeth/im2276.png,negative
angry/clenching-teeth/im2293_2.png,negative
angry/clenching-teeth/im2313.png,negative
angry/clenching-teeth/im2330.png,negative
angry/clenching-teeth/im2390.png,negative
angry/clenching-teeth/im2404.png,negative
angry/clenching-teeth/im2405.png,negative
angry/clenching-teeth/im2412.png,negative
angry/clenching-teeth/im2418.png,negative
angry/clenching-teeth/im2476.png,negative
angry/clenching-teeth/im2486.png,negative
angry/clenching-teeth/im2506.png,negative
angry/clenching-teeth/im2550.png,negative
angry/clenching-teeth/im2558.png,negative
angry/clenching-teeth/im2573.png,negative
angry/clenching-teeth/im2580.png,negative
angry/clenching-teeth/im2660.png,negative
angry/clenching-teeth/im2660_2.png,negative
angry/clenching-teeth/im2746.png,negative
angry/clenching-teeth/im2757.png,negative
angry/clenching-teeth/im2769.png,negative
angry/clenching-teeth/im2777.png,negative
angry/clenching-teeth/im2780.png,negative
angry/clenching-teeth/im2785.png,negative
angry/clenching-teeth/im2786.png,negative
angry/clenching-teeth/im2802.png,negative
angry/clenching-teeth/im2839.png,negative
angry/clenching-teeth/im2866.png,negative
angry/clenching-teeth/im2888.png,negative
angry/clenching-teeth/im2894.png,negative
angry/clenching-teeth/im2897.png,negative
angry/clenching-teeth/im2902.png,negative
angry/clenching-teeth/im2910.png,negative
angry/clenching-teeth/im2997.png,negative
angry/clenching-teeth/im3003.png,negative
angry/clenching-teeth/im3087.png,negative
angry/clenching-teeth/im3092.png,negative
angry/clenching-teeth/im3107.png,negative
angry/clenching-teeth/im3167.png,negative
angry/clenching-teeth/im3176.png,negative
angry/clenching-teeth/im3200.png,negative
angry/clenching-teeth/im3205.png,negative
angry/clenching-teeth/im3253.png,negative
angry/clenching-teeth/im3271.png,negative
angry/clenching-teeth/im3286.png,negative
angry/clenching-teeth/im3294.png,negative
angry/clenching-teeth/im3306.png,negative
angry/clenching-teeth/im3309.png,negative
angry/clenching-teeth/im3368.png,negative
angry/clenching-teeth/im3389.png,negative
angry/clenching-teeth/im3406.png,negative
angry/clenching-teeth/im3410.png,negative
angry/clenching-teeth/im3435.png,negative
angry/clenching-teeth/im3467.png,negative
angry/clenching-teeth/im3485.png,negative
angry/clenching-teeth/im3495_2.png,negative
angry/clenching-teeth/im3501.png,negative
angry/clenching-teeth/im3502.png,negative
angry/clenching-teeth/im3515.png,negative
angry/clenching-teeth/im3516.png,negative
angry/clenching-teeth/im3528.png,negative
angry/clenching-teeth/im3530.png,negative
angry/clenching-teeth/im3577.png,negative
angry/clenching-teeth/im3670.png,negative
angry/clenching-teeth/im3678.png,negative
angry/clenching-teeth/im3692.png,negative
angry/clenching-teeth/im3716.png,negative
angry/clenching-teeth/im3727.png,negative
angry/clenching-teeth/im3728.png,negative
angry/clenching-teeth/im3756.png,negative
angry/clenching-teeth/im3774.png,negative
angry/clenching-teeth/im3782.png,negative
angry/clenching-teeth/im3782_2.png,negative
angry/clenching-teeth/im3787.png,negative
angry/clenching-teeth/im3799.png,negative
angry/clenching-teeth/im3808.png,negative
angry/clenching-teeth/im3826.png,negative
angry/clenching-teeth/im3828.png,negative
angry/clenching-teeth/im3856.png,negative
angry/clenching-teeth/im3858.png,negative
angry/clenching-teeth/im3859.png,negative
angry/clenching-teeth/im3869.png,negative
angry/clenching-teeth/im3875.png,negative
angry/clenching-teeth/im3890.png,negative
angry/clenching-teeth/im3915.png,negative
angry/clenching-teeth/im3972.png,negative
angry/clenching-teeth/im3985.png,negative
angry/hateful-look/im191.png,negative
angry/hateful-look/im398.png,negative
angry/hateful-look/im414_1.png,negative
angry/hateful-look/im416_1.png,negative
angry/hateful-look/im424.png,negative
angry/hateful-look/im481.png,negative
angry/hateful-look/im535.png,negative
angry/hateful-look/im557.png,negative
angry/hateful-look/im660.png,negative
angry/hateful-look/im668.png,negative
angry/hateful-look/im749.png,negative
angry/hateful-look/im798.png,negative
angry/hateful-look/im848.png,negative
angry/hateful-look/im860.png,negative
angry/hateful-look/im864.png,negative
angry/hateful-look/im907.png,negative
angry/hateful-look/im926.png,negative
angry/hateful-look/im944.png,negative
angry/hateful-look/im1086.png,negative
angry/hateful-look/im1100.png,negative
angry/hateful-look/im1115.png,negative
angry/hateful-look/im1165.png,negative
angry/hateful-look/im1202.png,negative
angry/hateful-look/im1327.png,negative
angry/hateful-look/im1341.png,negative
angry/hateful-look/im1388.png,negative
angry/hateful-look/im1432.png,negative
angry/hateful-look/im1437.png,negative
angry/hateful-look/im1455.png,negative
angry/hateful-look/im1474.png,negative
angry/hateful-look/im1561.png,negative
angry/hateful-look/im1568.png,negative
angry/hateful-look/im1601.png,negative
angry/hateful-look/im1654.png,negative
angry/hateful-look/im1672.png,negative
angry/hateful-look/im1704.png,negative
angry/hateful-look/im1728.png,negative
angry/hateful-look/im1739.png,negative
angry/hateful-look/im1859_1.png,negative
angry/hateful-look/im1908.png,negative
angry/hateful-look/im1910.png,negative
angry/hateful-look/im2038.png,negative
angry/hateful-look/im2104.png,negative
angry/hateful-look/im2109.png,negative
angry/hateful-look/im2184.png,negative
angry/hateful-look/im2311.png,negative
angry/hateful-look/im2326_2.png,negative
angry/hateful-look/im2351.png,negative
angry/hateful-look/im2423_1.png,negative
angry/hateful-look/im2441.png,negative
angry/hateful-look/im2463.png,negative
angry/hateful-look/im2467.png,negative
angry/hateful-look/im2517.png,negative
angry/hateful-look/im2532.png,negative
angry/hateful-look/im2575_1.png,negative
angry/hateful-look/im2602.png,negative
angry/hateful-look/im2604.png,negative
angry/hateful-look/im2605.png,negative
angry/hateful-look/im2607.png,negative
angry/hateful-look/im2628.png,negative
angry/hateful-look/im2820.png,negative
angry/hateful-look/im2867.png,negative
angry/hateful-look/im2953.png,negative
angry/hateful-look/im2960.png,negative
angry/hateful-look/im2968.png,negative
angry/hateful-look/im3024.png,negative
angry/hateful-look/im3193.png,negative
angry/hateful-look/im3194.png,negative
angry/hateful-look/im3225.png,negative
angry/hateful-look/im3256_1.png,negative
angry/hateful-look/im3296.png,negative
angry/hateful-look/im3333.png,negative
angry/hateful-look/im3337.png,negative
angry/hateful-look/im3466.png,negative
angry/hateful-look/im3469.png,negative
angry/hateful-look/im3481.png,negative
angry/hateful-look/im3523_1.png,negative
angry/hateful-look/im3529.png,negative
angry/hateful-look/im3593.png,negative
angry/hateful-look/im3708.png,negative
angry/hateful-look/im3776.png,negative
angry/hateful-look/im3802.png,negative
angry/hateful-look/im3830.png,negative
angry/hateful-look/im3836_1.png,negative
angry/hateful-look/im3896.png,negative
angry/hateful-look/im3982.png,negative
angry/hateful-look/im4278_1.png,negative
angry/steam-nose-face/im56.png,negative
angry/steam-nose-face/im66.png,negative
angry/steam-nose-face/im74.png,negative
angry/steam-nose-face/im90.png,negative
angry/steam-nose-face/im119.png,negative
angry/steam-nose-face/im170.png,negative
angry/steam-nose-face/im431.png,negative
angry/steam-nose-face/im820.png,negative
angry/steam-nose-face/im948.png,negative
angry/steam-nose-face/im1191.png,negative
angry/steam-nose-face/im1218.png,negative
angry/steam-nose-face/im1403.png,negative
angry/steam-nose-face/im1497.png,negative
angry/steam-nose-face/im1624.png,negative
angry/steam-nose-face/im1625_1.png,negative
angry/steam-nose-face/im1627.png,negative
angry/steam-nose-face/im1637.png,negative
angry/steam-nose-face/im1790.png,negative
angry/steam-nose-face/im1923.png,negative
angry/steam-nose-face/im1930.png,negative
angry/steam-nose-face/im2165.png,negative
angry/steam-nose-face/im2205.png,negative
angry/steam-nose-face/im2223.png,negative
angry/steam-nose-face/im2304.png,negative
angry/steam-nose-face/im2308_2.png,negative
angry/steam-nose-face/im2389.png,negative
angry/steam-nose-face/im2433.png,negative
angry/steam-nose-face/im2470.png,negative
angry/steam-nose-face/im2481.png,negative
angry/steam-nose-face/im2499.png,negative
angry/steam-nose-face/im2596.png,negative
angry/steam-nose-face/im2598.png,negative
angry/steam-nose-face/im2789.png,negative
angry/steam-nose-face/im2937.png,negative
angry/steam-nose-face/im3001.png,negative
angry/steam-nose-face/im3123.png,negative
angry/steam-nose-face/im3158.png,negative
angry/steam-nose-face/im3299.png,negative
angry/steam-nose-face/im3316.png,negative
angry/steam-nose-face/im3331.png,negative
angry/steam-nose-face/im3376.png,negative
angry/steam-nose-face/im3379.png,negative
angry/steam-nose-face/im3392.png,negative
angry/steam-nose-face/im3438.png,negative
angry/steam-nose-face/im3492.png,negative
angry/steam-nose-face/im3518.png,negative
angry/steam-nose-face/im3666.png,negative
angry/steam-nose-face/im3688.png,negative
angry/steam-nose-face/im3722.png,negative
angry/steam-nose-face/im3730.png,negative
angry/steam-nose-face/im3753.png,negative
angry/steam-nose-face/im3813.png,negative
angry/steam-nose-face/im3853.png,negative
disgusted/awful/affectnet_0036766.png,negative
disgusted/awful/affectnet_0037256.png,negative
disgusted/awful/affectnet_0037513.png,negative
disgusted/awful/affectnet_0037803.png,negative
disgusted/awful/affectnet_0038004.png,negative
disgusted/awful/affectnet_0038985.png,negative
disgusted/awful/affectnet_0039005.png,negative
disgusted/awful/affectnet_0039077.png,negative
disgusted/awful/affectnet_0039084.png,negative
disgusted/awful/affectnet_0039443.png,negative
disgusted/awful/affectnet_0040417.png,negative
disgusted/awful/affectnet_0040464.png,negative
disgusted/awful/affectnet_0041165.png,negative
disgusted/awful/affectnet_0041189.png,negative
disgusted/awful/affectnet_0041304.png,negative
disgusted/awful/affectnet_0041478.png,negative
disgusted/awful/affectnet_0041636.png,negative
disgusted/awful/affectnet_0042117.png,negative
disgusted/awful/affectnet_0042174.png,negative
disgusted/awful/affectnet_0042333.png,negative
disgusted/awful/im605.png,negative
disgusted/awful/im804.png,negative
disgusted/awful/im1285.png,negative
disgusted/awful/im1370_1.png,negative
disgusted/awful/im1657.png,negative
disgusted/awful/im3128.png,negative
disgusted/awful/im6529.png,negative
disgusted/bored/im28.png,negative
disgusted/bored/im92.png,negative
disgusted/bored/im241.png,negative
disgusted/bored/im365.png,negative
disgusted/bored/im375.png,negative
disgusted/bored/im396.png,negative
disgusted/bored/im427.png,negative
disgusted/bored/im628.png,negative
disgusted/bored/im674.png,negative
disgusted/bored/im694_1.png,negative
disgusted/bored/im712.png,negative
disgusted/bored/im743.png,negative
disgusted/bored/im761.png,negative
disgusted/bored/im902.png,negative
disgusted/bored/im912.png,negative
disgusted/bored/im919.png,negative
disgusted/bored/im923.png,negative
disgusted/bored/im931_1.png,negative
disgusted/bored/im968.png,negative
disgusted/bored/im969.png,negative
disgusted/bored/im972.png,negative
disgusted/bored/im998.png,negative
disgusted/bored/im1071_2.png,negative
disgusted/bored/im1094.png,negative
disgusted/bored/im1136.png,negative
disgusted/bored/im1139.png,negative
disgusted/bored/im1181.png,negative
disgusted/bored/im1184.png,negative
disgusted/bored/im1192_2.png,negative
disgusted/bored/im1221.png,negative
disgusted/bored/im1279.png,negative
disgusted/bored/im1290.png,negative
disgusted/bored/im1324.png,negative
disgusted/bored/im1330.png,negative
disgusted/bored/im1331.png,negative
disgusted/bored/im1343_1.png,negative
disgusted/bored/im1418_2.png,negative
disgusted/bored/im1442.png,negative
disgusted/bored/im1444.png,negative
disgusted/bored/im1447.png,negative
disgusted/bored/im1470_1.png,negative
disgusted/bored/im1488_2.png,negative
disgusted/bored/im1493.png,negative
disgusted/bored/im1509.png,negative
disgusted/bored/im1525.png,negative
disgusted/bored/im1539_1.png,negative
disgusted/bored/im1542_1.png,negative
disgusted/bored/im1566_1.png,negative
disgusted/bored/im1653.png,negative
disgusted/bored/im1676.png,negative
disgusted/bored/im1678.png,negative
disgusted/bored/im1802.png,negative
disgusted/bored/im1805_2.png,negative
disgusted/bored/im1855.png,negative
disgusted/bored/im1867.png,negative
disgusted/bored/im1904.png,negative
disgusted/bored/im1944.png,negative
disgusted/bored/im1945.png,negative
disgusted/bored/im1951.png,negative
disgusted/bored/im2071.png,negative
disgusted/bored/im2074.png,negative
disgusted/bored/im2082.png,negative
disgusted/bored/im2089.png,negative
disgusted/bored/im2094.png,negative
disgusted/bored/im2142.png,negative
disgusted/bored/im2152.png,negative
disgusted/bored/im2189.png,negative
disgusted/bored/im2200.png,negative
disgusted/bored/im2242_2.png,negative
disgusted/bored/im2250_2.png,negative
disgusted/bored/im2273.png,negative
disgusted/bored/im2278.png,negative
disgusted/bored/im2346.png,negative
disgusted/bored/im2371.png,negative
disgusted/bored/im2375.png,negative
disgusted/bored/im2383.png,negative
disgusted/bored/im2418.png,negative
disgusted/bored/im2422_2.png,negative
disgusted/bored/im2450.png,negative
disgusted/bored/im2455.png,negative
disgusted/bored/im2619.png,negative
disgusted/bored/im2637.png,negative
disgusted/bored/im2645.png,negative
disgusted/bored/im2695.png,negative
disgusted/bored/im2735.png,negative
disgusted/bored/im2760.png,negative
disgusted/bored/im2825.png,negative
disgusted/bored/im2835.png,negative
disgusted/bored/im2904.png,negative
disgusted/bored/im2910.png,negative
disgusted/bored/im2915.png,negative
disgusted/bored/im2980.png,negative
disgusted/bored/im2982.png,negative
disgusted/bored/im3025.png,negative
disgusted/bored/im3055.png,negative
disgusted/bored/im3061.png,negative
disgusted/bored/im3100.png,negative
disgusted/bored/im3112.png,negative
disgusted/bored/im3133.png,negative
disgusted/bored/im3169.png,negative
disgusted/bored/im3170.png,negative
disgusted/bored/im3174.png,negative
disgusted/bored/im3244.png,negative
disgusted/bored/im3268.png,negative
disgusted/bored/im3300.png,negative
disgusted/bored/im3347.png,negative
disgusted/bored/im3502.png,negative
disgusted/bored/im3518.png,negative
disgusted/bored/im3544.png,negative
disgusted/bored/im3597.png,negative
disgusted/bored/im3672.png,negative
disgusted/bored/im3687.png,negative
disgusted/bored/im3704.png,negative
disgusted/bored/im3762.png,negative
disgusted/bored/im3769.png,negative
disgusted/bored/im3774.png,negative
disgusted/bored/im3779_2.png,negative
disgusted/bored/im3801.png,negative
disgusted/bored/im3821.png,negative
disgusted/bored/im3899.png,negative
disgusted/bored/im3907.png,negative
disgusted/bored/im3951_2.png,negative
disgusted/bored/im3955.png,negative
disgusted/bored/im3989.png,negative
disgusted/bored/im3992.png,negative
disgusted/bored/im4059.png,negative
disgusted/bored/im4131.png,negative
disgusted/bored/im4159.png,negative
disgusted/bored/im4263.png,negative
disgusted/bored/im4391.png,negative
disgusted/bored/im4435.png,negative
disgusted/bored/im4459.png,negative
disgusted/bored/im4462.png,negative
disgusted/bored/im4469.png,negative
disgusted/bored/im4484.png,negative
disgusted/bored/im4497.png,negative
disgusted/bored/im4498.png,negative
disgusted/bored/im4498_1.png,negative
disgusted/bored/im4506.png,negative
disgusted/bored/im4569_1.png,negative
disgusted/bored/im4575.png,negative
disgusted/bored/im4601.png,negative
disgusted/bored/im4617.png,negative
disgusted/bored/im4660.png,negative
disgusted/bored/im4703.png,negative
disgusted/bored/im4712.png,negative
disgusted/bored/im4720.png,negative
disgusted/bored/im4726.png,negative
disgusted/bored/im4774.png,negative
disgusted/bored/im4779.png,negative
disgusted/bored/im4799.png,negative
disgusted/bored/im4881.png,negative
disgusted/bored/im5089.png,negative
disgusted/contempt/affectnet_0035245.png,negative
disgusted/contempt/affectnet_0035283.png,negative
disgusted/contempt/affectnet_0035441.png,negative
disgusted/contempt/affectnet_0035531.png,negative
disgusted/contempt/affectnet_0035544.png,negative
disgusted/contempt/affectnet_0035556.png,negative
disgusted/contempt/affectnet_0035571.png,negative
disgusted/contempt/affectnet_0035815.png,negative
disgusted/contempt/affectnet_0035855.png,negative
disgusted/contempt/affectnet_0036077.png,negative
disgusted/contempt/affectnet_0036089.png,negative
disgusted/contempt/affectnet_0036229.png,negative
disgusted/contempt/affectnet_0036311.png,negative
disgusted/contempt/affectnet_0036380.png,negative
disgusted/contempt/affectnet_0036388.png,negative
disgusted/contempt/affectnet_0036440.png,negative
disgusted/contempt/affectnet_0036495.png,negative
disgusted/contempt/affectnet_0036507.png,negative
disgusted/contempt/affectnet_0036528.png,negative
disgusted/contempt/affectnet_0036584.png,negative
disgusted/contempt/affectnet_0036762.png,negative
disgusted/contempt/affectnet_0037043.png,negative
disgusted/contempt/affectnet_0037065.png,negative
disgusted/contempt/affectnet_0037096.png,negative
disgusted/contempt/affectnet_0037180.png,negative
disgusted/contempt/affectnet_0037286.png,negative
disgusted/contempt/affectnet_0037365.png,negative
disgusted/contempt/affectnet_0037440.png,negative
disgusted/contempt/affectnet_0037492.png,negative
disgusted/contempt/affectnet_0037541.png,negative
disgusted/contempt/affectnet_0037562.png,negative
disgusted/contempt/affectnet_0037578.png,negative
disgusted/contempt/affectnet_0037628.png,negative
disgusted/contempt/affectnet_0037634.png,negative
disgusted/contempt/affectnet_0037670.png,negative
disgusted/contempt/affectnet_0037785.png,negative
disgusted/contempt/affectnet_0037942.png,negative
disgusted/contempt/affectnet_0038042.png,negative
disgusted/contempt/affectnet_0038063.png,negative
disgusted/contempt/affectnet_0038065.png,negative
disgusted/contempt/affectnet_0038076.png,negative
disgusted/contempt/affectnet_0038112.png,negative
disgusted/contempt/affectnet_0038128.png,negative
disgusted/contempt/affectnet_0038144.png,negative
disgusted/contempt/affectnet_0038145.png,negative
disgusted/contempt/affectnet_0038150.png,negative
disgusted/contempt/affectnet_0038223.png,negative
disgusted/contempt/affectnet_0038303.png,negative
disgusted/contempt/affectnet_0038323.png,negative
disgusted/contempt/affectnet_0038340.png,negative
disgusted/contempt/affectnet_0038528.png,negative
disgusted/contempt/affectnet_0038552.png,negative
disgusted/contempt/affectnet_0038579.png,negative
disgusted/contempt/affectnet_0038624.png,negative
disgusted/contempt/affectnet_0038659.png,negative
disgusted/contempt/affectnet_0038696.png,negative
disgusted/contempt/affectnet_0038726.png,negative
disgusted/contempt/affectnet_0038753.png,negative
disgusted/contempt/affectnet_0038781.png,negative
disgusted/contempt/affectnet_0038790.png,negative
disgusted/contempt/affectnet_0038793.png,negative
disgusted/contempt/affectnet_0038820.png,negative
disgusted/contempt/affectnet_0038832.png,negative
disgusted/contempt/affectnet_0038863.png,negative
disgusted/contempt/affectnet_0038877.png,negative
disgusted/contempt/affectnet_0038881.png,negative
disgusted/contempt/affectnet_0039013.png,negative
disgusted/contempt/affectnet_0039096.png,negative
disgusted/contempt/affectnet_0039143.png,negative
disgusted/contempt/affectnet_0039191.png,negative
disgusted/contempt/affectnet_0039194.png,negative
disgusted/contempt/affectnet_0039226.png,negative
disgusted/contempt/affectnet_0039249.png,negative
disgusted/contempt/affectnet_0039263.png,negative
disgusted/contempt/affectnet_0039268.png,negative
disgusted/contempt/affectnet_0039274.png,negative
disgusted/contempt/affectnet_0039297.png,negative
disgusted/contempt/affectnet_0039391.png,negative
disgusted/contempt/affectnet_0039420.png,negative
disgusted/contempt/affectnet_0039453.png,negative
disgusted/contempt/affectnet_0039466.png,negative
disgusted/contempt/affectnet_0039467.png,negative
disgusted/contempt/affectnet_0039491.png,negative
disgusted/contempt/affectnet_0039496.png,negative
disgusted/contempt/affectnet_0039551.png,negative
disgusted/contempt/affectnet_0039604.png,negative
disgusted/contempt/affectnet_0039633.png,negative
disgusted/contempt/affectnet_0039634.png,negative
disgusted/contempt/affectnet_0039658.png,negative
disgusted/contempt/affectnet_0039705.png,negative
disgusted/contempt/affectnet_0039729.png,negative
disgusted/contempt/affectnet_0039733.png,negative
disgusted/contempt/affectnet_0039803.png,negative
disgusted/contempt/affectnet_0039804.png,negative
disgusted/contempt/affectnet_0039814.png,negative
disgusted/contempt/affectnet_0039827.png,negative
disgusted/contempt/affectnet_0039847.png,negative
disgusted/contempt/affectnet_0039894.png,negative
disgusted/contempt/affectnet_0039906.png,negative
disgusted/contempt/affectnet_0039917.png,negative
disgusted/contempt/affectnet_0039926.png,negative
disgusted/contempt/affectnet_0039930.png,negative
disgusted/contempt/affectnet_0039933.png,negative
disgusted/contempt/affectnet_0039975.png,negative
disgusted/contempt/affectnet_0039976.png,negative
disgusted/contempt/affectnet_0040023.png,negative
disgusted/contempt/affectnet_0040046.png,negative
disgusted/contempt/affectnet_0040065.png,negative
disgusted/contempt/affectnet_0040067.png,negative
disgusted/contempt/affectnet_0040163.png,negative
disgusted/contempt/affectnet_0040175.png,negative
disgusted/contempt/affectnet_0040190.png,negative
disgusted/contempt/affectnet_0040226.png,negative
disgusted/contempt/affectnet_0040239.png,negative
disgusted/contempt/affectnet_0040275.png,negative
disgusted/contempt/affectnet_0040311.png,negative
disgusted/contempt/affectnet_0040344.png,negative
disgusted/contempt/affectnet_0040350.png,negative
disgusted/contempt/affectnet_0040367.png,negative
disgusted/contempt/affectnet_0040376.png,negative
disgusted/contempt/affectnet_0040377.png,negative
disgusted/contempt/affectnet_0040391.png,negative
disgusted/contempt/affectnet_0040414.png,negative
disgusted/contempt/affectnet_0040428.png,negative
disgusted/contempt/affectnet_0040444.png,negative
disgusted/contempt/affectnet_0040454.png,negative
disgusted/contempt/affectnet_0040455.png,negative
disgusted/contempt/affectnet_0040484.png,negative
disgusted/contempt/affectnet_0040496.png,negative
disgusted/contempt/affectnet_0040502.png,negative
disgusted/contempt/affectnet_0040532.png,negative
disgusted/contempt/affectnet_0040590.png,negative
disgusted/contempt/affectnet_0040627.png,negative
disgusted/contempt/affectnet_0040649.png,negative
disgusted/contempt/affectnet_0040655.png,negative
disgusted/contempt/affectnet_0040673.png,negative
disgusted/contempt/affectnet_0040701.png,negative
disgusted/contempt/affectnet_0040706.png,negative
disgusted/contempt/affectnet_0040707.png,negative
disgusted/contempt/affectnet_0040730.png,negative
disgusted/contempt/affectnet_0040738.png,negative
disgusted/contempt/affectnet_0040855.png,negative
disgusted/contempt/affectnet_0040856.png,negative
disgusted/contempt/affectnet_0040858.png,negative
disgusted/contempt/affectnet_0040859.png,negative
disgusted/contempt/affectnet_0040881.png,negative
disgusted/contempt/affectnet_0040882.png,negative
disgusted/contempt/affectnet_0040883.png,negative
disgusted/contempt/affectnet_0040890.png,negative
disgusted/contempt/affectnet_0040896.png,negative
disgusted/contempt/affectnet_0040900.png,negative
disgusted/contempt/affectnet_0040921.png,negative
disgusted/contempt/affectnet_0040961.png,negative
disgusted/contempt/affectnet_0040963.png,negative
disgusted/contempt/affectnet_0040972.png,negative
disgusted/contempt/affectnet_0040973.png,negative
disgusted/contempt/affectnet_0040983.png,negative
disgusted/contempt/affectnet_0040985.png,negative
disgusted/contempt/affectnet_0040996.png,negative
disgusted/contempt/affectnet_0040998.png,negative
disgusted/contempt/affectnet_0041044.png,negative
disgusted/contempt/affectnet_0041046.png,negative
disgusted/contempt/affectnet_0041053.png,negative
disgusted/contempt/affectnet_0041066.png,negative
disgusted/contempt/affectnet_0041093.png,negative
disgusted/contempt/affectnet_0041103.png,negative
disgusted/contempt/affectnet_0041127.png,negative
disgusted/contempt/affectnet_0041142.png,negative
disgusted/contempt/affectnet_0041178.png,negative
disgusted/contempt/affectnet_0041181.png,negative
disgusted/contempt/affectnet_0041214.png,negative
disgusted/contempt/affectnet_0041221.png,negative
disgusted/contempt/affectnet_0041228.png,negative
disgusted/contempt/affectnet_0041238.png,negative
disgusted/contempt/affectnet_0041262.png,negative
disgusted/contempt/affectnet_0041287.png,negative
disgusted/contempt/affectnet_0041294.png,negative
disgusted/contempt/affectnet_0041296.png,negative
disgusted/contempt/affectnet_0041309.png,negative
disgusted/contempt/affectnet_0041336.png,negative
disgusted/contempt/affectnet_0041348.png,negative
disgusted/contempt/affectnet_0041351.png,negative
disgusted/contempt/affectnet_0041362.png,negative
disgusted/contempt/affectnet_0041384.png,negative
disgusted/contempt/affectnet_0041388.png,negative
disgusted/contempt/affectnet_0041389.png,negative
disgusted/contempt/affectnet_0041390.png,negative
disgusted/contempt/affectnet_0041393.png,negative
disgusted/contempt/affectnet_0041402.png,negative
disgusted/contempt/affectnet_0041406.png,negative
disgusted/contempt/affectnet_0041409.png,negative
disgusted/contempt/affectnet_0041417.png,negative
disgusted/contempt/affectnet_0041441.png,negative
disgusted/contempt/affectnet_0041442.png,negative
disgusted/contempt/affectnet_0041453.png,negative
disgusted/contempt/affectnet_0041479.png,negative
disgusted/contempt/affectnet_0041485.png,negative
disgusted/contempt/affectnet_0041499.png,negative
disgusted/contempt/affectnet_0041503.png,negative
disgusted/contempt/affectnet_0041508.png,negative
disgusted/contempt/affectnet_0041518.png,negative
disgusted/contempt/affectnet_0041523.png,negative
disgusted/contempt/affectnet_0041535.png,negative
disgusted/contempt/affectnet_0041539.png,negative
disgusted/contempt/affectnet_0041544.png,negative
disgusted/contempt/affectnet_0041551.png,negative
disgusted/contempt/affectnet_0041552.png,negative
disgusted/contempt/affectnet_0041603.png,negative
disgusted/contempt/affectnet_0041605.png,negative
disgusted/contempt/affectnet_0041617.png,negative
disgusted/contempt/affectnet_0041626.png,negative
disgusted/contempt/affectnet_0041645.png,negative
disgusted/contempt/affectnet_0041649.png,negative
disgusted/contempt/affectnet_0041673.png,negative
disgusted/contempt/affectnet_0041693.png,negative
disgusted/contempt/affectnet_0041697.png,negative
disgusted/contempt/affectnet_0041705.png,negative
disgusted/contempt/affectnet_0041724.png,negative
disgusted/contempt/affectnet_0041733.png,negative
disgusted/contempt/affectnet_0041761.png,negative
disgusted/contempt/affectnet_0041762.png,negative
disgusted/contempt/affectnet_0041799.png,negative
disgusted/contempt/affectnet_0041823.png,negative
disgusted/contempt/affectnet_0041867.png,negative
disgusted/contempt/affectnet_0041873.png,negative
disgusted/contempt/affectnet_0041893.png,negative
disgusted/contempt/affectnet_0041899.png,negative
disgusted/contempt/affectnet_0041901.png,negative
disgusted/contempt/affectnet_0041905.png,negative
disgusted/contempt/affectnet_0041907.png,negative
disgusted/contempt/affectnet_0041910.png,negative
disgusted/contempt/affectnet_0041919.png,negative
disgusted/contempt/affectnet_0042024.png,negative
disgusted/contempt/affectnet_0042096.png,negative
disgusted/contempt/affectnet_0042132.png,negative
disgusted/contempt/affectnet_0042154.png,negative
disgusted/contempt/affectnet_0042225.png,negative
disgusted/contempt/affectnet_0042245.png,negative
disgusted/contempt/affectnet_0042266.png,negative
disgusted/contempt/affectnet_0042270.png,negative
disgusted/contempt/affectnet_0042272.png,negative
disgusted/contempt/affectnet_0042274.png,negative
disgusted/contempt/affectnet_0042289.png,negative
disgusted/contempt/affectnet_0042292.png,negative
disgusted/contempt/affectnet_0042318.png,negative
disgusted/contempt/affectnet_0042328.png,negative
disgusted/contempt/affectnet_0042330.png,negative
disgusted/contempt/affectnet_0042348.png,negative
disgusted/contempt/affectnet_0042444.png,negative
disgusted/contempt/affectnet_0042525.png,negative
disgusted/contempt/im45_2.png,negative
disgusted/contempt/im91.png,negative
disgusted/contempt/im117.png,negative
disgusted/contempt/im131.png,negative
disgusted/contempt/im133.png,negative
disgusted/contempt/im166.png,negative
disgusted/contempt/im196.png,negative
disgusted/contempt/im229_2.png,negative
disgusted/contempt/im303.png,negative
disgusted/contempt/im356_2.png,negative
disgusted/contempt/im362.png,negative
disgusted/contempt/im380.png,negative
disgusted/contempt/im387_2.png,negative
disgusted/contempt/im392_2.png,negative
disgusted/contempt/im405_1.png,negative
disgusted/contempt/im441_1.png,negative
disgusted/contempt/im452_2.png,negative
disgusted/contempt/im488_1.png,negative
disgusted/contempt/im500_1.png,negative
disgusted/contempt/im557_2.png,negative
disgusted/contempt/im592.png,negative
disgusted/contempt/im624_2.png,negative
disgusted/contempt/im625.png,negative
disgusted/contempt/im627.png,negative
disgusted/contempt/im728.png,negative
disgusted/contempt/im729_1.png,negative
disgusted/contempt/im746.png,negative
disgusted/contempt/im770.png,negative
disgusted/contempt/im778.png,negative
disgusted/contempt/im793.png,negative
disgusted/contempt/im851.png,negative
disgusted/contempt/im866_2.png,negative
disgusted/contempt/im895.png,negative
disgusted/contempt/im895_1.png,negative
disgusted/contempt/im896.png,negative
disgusted/contempt/im899_1.png,negative
disgusted/contempt/im900.png,negative
disgusted/contempt/im957.png,negative
disgusted/contempt/im1005.png,negative
disgusted/contempt/im1032_1.png,negative
disgusted/contempt/im1035.png,negative
disgusted/contempt/im1057.png,negative
disgusted/contempt/im1058.png,negative
disgusted/contempt/im1062_1.png,negative
disgusted/contempt/im1064_2.png,negative
disgusted/contempt/im1077.png,negative
disgusted/contempt/im1111.png,negative
disgusted/contempt/im1144_1.png,negative
disgusted/contempt/im1216.png,negative
disgusted/contempt/im1234.png,negative
disgusted/contempt/im1279_2.png,negative
disgusted/contempt/im1311_2.png,negative
disgusted/contempt/im1321.png,negative
disgusted/contempt/im1334.png,negative
disgusted/contempt/im1392_1.png,negative
disgusted/contempt/im1415.png,negative
disgusted/contempt/im1490.png,negative
disgusted/contempt/im1519_1.png,negative
disgusted/contempt/im1525_1.png,negative
disgusted/contempt/im1527.png,negative
disgusted/contempt/im1531.png,negative
disgusted/contempt/im1569_1.png,negative
disgusted/contempt/im1571.png,negative
disgusted/contempt/im1575.png,negative
disgusted/contempt/im1579.png,negative
disgusted/contempt/im1600.png,negative
disgusted/contempt/im1600_1.png,negative
disgusted/contempt/im1613.png,negative
disgusted/contempt/im1623_2.png,negative
disgusted/contempt/im1642_1.png,negative
disgusted/contempt/im1684.png,negative
disgusted/contempt/im1695_2.png,negative
disgusted/contempt/im1705_1.png,negative
disgusted/contempt/im1766.png,negative
disgusted/contempt/im1818.png,negative
disgusted/contempt/im1826.png,negative
disgusted/contempt/im1845.png,negative
disgusted/contempt/im1875.png,negative
disgusted/contempt/im1894.png,negative
disgusted/contempt/im1911_2.png,negative
disgusted/contempt/im1921_2.png,negative
disgusted/contempt/im1925.png,negative
disgusted/contempt/im1984.png,negative
disgusted/contempt/im1986.png,negative
disgusted/contempt/im1991.png,negative
disgusted/contempt/im2057.png,negative
disgusted/contempt/im2063_1.png,negative
disgusted/contempt/im2117.png,negative
disgusted/contempt/im2139.png,negative
disgusted/contempt/im2211.png,negative
disgusted/contempt/im2248.png,negative
disgusted/contempt/im2248_1.png,negative
disgusted/contempt/im2257.png,negative
disgusted/contempt/im2269.png,negative
disgusted/contempt/im2356.png,negative
disgusted/contempt/im2434_1.png,negative
disgusted/contempt/im2489.png,negative
disgusted/contempt/im2493_2.png,negative
disgusted/contempt/im2497.png,negative
disgusted/contempt/im2525.png,negative
disgusted/contempt/im2540_2.png,negative
disgusted/contempt/im2557.png,negative
disgusted/contempt/im2662.png,negative
disgusted/contempt/im2665_1.png,negative
disgusted/contempt/im2709.png,negative
disgusted/contempt/im2722.png,negative
disgusted/contempt/im2834.png,negative
disgusted/contempt/im2854.png,negative
disgusted/contempt/im2925.png,negative
disgusted/contempt/im2938_2.png,negative
disgusted/contempt/im2993.png,negative
disgusted/contempt/im2995.png,negative
disgusted/contempt/im3004_2.png,negative
disgusted/contempt/im3020.png,negative
disgusted/contempt/im3050.png,negative
disgusted/contempt/im3055.png,negative
disgusted/contempt/im3127.png,negative
disgusted/contempt/im3162.png,negative
disgusted/contempt/im3196_2.png,negative
disgusted/contempt/im3198.png,negative
disgusted/contempt/im3243.png,negative
disgusted/contempt/im3320_1.png,negative
disgusted/contempt/im3423.png,negative
disgusted/contempt/im3425_2.png,negative
disgusted/contempt/im3436_2.png,negative
disgusted/contempt/im3456.png,negative
disgusted/contempt/im3463.png,negative
disgusted/contempt/im3513.png,negative
disgusted/contempt/im3519_1.png,negative
disgusted/contempt/im3560.png,negative
disgusted/contempt/im3591.png,negative
disgusted/contempt/im3645.png,negative
disgusted/contempt/im3702.png,negative
disgusted/contempt/im3775_2.png,negative
disgusted/contempt/im3788_1.png,negative
disgusted/contempt/im3832.png,negative
disgusted/contempt/im3939.png,negative
disgusted/contempt/im3947_1.png,negative
disgusted/contempt/im3952_2.png,negative
disgusted/contempt/im3953.png,negative
disgusted/contempt/im3956.png,negative
disgusted/contempt/im4171.png,negative
disgusted/contempt/im4408_1.png,negative
disgusted/contempt/im4497_1.png,negative
disgusted/contempt/im4503_1.png,negative
disgusted/contempt/im4620_1.png,negative
disgusted/contempt/im4842_1.png,negative
disgusted/contempt/im4912.png,negative
disgusted/contempt/im6049.png,negative
disgusted/contempt/im6878.png,negative
disgusted/contempt/im7206.png,negative
disgusted/contempt/im_new_5.png,negative
disgusted/contempt/im_new_6.png,negative
disgusted/contempt/im_new_7.png,negative
disgusted/contempt/im_new_8.png,negative
disgusted/contempt/im_new_9.png,negative
disgusted/contempt/im_new_10.png,negative
disgusted/contempt/im_new_11.png,negative
disgusted/contempt/im_new_12.png,negative
disgusted/contempt/im_new_13.png,negative
disgusted/disapproval/affectnet_0035843.png,negative
disgusted/disapproval/affectnet_0035989.png,negative
disgusted/disapproval/affectnet_0036033.png,negative
disgusted/disapproval/affectnet_0036040.png,negative
disgusted/disapproval/affectnet_0036055.png,negative
disgusted/disapproval/affectnet_0036057.png,negative
disgusted/disapproval/affectnet_0036101.png,negative
disgusted/disapproval/affectnet_0036103.png,negative
disgusted/disapproval/affectnet_0036153.png,negative
disgusted/disapproval/affectnet_0036238.png,negative
disgusted/disapproval/affectnet_0036255.png,negative
disgusted/disapproval/affectnet_0036337.png,negative
disgusted/disapproval/affectnet_0036433.png,negative
disgusted/disapproval/affectnet_0036512.png,negative
disgusted/disapproval/affectnet_0036668.png,negative
disgusted/disapproval/affectnet_0036685.png,negative
disgusted/disapproval/affectnet_0036725.png,negative
disgusted/disapproval/affectnet_0036769.png,negative
disgusted/disapproval/affectnet_0036803.png,negative
disgusted/disapproval/affectnet_0036909.png,negative
disgusted/disapproval/affectnet_0037068.png,negative
disgusted/disapproval/affectnet_0037084.png,negative
disgusted/disapproval/affectnet_0037097.png,negative
disgusted/disapproval/affectnet_0037126.png,negative
disgusted/disapproval/affectnet_0037140.png,negative
disgusted/disapproval/affectnet_0037175.png,negative
disgusted/disapproval/affectnet_0037187.png,negative
disgusted/disapproval/affectnet_0037221.png,negative
disgusted/disapproval/affectnet_0037390.png,negative
disgusted/disapproval/affectnet_0037400.png,negative
disgusted/disapproval/affectnet_0037475.png,negative
disgusted/disapproval/affectnet_0037545.png,negative
disgusted/disapproval/affectnet_0037581.png,negative
disgusted/disapproval/affectnet_0037583.png,negative
disgusted/disapproval/affectnet_0037626.png,negative
disgusted/disapproval/affectnet_0037648.png,negative
disgusted/disapproval/affectnet_0037658.png,negative
disgusted/disapproval/affectnet_0037680.png,negative
disgusted/disapproval/affectnet_0037697.png,negative
disgusted/disapproval/affectnet_0037717.png,negative
disgusted/disapproval/affectnet_0037782.png,negative
disgusted/disapproval/affectnet_0037876.png,negative
disgusted/disapproval/affectnet_0037887.png,negative
disgusted/disapproval/affectnet_0037957.png,negative
disgusted/disapproval/affectnet_0037962.png,negative
disgusted/disapproval/affectnet_0038085.png,negative
disgusted/disapproval/affectnet_0038180.png,negative
disgusted/disapproval/affectnet_0038253.png,negative
disgusted/disapproval/affectnet_0038268.png,negative
disgusted/disapproval/affectnet_0038284.png,negative
disgusted/disapproval/affectnet_0038295.png,negative
disgusted/disapproval/affectnet_0038296.png,negative
disgusted/disapproval/affectnet_0038331.png,negative
disgusted/disapproval/affectnet_0038346.png,negative
disgusted/disapproval/affectnet_0038555.png,negative
disgusted/disapproval/affectnet_0038568.png,negative
disgusted/disapproval/affectnet_0038570.png,negative
disgusted/disapproval/affectnet_0038572.png,negative
disgusted/disapproval/affectnet_0038615.png,negative
disgusted/disapproval/affectnet_0038623.png,negative
disgusted/disapproval/affectnet_0038634.png,negative
disgusted/disapproval/affectnet_0038654.png,negative
disgusted/disapproval/affectnet_0038676.png,negative
disgusted/disapproval/affectnet_0038683.png,negative
disgusted/disapproval/affectnet_0038690.png,negative
disgusted/disapproval/affectnet_0038699.png,negative
disgusted/disapproval/affectnet_0038731.png,negative
disgusted/disapproval/affectnet_0038743.png,negative
disgusted/disapproval/affectnet_0038799.png,negative
disgusted/disapproval/affectnet_0038835.png,negative
disgusted/disapproval/affectnet_0038838.png,negative
disgusted/disapproval/affectnet_0038841.png,negative
disgusted/disapproval/affectnet_0038846.png,negative
disgusted/disapproval/affectnet_0038847.png,negative
disgusted/disapproval/affectnet_0038855.png,negative
disgusted/disapproval/affectnet_0038868.png,negative
disgusted/disapproval/affectnet_0038914.png,negative
disgusted/disapproval/affectnet_0038950.png,negative
disgusted/disapproval/affectnet_0038955.png,negative
disgusted/disapproval/affectnet_0038978.png,negative
disgusted/disapproval/affectnet_0038980.png,negative
disgusted/disapproval/affectnet_0039012.png,negative
disgusted/disapproval/affectnet_0039070.png,negative
disgusted/disapproval/affectnet_0039072.png,negative
disgusted/disapproval/affectnet_0039088.png,negative
disgusted/disapproval/affectnet_0039101.png,negative
disgusted/disapproval/affectnet_0039115.png,negative
disgusted/disapproval/affectnet_0039128.png,negative
disgusted/disapproval/affectnet_0039140.png,negative
disgusted/disapproval/affectnet_0039159.png,negative
disgusted/disapproval/affectnet_0039222.png,negative
disgusted/disapproval/affectnet_0039228.png,negative
disgusted/disapproval/affectnet_0039348.png,negative
disgusted/disapproval/affectnet_0039361.png,negative
disgusted/disapproval/affectnet_0039368.png,negative
disgusted/disapproval/affectnet_0039378.png,negative
disgusted/disapproval/affectnet_0039384.png,negative
disgusted/disapproval/affectnet_0039385.png,negative
disgusted/disapproval/affectnet_0039386.png,negative
disgusted/disapproval/affectnet_0039405.png,negative
disgusted/disapproval/affectnet_0039416.png,negative
disgusted/disapproval/affectnet_0039418.png,negative
disgusted/disapproval/affectnet_0039478.png,negative
disgusted/disapproval/affectnet_0039500.png,negative
disgusted/disapproval/affectnet_0039510.png,negative
disgusted/disapproval/affectnet_0039528.png,negative
disgusted/disapproval/affectnet_0039529.png,negative
disgusted/disapproval/affectnet_0039575.png,negative
disgusted/disapproval/affectnet_0039612.png,negative
disgusted/disapproval/affectnet_0039629.png,negative
disgusted/disapproval/affectnet_0039679.png,negative
disgusted/disapproval/affectnet_0039684.png,negative
disgusted/disapproval/affectnet_0039701.png,negative
disgusted/disapproval/affectnet_0039704.png,negative
disgusted/disapproval/affectnet_0039708.png,negative
disgusted/disapproval/affectnet_0039787.png,negative
disgusted/disapproval/affectnet_0039793.png,negative
disgusted/disapproval/affectnet_0039823.png,negative
disgusted/disapproval/affectnet_0039897.png,negative
disgusted/disapproval/affectnet_0039966.png,negative
disgusted/disapproval/affectnet_0039995.png,negative
disgusted/disapproval/affectnet_0040005.png,negative
disgusted/disapproval/affectnet_0040016.png,negative
disgusted/disapproval/affectnet_0040030.png,negative
disgusted/disapproval/affectnet_0040053.png,negative
disgusted/disapproval/affectnet_0040071.png,negative
disgusted/disapproval/affectnet_0040088.png,negative
disgusted/disapproval/affectnet_0040123.png,negative
disgusted/disapproval/affectnet_0040126.png,negative
disgusted/disapproval/affectnet_0040198.png,negative
disgusted/disapproval/affectnet_0040228.png,negative
disgusted/disapproval/affectnet_0040233.png,negative
disgusted/disapproval/affectnet_0040242.png,negative
disgusted/disapproval/affectnet_0040243.png,negative
disgusted/disapproval/affectnet_0040246.png,negative
disgusted/disapproval/affectnet_0040256.png,negative
disgusted/disapproval/affectnet_0040271.png,negative
disgusted/disapproval/affectnet_0040277.png,negative
disgusted/disapproval/affectnet_0040291.png,negative
disgusted/disapproval/affectnet_0040294.png,negative
disgusted/disapproval/affectnet_0040319.png,negative
disgusted/disapproval/affectnet_0040338.png,negative
disgusted/disapproval/affectnet_0040411.png,negative
disgusted/disapproval/affectnet_0040413.png,negative
disgusted/disapproval/affectnet_0040445.png,negative
disgusted/disapproval/affectnet_0040457.png,negative
disgusted/disapproval/affectnet_0040459.png,negative
disgusted/disapproval/affectnet_0040500.png,negative
disgusted/disapproval/affectnet_0040509.png,negative
disgusted/disapproval/affectnet_0040523.png,negative
disgusted/disapproval/affectnet_0040552.png,negative
disgusted/disapproval/affectnet_0040575.png,negative
disgusted/disapproval/affectnet_0040591.png,negative
disgusted/disapproval/affectnet_0040635.png,negative
disgusted/disapproval/affectnet_0040636.png,negative
disgusted/disapproval/affectnet_0040648.png,negative
disgusted/disapproval/affectnet_0040679.png,negative
disgusted/disapproval/affectnet_0040714.png,negative
disgusted/disapproval/affectnet_0040716.png,negative
disgusted/disapproval/affectnet_0040754.png,negative
disgusted/disapproval/affectnet_0040760.png,negative
disgusted/disapproval/affectnet_0040765.png,negative
disgusted/disapproval/affectnet_0040766.png,negative
disgusted/disapproval/affectnet_0040771.png,negative
disgusted/disapproval/affectnet_0040775.png,negative
disgusted/disapproval/affectnet_0040818.png,negative
disgusted/disapproval/affectnet_0040850.png,negative
disgusted/disapproval/affectnet_0040851.png,negative
disgusted/disapproval/affectnet_0040862.png,negative
disgusted/disapproval/affectnet_0040879.png,negative
disgusted/disapproval/affectnet_0040940.png,negative
disgusted/disapproval/affectnet_0040947.png,negative
disgusted/disapproval/affectnet_0040968.png,negative
disgusted/disapproval/affectnet_0040982.png,negative
disgusted/disapproval/affectnet_0041001.png,negative
disgusted/disapproval/affectnet_0041015.png,negative
disgusted/disapproval/affectnet_0041016.png,negative
disgusted/disapproval/affectnet_0041028.png,negative
disgusted/disapproval/affectnet_0041035.png,negative
disgusted/disapproval/affectnet_0041038.png,negative
disgusted/disapproval/affectnet_0041043.png,negative
disgusted/disapproval/affectnet_0041057.png,negative
disgusted/disapproval/affectnet_0041095.png,negative
disgusted/disapproval/affectnet_0041102.png,negative
disgusted/disapproval/affectnet_0041121.png,negative
disgusted/disapproval/affectnet_0041124.png,negative
disgusted/disapproval/affectnet_0041137.png,negative
disgusted/disapproval/affectnet_0041201.png,negative
disgusted/disapproval/affectnet_0041203.png,negative
disgusted/disapproval/affectnet_0041213.png,negative
disgusted/disapproval/affectnet_0041215.png,negative
disgusted/disapproval/affectnet_0041230.png,negative
disgusted/disapproval/affectnet_0041237.png,negative
disgusted/disapproval/affectnet_0041240.png,negative
disgusted/disapproval/affectnet_0041258.png,negative
disgusted/disapproval/affectnet_0041282.png,negative
disgusted/disapproval/affectnet_0041302.png,negative
disgusted/disapproval/affectnet_0041317.png,negative
disgusted/disapproval/affectnet_0041326.png,negative
disgusted/disapproval/affectnet_0041331.png,negative
disgusted/disapproval/affectnet_0041337.png,negative
disgusted/disapproval/affectnet_0041353.png,negative
disgusted/disapproval/affectnet_0041354.png,negative
disgusted/disapproval/affectnet_0041375.png,negative
disgusted/disapproval/affectnet_0041392.png,negative
disgusted/disapproval/affectnet_0041410.png,negative
disgusted/disapproval/affectnet_0041422.png,negative
disgusted/disapproval/affectnet_0041430.png,negative
disgusted/disapproval/affectnet_0041431.png,negative
disgusted/disapproval/affectnet_0041452.png,negative
disgusted/disapproval/affectnet_0041483.png,negative
disgusted/disapproval/affectnet_0041488.png,negative
disgusted/disapproval/affectnet_0041531.png,negative
disgusted/disapproval/affectnet_0041533.png,negative
disgusted/disapproval/affectnet_0041545.png,negative
disgusted/disapproval/affectnet_0041568.png,negative
disgusted/disapproval/affectnet_0041584.png,negative
disgusted/disapproval/affectnet_0041585.png,negative
disgusted/disapproval/affectnet_0041658.png,negative
disgusted/disapproval/affectnet_0041660.png,negative
disgusted/disapproval/affectnet_0041664.png,negative
disgusted/disapproval/affectnet_0041665.png,negative
disgusted/disapproval/affectnet_0041668.png,negative
disgusted/disapproval/affectnet_0041672.png,negative
disgusted/disapproval/affectnet_0041690.png,negative
disgusted/disapproval/affectnet_0041734.png,negative
disgusted/disapproval/affectnet_0041737.png,negative
disgusted/disapproval/affectnet_0041750.png,negative
disgusted/disapproval/affectnet_0041775.png,negative
disgusted/disapproval/affectnet_0041796.png,negative
disgusted/disapproval/affectnet_0041847.png,negative
disgusted/disapproval/affectnet_0041849.png,negative
disgusted/disapproval/affectnet_0041872.png,negative
disgusted/disapproval/affectnet_0041875.png,negative
disgusted/disapproval/affectnet_0041892.png,negative
disgusted/disapproval/affectnet_0041896.png,negative
disgusted/disapproval/affectnet_0041909.png,negative
disgusted/disapproval/affectnet_0041922.png,negative
disgusted/disapproval/affectnet_0041927.png,negative
disgusted/disapproval/affectnet_0041993.png,negative
disgusted/disapproval/affectnet_0042019.png,negative
disgusted/disapproval/affectnet_0042039.png,negative
disgusted/disapproval/affectnet_0042076.png,negative
disgusted/disapproval/affectnet_0042090.png,negative
disgusted/disapproval/affectnet_0042095.png,negative
disgusted/disapproval/affectnet_0042121.png,negative
disgusted/disapproval/affectnet_0042164.png,negative
disgusted/disapproval/affectnet_0042172.png,negative
disgusted/disapproval/affectnet_0042193.png,negative
disgusted/disapproval/affectnet_0042217.png,negative
disgusted/disapproval/affectnet_0042235.png,negative
disgusted/disapproval/affectnet_0042263.png,negative
disgusted/disapproval/affectnet_0042265.png,negative
disgusted/disapproval/affectnet_0042288.png,negative
disgusted/disapproval/affectnet_0042314.png,negative
disgusted/disapproval/affectnet_0042353.png,negative
disgusted/disapproval/affectnet_0042354.png,negative
disgusted/disapproval/affectnet_0042362.png,negative
disgusted/disapproval/affectnet_0042372.png,negative
disgusted/disapproval/affectnet_0042395.png,negative
disgusted/disapproval/affectnet_0042398.png,negative
disgusted/disapproval/affectnet_0042400.png,negative
disgusted/disapproval/affectnet_0042408.png,negative
disgusted/disapproval/affectnet_0042414.png,negative
disgusted/disapproval/affectnet_0042423.png,negative
disgusted/disapproval/affectnet_0042443.png,negative
disgusted/disapproval/affectnet_0042446.png,negative
disgusted/disapproval/affectnet_0042463.png,negative
disgusted/disapproval/affectnet_0042468.png,negative
disgusted/disapproval/affectnet_0042479.png,negative
disgusted/disapproval/affectnet_0042480.png,negative
disgusted/disapproval/affectnet_0042505.png,negative
disgusted/disapproval/affectnet_0042511.png,negative
disgusted/disapproval/affectnet_0042547.png,negative
disgusted/disapproval/im2.png,negative
disgusted/disapproval/im9_2.png,negative
disgusted/disapproval/im16.png,negative
disgusted/disapproval/im35.png,negative
disgusted/disapproval/im40.png,negative
disgusted/disapproval/im43.png,negative
disgusted/disapproval/im47.png,negative
disgusted/disapproval/im48.png,negative
disgusted/disapproval/im51.png,negative
disgusted/disapproval/im61.png,negative
disgusted/disapproval/im71.png,negative
disgusted/disapproval/im71_1.png,negative
disgusted/disapproval/im83.png,negative
disgusted/disapproval/im95.png,negative
disgusted/disapproval/im98.png,negative
disgusted/disapproval/im102.png,negative
disgusted/disapproval/im104_2.png,negative
disgusted/disapproval/im112.png,negative
disgusted/disapproval/im122.png,negative
disgusted/disapproval/im132.png,negative
disgusted/disapproval/im134.png,negative
disgusted/disapproval/im135.png,negative
disgusted/disapproval/im135_1.png,negative
disgusted/disapproval/im137.png,negative
disgusted/disapproval/im137_1.png,negative
disgusted/disapproval/im150.png,negative
disgusted/disapproval/im156.png,negative
disgusted/disapproval/im171.png,negative
disgusted/disapproval/im180.png,negative
disgusted/disapproval/im184_1.png,negative
disgusted/disapproval/im230_1.png,negative
disgusted/disapproval/im230_2.png,negative
disgusted/disapproval/im234.png,negative
disgusted/disapproval/im243_2_1.png,negative
disgusted/disapproval/im299.png,negative
disgusted/disapproval/im308.png,negative
disgusted/disapproval/im320.png,negative
disgusted/disapproval/im333_2.png,negative
disgusted/disapproval/im355.png,negative
disgusted/disapproval/im365.png,negative
disgusted/disapproval/im371.png,negative
disgusted/disapproval/im387_2.png,negative
disgusted/disapproval/im399_2.png,negative
disgusted/disapproval/im406_1.png,negative
disgusted/disapproval/im419.png,negative
disgusted/disapproval/im446_2_1.png,negative
disgusted/disapproval/im448.png,negative
disgusted/disapproval/im451.png,negative
disgusted/disapproval/im515.png,negative
disgusted/disapproval/im520_2.png,negative
disgusted/disapproval/im522.png,negative
disgusted/disapproval/im523_2.png,negative
disgusted/disapproval/im525.png,negative
disgusted/disapproval/im526.png,negative
disgusted/disapproval/im560_2.png,negative
disgusted/disapproval/im578.png,negative
disgusted/disapproval/im589.png,negative
disgusted/disapproval/im592.png,negative
disgusted/disapproval/im595.png,negative
disgusted/disapproval/im597.png,negative
disgusted/disapproval/im599.png,negative
disgusted/disapproval/im600_2.png,negative
disgusted/disapproval/im610.png,negative
disgusted/disapproval/im612.png,negative
disgusted/disapproval/im614_2.png,negative
disgusted/disapproval/im616_2.png,negative
disgusted/disapproval/im621_1.png,negative
disgusted/disapproval/im631_2.png,negative
disgusted/disapproval/im643.png,negative
disgusted/disapproval/im646.png,negative
disgusted/disapproval/im661_1.png,negative
disgusted/disapproval/im731_1.png,negative
disgusted/disapproval/im737_1.png,negative
disgusted/disapproval/im753_2.png,negative
disgusted/disapproval/im757.png,negative
disgusted/disapproval/im776_2.png,negative
disgusted/disapproval/im788_2.png,negative
disgusted/disapproval/im806_1.png,negative
disgusted/disapproval/im859.png,negative
disgusted/disapproval/im882.png,negative
disgusted/disapproval/im885.png,negative
disgusted/disapproval/im905.png,negative
disgusted/disapproval/im905_1.png,negative
disgusted/disapproval/im951.png,negative
disgusted/disapproval/im954.png,negative
disgusted/disapproval/im959_2.png,negative
disgusted/disapproval/im967_1.png,negative
disgusted/disapproval/im980_1.png,negative
disgusted/disapproval/im1008_2.png,negative
disgusted/disapproval/im1016.png,negative
disgusted/disapproval/im1017.png,negative
disgusted/disapproval/im1024.png,negative
disgusted/disapproval/im1032.png,negative
disgusted/disapproval/im1041_2.png,negative
disgusted/disapproval/im1048.png,negative
disgusted/disapproval/im1055_2.png,negative
disgusted/disapproval/im1060.png,negative
disgusted/disapproval/im1061.png,negative
disgusted/disapproval/im1072_2.png,negative
disgusted/disapproval/im1078_1.png,negative
disgusted/disapproval/im1103.png,negative
disgusted/disapproval/im1135.png,negative
disgusted/disapproval/im1136.png,negative
disgusted/disapproval/im1143.png,negative
disgusted/disapproval/im1148.png,negative
disgusted/disapproval/im1151.png,negative
disgusted/disapproval/im1160.png,negative
disgusted/disapproval/im1187.png,negative
disgusted/disapproval/im1226.png,negative
disgusted/disapproval/im1228.png,negative
disgusted/disapproval/im1229.png,negative
disgusted/disapproval/im1230.png,negative
disgusted/disapproval/im1259.png,negative
disgusted/disapproval/im1302.png,negative
disgusted/disapproval/im1315.png,negative
disgusted/disapproval/im1319.png,negative
disgusted/disapproval/im1328.png,negative
disgusted/disapproval/im1330_2.png,negative
disgusted/disapproval/im1334.png,negative
disgusted/disapproval/im1339_2.png,negative
disgusted/disapproval/im1340.png,negative
disgusted/disapproval/im1341_1.png,negative
disgusted/disapproval/im1345.png,negative
disgusted/disapproval/im1354.png,negative
disgusted/disapproval/im1356.png,negative
disgusted/disapproval/im1368.png,negative
disgusted/disapproval/im1374_2.png,negative
disgusted/disapproval/im1386.png,negative
disgusted/disapproval/im1397.png,negative
disgusted/disapproval/im1400.png,negative
disgusted/disapproval/im1419.png,negative
disgusted/disapproval/im1440.png,negative
disgusted/disapproval/im1444_2.png,negative
disgusted/disapproval/im1474.png,negative
disgusted/disapproval/im1500_2.png,negative
disgusted/disapproval/im1504.png,negative
disgusted/disapproval/im1516.png,negative
disgusted/disapproval/im1518_2.png,negative
disgusted/disapproval/im1523_2.png,negative
disgusted/disapproval/im1532.png,negative
disgusted/disapproval/im1564.png,negative
disgusted/disapproval/im1573.png,negative
disgusted/disapproval/im1585_2.png,negative
disgusted/disapproval/im1607.png,negative
disgusted/disapproval/im1614.png,negative
disgusted/disapproval/im1622_1.png,negative
disgusted/disapproval/im1646_2.png,negative
disgusted/disapproval/im1715.png,negative
disgusted/disapproval/im1716.png,negative
disgusted/disapproval/im1723.png,negative
disgusted/disapproval/im1730.png,negative
disgusted/disapproval/im1745.png,negative
disgusted/disapproval/im1762_2.png,negative
disgusted/disapproval/im1763_1.png,negative
disgusted/disapproval/im1763_2_1.png,negative
disgusted/disapproval/im1771.png,negative
disgusted/disapproval/im1837_2.png,negative
disgusted/disapproval/im1848_2.png,negative
disgusted/disapproval/im1869.png,negative
disgusted/disapproval/im1873_2.png,negative
disgusted/disapproval/im1874.png,negative
disgusted/disapproval/im1881.png,negative
disgusted/disapproval/im1897.png,negative
disgusted/disapproval/im1902.png,negative
disgusted/disapproval/im1904.png,negative
disgusted/disapproval/im1928.png,negative
disgusted/disapproval/im1939.png,negative
disgusted/disapproval/im1952.png,negative
disgusted/disapproval/im1968.png,negative
disgusted/disapproval/im1977.png,negative
disgusted/disapproval/im1981_2.png,negative
disgusted/disapproval/im1983_2.png,negative
disgusted/disapproval/im1998_2.png,negative
disgusted/disapproval/im2030.png,negative
disgusted/disapproval/im2051.png,negative
disgusted/disapproval/im2054_1.png,negative
disgusted/disapproval/im2058.png,negative
disgusted/disapproval/im2080.png,negative
disgusted/disapproval/im2083_2.png,negative
disgusted/disapproval/im2087.png,negative
disgusted/disapproval/im2092.png,negative
disgusted/disapproval/im2103.png,negative
disgusted/disapproval/im2109.png,negative
disgusted/disapproval/im2113.png,negative
disgusted/disapproval/im2119.png,negative
disgusted/disapproval/im2128.png,negative
disgusted/disapproval/im2130.png,negative
disgusted/disapproval/im2137.png,negative
disgusted/disapproval/im2142_2.png,negative
disgusted/disapproval/im2143_2.png,negative
disgusted/disapproval/im2151_1.png,negative
disgusted/disapproval/im2153.png,negative
disgusted/disapproval/im2164_1.png,negative
disgusted/disapproval/im2165.png,negative
disgusted/disapproval/im2167.png,negative
disgusted/disapproval/im2170_2.png,negative
disgusted/disapproval/im2171_2.png,negative
disgusted/disapproval/im2187_1.png,negative
disgusted/disapproval/im2188.png,negative
disgusted/disapproval/im2197_2.png,negative
disgusted/disapproval/im2207.png,negative
disgusted/disapproval/im2216.png,negative
disgusted/disapproval/im2222.png,negative
disgusted/disapproval/im2227.png,negative
disgusted/disapproval/im2228_1.png,negative
disgusted/disapproval/im2235.png,negative
disgusted/disapproval/im2243.png,negative
disgusted/disapproval/im2250.png,negative
disgusted/disapproval/im2256_2.png,negative
disgusted/disapproval/im2262.png,negative
disgusted/disapproval/im2271_2.png,negative
disgusted/disapproval/im2282_2.png,negative
disgusted/disapproval/im2287_2.png,negative
disgusted/disapproval/im2288.png,negative
disgusted/disapproval/im2292.png,negative
disgusted/disapproval/im2293.png,negative
disgusted/disapproval/im2298_2.png,negative
disgusted/disapproval/im2302.png,negative
disgusted/disapproval/im2315.png,negative
disgusted/disapproval/im2318_2.png,negative
disgusted/disapproval/im2346.png,negative
disgusted/disapproval/im2348_1.png,negative
disgusted/disapproval/im2352.png,negative
disgusted/disapproval/im2353_1.png,negative
disgusted/disapproval/im2358.png,negative
disgusted/disapproval/im2366_2.png,negative
disgusted/disapproval/im2411.png,negative
disgusted/disapproval/im2420.png,negative
disgusted/disapproval/im2420_1.png,negative
disgusted/disapproval/im2425_2.png,negative
disgusted/disapproval/im2434.png,negative
disgusted/disapproval/im2472.png,negative
disgusted/disapproval/im2472_2.png,negative
disgusted/disapproval/im2492_2.png,negative
disgusted/disapproval/im2497.png,negative
disgusted/disapproval/im2510.png,negative
disgusted/disapproval/im2515_1.png,negative
disgusted/disapproval/im2520.png,negative
disgusted/disapproval/im2522_2.png,negative
disgusted/disapproval/im2527_2.png,negative
disgusted/disapproval/im2568.png,negative
disgusted/disapproval/im2574_1.png,negative
disgusted/disapproval/im2588.png,negative
disgusted/disapproval/im2591_2.png,negative
disgusted/disapproval/im2601.png,negative
disgusted/disapproval/im2608.png,negative
disgusted/disapproval/im2631.png,negative
disgusted/disapproval/im2642.png,negative
disgusted/disapproval/im2645.png,negative
disgusted/disapproval/im2663.png,negative
disgusted/disapproval/im2668.png,negative
disgusted/disapproval/im2686_1.png,negative
disgusted/disapproval/im2692.png,negative
disgusted/disapproval/im2699.png,negative
disgusted/disapproval/im2704_2_1.png,negative
disgusted/disapproval/im2707.png,negative
disgusted/disapproval/im2708.png,negative
disgusted/disapproval/im2711.png,negative
disgusted/disapproval/im2729.png,negative
disgusted/disapproval/im2729_2.png,negative
disgusted/disapproval/im2734.png,negative
disgusted/disapproval/im2740_2.png,negative
disgusted/disapproval/im2745.png,negative
disgusted/disapproval/im2787_2.png,negative
disgusted/disapproval/im2791.png,negative
disgusted/disapproval/im2791_1.png,negative
disgusted/disapproval/im2823.png,negative
disgusted/disapproval/im2847_2.png,negative
disgusted/disapproval/im2850.png,negative
disgusted/disapproval/im2860_1.png,negative
disgusted/disapproval/im2869.png,negative
disgusted/disapproval/im2901_2.png,negative
disgusted/disapproval/im2906_2.png,negative
disgusted/disapproval/im2911_2.png,negative
disgusted/disapproval/im2913.png,negative
disgusted/disapproval/im2919.png,negative
disgusted/disapproval/im2919_1.png,negative
disgusted/disapproval/im2950.png,negative
disgusted/disapproval/im2970.png,negative
disgusted/disapproval/im3002_1.png,negative
disgusted/disapproval/im3002_2.png,negative
disgusted/disapproval/im3005_2.png,negative
disgusted/disapproval/im3006.png,negative
disgusted/disapproval/im3012.png,negative
disgusted/disapproval/im3013.png,negative
disgusted/disapproval/im3024.png,negative
disgusted/disapproval/im3026.png,negative
disgusted/disapproval/im3040.png,negative
disgusted/disapproval/im3050_1.png,negative
disgusted/disapproval/im3052_2.png,negative
disgusted/disapproval/im3066.png,negative
disgusted/disapproval/im3067_2.png,negative
disgusted/disapproval/im3069.png,negative
disgusted/disapproval/im3070.png,negative
disgusted/disapproval/im3074.png,negative
disgusted/disapproval/im3079.png,negative
disgusted/disapproval/im3082.png,negative
disgusted/disapproval/im3104_2.png,negative
disgusted/disapproval/im3113.png,negative
disgusted/disapproval/im3119.png,negative
disgusted/disapproval/im3120_1.png,negative
disgusted/disapproval/im3132_2.png,negative
disgusted/disapproval/im3143.png,negative
disgusted/disapproval/im3144_2.png,negative
disgusted/disapproval/im3149.png,negative
disgusted/disapproval/im3149_1.png,negative
disgusted/disapproval/im3154.png,negative
disgusted/disapproval/im3164.png,negative
disgusted/disapproval/im3164_1.png,negative
disgusted/disapproval/im3166.png,negative
disgusted/disapproval/im3184.png,negative
disgusted/disapproval/im3191_2.png,negative
disgusted/disapproval/im3195_1.png,negative
disgusted/disapproval/im3198.png,negative
disgusted/disapproval/im3201.png,negative
disgusted/disapproval/im3203.png,negative
disgusted/disapproval/im3252.png,negative
disgusted/disapproval/im3261.png,negative
disgusted/disapproval/im3274.png,negative
disgusted/disapproval/im3277_2.png,negative
disgusted/disapproval/im3298.png,negative
disgusted/disapproval/im3298_1.png,negative
disgusted/disapproval/im3313.png,negative
disgusted/disapproval/im3326.png,negative
disgusted/disapproval/im3349.png,negative
disgusted/disapproval/im3350.png,negative
disgusted/disapproval/im3389.png,negative
disgusted/disapproval/im3391_2.png,negative
disgusted/disapproval/im3433.png,negative
disgusted/disapproval/im3441.png,negative
disgusted/disapproval/im3452_2.png,negative
disgusted/disapproval/im3463_2.png,negative
disgusted/disapproval/im3465.png,negative
disgusted/disapproval/im3500_1.png,negative
disgusted/disapproval/im3523_2.png,negative
disgusted/disapproval/im3555.png,negative
disgusted/disapproval/im3586.png,negative
disgusted/disapproval/im3589.png,negative
disgusted/disapproval/im3606.png,negative
disgusted/disapproval/im3613_2.png,negative
disgusted/disapproval/im3627_2.png,negative
disgusted/disapproval/im3633_2.png,negative
disgusted/disapproval/im3705.png,negative
disgusted/disapproval/im3736_2.png,negative
disgusted/disapproval/im3748.png,negative
disgusted/disapproval/im3753.png,negative
disgusted/disapproval/im3771.png,negative
disgusted/disapproval/im3780.png,negative
disgusted/disapproval/im3785_1.png,negative
disgusted/disapproval/im3793_2.png,negative
disgusted/disapproval/im3826.png,negative
disgusted/disapproval/im3840_2.png,negative
disgusted/disapproval/im3844_1.png,negative
disgusted/disapproval/im3855_1.png,negative
disgusted/disapproval/im3867.png,negative
disgusted/disapproval/im3880.png,negative
disgusted/disapproval/im3905.png,negative
disgusted/disapproval/im3931.png,negative
disgusted/disapproval/im3949_1.png,negative
disgusted/disapproval/im3971_2.png,negative
disgusted/disapproval/im3976.png,negative
disgusted/disapproval/im4064.png,negative
disgusted/disapproval/im4074.png,negative
disgusted/disapproval/im4077_1.png,negative
disgusted/disapproval/im4128_1.png,negative
disgusted/disapproval/im4156_1.png,negative
disgusted/disapproval/im4276_1.png,negative
disgusted/disapproval/im4292.png,negative
disgusted/disapproval/im4307.png,negative
disgusted/disapproval/im4441.png,negative
disgusted/disapproval/im4596.png,negative
disgusted/disapproval/im4705.png,negative
disgusted/disapproval/im4736_1.png,negative
disgusted/disapproval/im4746_1.png,negative
disgusted/disapproval/im4776.png,negative
disgusted/disapproval/im4821.png,negative
disgusted/disapproval/im4955.png,negative
disgusted/disapproval/im5133.png,negative
disgusted/disapproval/im6389.png,negative
disgusted/disapproval/im_new_0.png,negative
disgusted/disapproval/im_new_1.png,negative
disgusted/disapproval/im_new_2.png,negative
disgusted/disapproval/im_new_3.png,negative
disgusted/disapproval/im_new_4.png,negative
disgusted/disapproval/im_new_5.png,negative
disgusted/disapproval/im_new_6.png,negative
disgusted/disapproval/im_new_7.png,negative
disgusted/disgust/affectnet_0030817.png,negative
disgusted/disgust/affectnet_0031024.png,negative
disgusted/disgust/affectnet_0031057.png,negative
disgusted/disgust/affectnet_0031077.png,negative
disgusted/disgust/affectnet_0031101.png,negative
disgusted/disgust/affectnet_0031518.png,negative
disgusted/disgust/affectnet_0031535.png,negative
disgusted/disgust/affectnet_0031618.png,negative
disgusted/disgust/affectnet_0031641.png,negative
disgusted/disgust/affectnet_0031661.png,negative
disgusted/disgust/affectnet_0031701.png,negative
disgusted/disgust/affectnet_0031794.png,negative
disgusted/disgust/affectnet_0031904.png,negative
disgusted/disgust/affectnet_0031913.png,negative
disgusted/disgust/affectnet_0032017.png,negative
disgusted/disgust/affectnet_0032233.png,negative
disgusted/disgust/affectnet_0032434.png,negative
disgusted/disgust/affectnet_0032465.png,negative
disgusted/disgust/affectnet_0032540.png,negative
disgusted/disgust/affectnet_0032726.png,negative
disgusted/disgust/affectnet_0032737.png,negative
disgusted/disgust/affectnet_0032945.png,negative
disgusted/disgust/affectnet_0033310.png,negative
disgusted/disgust/affectnet_0033382.png,negative
disgusted/disgust/affectnet_0033773.png,negative
disgusted/disgust/affectnet_0033783.png,negative
disgusted/disgust/affectnet_0033817.png,negative
disgusted/disgust/affectnet_0033954.png,negative
disgusted/disgust/affectnet_0034526.png,negative
disgusted/disgust/affectnet_0034736.png,negative
disgusted/disgust/affectnet_0034820.png,negative
disgusted/disgust/affectnet_0034985.png,negative
disgusted/disgust/affectnet_0035105.png,negative
disgusted/disgust/affectnet_0035167.png,negative
disgusted/disgust/affectnet_0035315.png,negative
disgusted/disgust/affectnet_0035436.png,negative
disgusted/disgust/affectnet_0035512.png,negative
disgusted/disgust/affectnet_0035583.png,negative
disgusted/disgust/affectnet_0035680.png,negative
disgusted/disgust/affectnet_0035704.png,negative
disgusted/disgust/affectnet_0036020.png,negative
disgusted/disgust/affectnet_0036034.png,negative
disgusted/disgust/affectnet_0036054.png,negative
disgusted/disgust/affectnet_0036109.png,negative
disgusted/disgust/affectnet_0036175.png,negative
disgusted/disgust/affectnet_0036386.png,negative
disgusted/disgust/affectnet_0036462.png,negative
disgusted/disgust/affectnet_0036524.png,negative
disgusted/disgust/affectnet_0036571.png,negative
disgusted/disgust/affectnet_0036574.png,negative
disgusted/disgust/affectnet_0036760.png,negative
disgusted/disgust/affectnet_0036887.png,negative
disgusted/disgust/affectnet_0036919.png,negative
disgusted/disgust/affectnet_0037021.png,negative
disgusted/disgust/affectnet_0037114.png,negative
disgusted/disgust/affectnet_0037116.png,negative
disgusted/disgust/affectnet_0037159.png,negative
disgusted/disgust/affectnet_0037186.png,negative
disgusted/disgust/affectnet_0037226.png,negative
disgusted/disgust/affectnet_0037230.png,negative
disgusted/disgust/affectnet_0037263.png,negative
disgusted/disgust/affectnet_0037444.png,negative
disgusted/disgust/affectnet_0037728.png,negative
disgusted/disgust/affectnet_0037792.png,negative
disgusted/disgust/affectnet_0037864.png,negative
disgusted/disgust/affectnet_0037915.png,negative
disgusted/disgust/affectnet_0037932.png,negative
disgusted/disgust/affectnet_0038005.png,negative
disgusted/disgust/affectnet_0038048.png,negative
disgusted/disgust/affectnet_0038172.png,negative
disgusted/disgust/affectnet_0038365.png,negative
disgusted/disgust/affectnet_0038745.png,negative
disgusted/disgust/affectnet_0038755.png,negative
disgusted/disgust/affectnet_0038897.png,negative
disgusted/disgust/affectnet_0038906.png,negative
disgusted/disgust/affectnet_0038910.png,negative
disgusted/disgust/affectnet_0038938.png,negative
disgusted/disgust/affectnet_0039069.png,negative
disgusted/disgust/affectnet_0039193.png,negative
disgusted/disgust/affectnet_0039310.png,negative
disgusted/disgust/affectnet_0039402.png,negative
disgusted/disgust/affectnet_0039446.png,negative
disgusted/disgust/affectnet_0039455.png,negative
disgusted/disgust/affectnet_0039520.png,negative
disgusted/disgust/affectnet_0039544.png,negative
disgusted/disgust/affectnet_0039613.png,negative
disgusted/disgust/affectnet_0039645.png,negative
disgusted/disgust/affectnet_0039669.png,negative
disgusted/disgust/affectnet_0039706.png,negative
disgusted/disgust/affectnet_0039707.png,negative
disgusted/disgust/affectnet_0039723.png,negative
disgusted/disgust/affectnet_0039888.png,negative
disgusted/disgust/affectnet_0039889.png,negative
disgusted/disgust/affectnet_0039911.png,negative
disgusted/disgust/affectnet_0039925.png,negative
disgusted/disgust/affectnet_0039948.png,negative
disgusted/disgust/affectnet_0039967.png,negative
disgusted/disgust/affectnet_0039974.png,negative
disgusted/disgust/affectnet_0039988.png,negative
disgusted/disgust/affectnet_0040036.png,negative
disgusted/disgust/affectnet_0040050.png,negative
disgusted/disgust/affectnet_0040081.png,negative
disgusted/disgust/affectnet_0040100.png,negative
disgusted/disgust/affectnet_0040129.png,negative
disgusted/disgust/affectnet_0040289.png,negative
disgusted/disgust/affectnet_0040426.png,negative
disgusted/disgust/affectnet_0040431.png,negative
disgusted/disgust/affectnet_0040451.png,negative
disgusted/disgust/affectnet_0040483.png,negative
disgusted/disgust/affectnet_0040589.png,negative
disgusted/disgust/affectnet_0040666.png,negative
disgusted/disgust/affectnet_0040688.png,negative
disgusted/disgust/affectnet_0040773.png,negative
disgusted/disgust/affectnet_0040817.png,negative
disgusted/disgust/affectnet_0040870.png,negative
disgusted/disgust/affectnet_0040884.png,negative
disgusted/disgust/affectnet_0040905.png,negative
disgusted/disgust/affectnet_0040915.png,negative
disgusted/disgust/affectnet_0040924.png,negative
disgusted/disgust/affectnet_0040946.png,negative
disgusted/disgust/affectnet_0040951.png,negative
disgusted/disgust/affectnet_0040967.png,negative
disgusted/disgust/affectnet_0041008.png,negative
disgusted/disgust/affectnet_0041009.png,negative
disgusted/disgust/affectnet_0041025.png,negative
disgusted/disgust/affectnet_0041071.png,negative
disgusted/disgust/affectnet_0041164.png,negative
disgusted/disgust/affectnet_0041169.png,negative
disgusted/disgust/affectnet_0041219.png,negative
disgusted/disgust/affectnet_0041244.png,negative
disgusted/disgust/affectnet_0041246.png,negative
disgusted/disgust/affectnet_0041251.png,negative
disgusted/disgust/affectnet_0041254.png,negative
disgusted/disgust/affectnet_0041264.png,negative
disgusted/disgust/affectnet_0041275.png,negative
disgusted/disgust/affectnet_0041312.png,negative
disgusted/disgust/affectnet_0041316.png,negative
disgusted/disgust/affectnet_0041347.png,negative
disgusted/disgust/affectnet_0041373.png,negative
disgusted/disgust/affectnet_0041382.png,negative
disgusted/disgust/affectnet_0041383.png,negative
disgusted/disgust/affectnet_0041398.png,negative
disgusted/disgust/affectnet_0041408.png,negative
disgusted/disgust/affectnet_0041414.png,negative
disgusted/disgust/affectnet_0041432.png,negative
disgusted/disgust/affectnet_0041436.png,negative
disgusted/disgust/affectnet_0041438.png,negative
disgusted/disgust/affectnet_0041460.png,negative
disgusted/disgust/affectnet_0041469.png,negative
disgusted/disgust/affectnet_0041548.png,negative
disgusted/disgust/affectnet_0041588.png,negative
disgusted/disgust/affectnet_0041614.png,negative
disgusted/disgust/affectnet_0041615.png,negative
disgusted/disgust/affectnet_0041639.png,negative
disgusted/disgust/affectnet_0041663.png,negative
disgusted/disgust/affectnet_0041722.png,negative
disgusted/disgust/affectnet_0041729.png,negative
disgusted/disgust/affectnet_0041789.png,negative
disgusted/disgust/affectnet_0041841.png,negative
disgusted/disgust/affectnet_0041862.png,negative
disgusted/disgust/affectnet_0041869.png,negative
disgusted/disgust/affectnet_0041898.png,negative
disgusted/disgust/affectnet_0041904.png,negative
disgusted/disgust/affectnet_0041906.png,negative
disgusted/disgust/affectnet_0041936.png,negative
disgusted/disgust/affectnet_0041937.png,negative
disgusted/disgust/affectnet_0041949.png,negative
disgusted/disgust/affectnet_0041952.png,negative
disgusted/disgust/affectnet_0041979.png,negative
disgusted/disgust/affectnet_0041983.png,negative
disgusted/disgust/affectnet_0041988.png,negative
disgusted/disgust/affectnet_0041989.png,negative
disgusted/disgust/affectnet_0041996.png,negative
disgusted/disgust/affectnet_0042016.png,negative
disgusted/disgust/affectnet_0042028.png,negative
disgusted/disgust/affectnet_0042033.png,negative
disgusted/disgust/affectnet_0042091.png,negative
disgusted/disgust/affectnet_0042092.png,negative
disgusted/disgust/affectnet_0042093.png,negative
disgusted/disgust/affectnet_0042105.png,negative
disgusted/disgust/affectnet_0042107.png,negative
disgusted/disgust/affectnet_0042136.png,negative
disgusted/disgust/affectnet_0042141.png,negative
disgusted/disgust/affectnet_0042148.png,negative
disgusted/disgust/affectnet_0042150.png,negative
disgusted/disgust/affectnet_0042158.png,negative
disgusted/disgust/affectnet_0042181.png,negative
disgusted/disgust/affectnet_0042194.png,negative
disgusted/disgust/affectnet_0042212.png,negative
disgusted/disgust/affectnet_0042222.png,negative
disgusted/disgust/affectnet_0042233.png,negative
disgusted/disgust/affectnet_0042238.png,negative
disgusted/disgust/affectnet_0042240.png,negative
disgusted/disgust/affectnet_0042347.png,negative
disgusted/disgust/affectnet_0042360.png,negative
disgusted/disgust/affectnet_0042383.png,negative
disgusted/disgust/affectnet_0042413.png,negative
disgusted/disgust/affectnet_0042439.png,negative
disgusted/disgust/affectnet_0042442.png,negative
disgusted/disgust/affectnet_0042489.png,negative
disgusted/disgust/affectnet_0042493.png,negative
disgusted/disgust/affectnet_0042501.png,negative
disgusted/disgust/affectnet_0042519.png,negative
disgusted/disgust/im93_1.png,negative
disgusted/disgust/im298.png,negative
disgusted/disgust/im695_1.png,negative
disgusted/disgust/im986.png,negative
disgusted/disgust/im997.png,negative
disgusted/disgust/im1079.png,negative
disgusted/disgust/im1293.png,negative
disgusted/disgust/im1316.png,negative
disgusted/disgust/im1529.png,negative
disgusted/disgust/im1542.png,negative
disgusted/disgust/im1615.png,negative
disgusted/disgust/im1685.png,negative
disgusted/disgust/im1804.png,negative
disgusted/disgust/im2705.png,negative
disgusted/disgust/im3046_2.png,negative
disgusted/disgust/im3083.png,negative
disgusted/disgust/im3100_2.png,negative
disgusted/disgust/im3238.png,negative
disgusted/disgust/im3331_2.png,negative
disgusted/disgust/im3375.png,negative
disgusted/disgust/im4366_1.png,negative
disgusted/im5.png,negative
disgusted/im94.png,negative
disgusted/im94_1.png,negative
disgusted/im95.png,negative
disgusted/im96.png,negative
disgusted/im97.png,negative
disgusted/im97_1.png,negative
disgusted/im98.png,negative
disgusted/im99.png,negative
disgusted/im100.png,negative
disgusted/im100_1.png,negative
disgusted/im101.png,negative
disgusted/im101_1.png,negative
disgusted/im102.png,negative
disgusted/im102_1.png,negative
disgusted/im103.png,negative
disgusted/im105.png,negative
disgusted/im106.png,negative
disgusted/im106_1.png,negative
disgusted/im107.png,negative
disgusted/im107_1.png,negative
disgusted/im108.png,negative
disgusted/im109.png,negative
disgusted/im110.png,negative
disgusted/im111.png,negative
disgusted/im113.png,negative
disgusted/im115.png,negative
disgusted/im117.png,negative
disgusted/im120.png,negative
disgusted/im121.png,negative
disgusted/im123.png,negative
disgusted/im124.png,negative
disgusted/im126.png,negative
disgusted/im130.png,negative
disgusted/im131.png,negative
disgusted/im132.png,negative
disgusted/im133_2.png,negative
disgusted/im134.png,negative
disgusted/im136.png,negative
disgusted/im142.png,negative
disgusted/im146.png,negative
disgusted/im148.png,negative
disgusted/im149.png,negative
disgusted/im150.png,negative
disgusted/im151.png,negative
disgusted/im155.png,negative
disgusted/im156.png,negative
disgusted/im157.png,negative
disgusted/im158.png,negative
disgusted/im159.png,negative
disgusted/im160.png,negative
disgusted/im160_1.png,negative
disgusted/im164.png,negative
disgusted/im166.png,negative
disgusted/im167.png,negative
disgusted/im170.png,negative
disgusted/im172.png,negative
disgusted/im173.png,negative
disgusted/im174.png,negative
disgusted/im178_2.png,negative
disgusted/im179.png,negative
disgusted/im182.png,negative
disgusted/im184_1.png,negative
disgusted/im186.png,negative
disgusted/im189.png,negative
disgusted/im190.png,negative
disgusted/im191.png,negative
disgusted/im195.png,negative
disgusted/im196.png,negative
disgusted/im197.png,negative
disgusted/im199.png,negative
disgusted/im200.png,negative
disgusted/im204.png,negative
disgusted/im206.png,negative
disgusted/im209.png,negative
disgusted/im210.png,negative
disgusted/im211.png,negative
disgusted/im212.png,negative
disgusted/im213.png,negative
disgusted/im214.png,negative
disgusted/im215.png,negative
disgusted/im219.png,negative
disgusted/im224.png,negative
disgusted/im226_2.png,negative
disgusted/im227.png,negative
disgusted/im229.png,negative
disgusted/im231.png,negative
disgusted/im232_2.png,negative
disgusted/im233.png,negative
disgusted/im234.png,negative
disgusted/im234_1.png,negative
disgusted/im238.png,negative
disgusted/im239_2.png,negative
disgusted/im242.png,negative
disgusted/im243.png,negative
disgusted/im246.png,negative
disgusted/im249.png,negative
disgusted/im251_2.png,negative
disgusted/im252.png,negative
disgusted/im257.png,negative
disgusted/im263.png,negative
disgusted/im263_2.png,negative
disgusted/im264.png,negative
disgusted/im265.png,negative
disgusted/im266.png,negative
disgusted/im270.png,negative
disgusted/im271.png,negative
disgusted/im272.png,negative
disgusted/im275.png,negative
disgusted/im275_1.png,negative
disgusted/im276.png,negative
disgusted/im277.png,negative
disgusted/im278.png,negative
disgusted/im280.png,negative
disgusted/im281.png,negative
disgusted/im285.png,negative
disgusted/im286.png,negative
disgusted/im288.png,negative
disgusted/im289.png,negative
disgusted/im290.png,negative
disgusted/im292.png,negative
disgusted/im292_2.png,negative
disgusted/im293.png,negative
disgusted/im294.png,negative
disgusted/im296.png,negative
disgusted/im299.png,negative
disgusted/im301.png,negative
disgusted/im302_2.png,negative
disgusted/im304.png,negative
disgusted/im304_2.png,negative
disgusted/im307_2.png,negative
disgusted/im312.png,negative
disgusted/im317.png,negative
disgusted/im321.png,negative
disgusted/im323.png,negative
disgusted/im324.png,negative
disgusted/im326.png,negative
disgusted/im327.png,negative
disgusted/im327_1.png,negative
disgusted/im328.png,negative
disgusted/im329.png,negative
disgusted/im331.png,negative
disgusted/im334.png,negative
disgusted/im335.png,negative
disgusted/im336.png,negative
disgusted/im339.png,negative
disgusted/im340.png,negative
disgusted/im341.png,negative
disgusted/im343.png,negative
disgusted/im345.png,negative
disgusted/im348.png,negative
disgusted/im349.png,negative
disgusted/im350.png,negative
disgusted/im352.png,negative
disgusted/im355.png,negative
disgusted/im359_2.png,negative
disgusted/im360.png,negative
disgusted/im360_1.png,negative
disgusted/im361.png,negative
disgusted/im363.png,negative
disgusted/im365.png,negative
disgusted/im366.png,negative
disgusted/im369.png,negative
disgusted/im372.png,negative
disgusted/im373.png,negative
disgusted/im375.png,negative
disgusted/im376.png,negative
disgusted/im377.png,negative
disgusted/im377_2.png,negative
disgusted/im378.png,negative
disgusted/im379.png,negative
disgusted/im379_2.png,negative
disgusted/im380.png,negative
disgusted/im381.png,negative
disgusted/im382.png,negative
disgusted/im383.png,negative
disgusted/im384.png,negative
disgusted/im386.png,negative
disgusted/im388.png,negative
disgusted/im388_2.png,negative
disgusted/im389.png,negative
disgusted/im390.png,negative
disgusted/im391.png,negative
disgusted/im392.png,negative
disgusted/im393.png,negative
disgusted/im395.png,negative
disgusted/im396.png,negative
disgusted/im397.png,negative
disgusted/im398.png,negative
disgusted/im402_2.png,negative
disgusted/im404.png,negative
disgusted/im406.png,negative
disgusted/im408.png,negative
disgusted/im409.png,negative
disgusted/im412_2.png,negative
disgusted/im413.png,negative
disgusted/im414.png,negative
disgusted/im415.png,negative
disgusted/im416.png,negative
disgusted/im417.png,negative
disgusted/im421.png,negative
disgusted/im425.png,negative
disgusted/im426.png,negative
disgusted/im426_2.png,negative
disgusted/im427.png,negative
disgusted/im430.png,negative
disgusted/im432.png,negative
disgusted/im433.png,negative
disgusted/im433_2.png,negative
disgusted/im434.png,negative
disgusted/im437.png,negative
disgusted/im443_2.png,negative
disgusted/im444.png,negative
disgusted/im447_2.png,negative
disgusted/im462_2.png,negative
disgusted/im468_2.png,negative
disgusted/im472_2.png,negative
disgusted/im480_2.png,negative
disgusted/im491_2.png,negative
disgusted/im494_2.png,negative
disgusted/im511.png,negative
disgusted/im517_2.png,negative
disgusted/im519.png,negative
disgusted/im538_2.png,negative
disgusted/im539.png,negative
disgusted/im556.png,negative
disgusted/im568.png,negative
disgusted/im571_2.png,negative
disgusted/im593_2.png,negative
disgusted/im641_2.png,negative
disgusted/im659_2.png,negative
disgusted/im663_2.png,negative
disgusted/im665_2.png,negative
disgusted/im668_1.png,negative
disgusted/im677_2.png,negative
disgusted/im681_1.png,negative
disgusted/im683_2.png,negative
disgusted/im700_2.png,negative
disgusted/im704_2.png,negative
disgusted/im718_2.png,negative
disgusted/im724.png,negative
disgusted/im733.png,negative
disgusted/im747_2.png,negative
disgusted/im762_2.png,negative
disgusted/im779_2.png,negative
disgusted/im785_2.png,negative
disgusted/im808_1.png,negative
disgusted/im826_2.png,negative
disgusted/im839_1.png,negative
disgusted/im843_2.png,negative
disgusted/im852.png,negative
disgusted/im861_1.png,negative
disgusted/im870_1.png,negative
disgusted/im871_2.png,negative
disgusted/im875_2.png,negative
disgusted/im889_2.png,negative
disgusted/im897_2.png,negative
disgusted/im913_2.png,negative
disgusted/im914.png,negative
disgusted/im933_2.png,negative
disgusted/im946_2.png,negative
disgusted/im975_2.png,negative
disgusted/im1012_2.png,negative
disgusted/im1013_2.png,negative
disgusted/im1022_2.png,negative
disgusted/im1023_2.png,negative
disgusted/im1028_2.png,negative
disgusted/im1036_2.png,negative
disgusted/im1039_2.png,negative
disgusted/im1041.png,negative
disgusted/im1063_2.png,negative
disgusted/im1145.png,negative
disgusted/im1164_2.png,negative
disgusted/im1174_1.png,negative
disgusted/im1189_2.png,negative
disgusted/im1191_1.png,negative
disgusted/im1211_2.png,negative
disgusted/im1217_2.png,negative
disgusted/im1229_2.png,negative
disgusted/im1233_2.png,negative
disgusted/im1258_2.png,negative
disgusted/im1262_2.png,negative
disgusted/im1272_2.png,negative
disgusted/im1292_2.png,negative
disgusted/im1301_2.png,negative
disgusted/im1308_1.png,negative
disgusted/im1321_1.png,negative
disgusted/im1335_1.png,negative
disgusted/im1342_2.png,negative
disgusted/im1344_2.png,negative
disgusted/im1360_2.png,negative
disgusted/im1411.png,negative
disgusted/im1420_2.png,negative
disgusted/im1422_2.png,negative
disgusted/im1468_2_1.png,negative
disgusted/im1556_2.png,negative
disgusted/im1565_2.png,negative
disgusted/im1592.png,negative
disgusted/im1605_2.png,negative
disgusted/im1633_2.png,negative
disgusted/im1647.png,negative
disgusted/im1650.png,negative
disgusted/im1651.png,negative
disgusted/im1726.png,negative
disgusted/im1765_2.png,negative
disgusted/im1766_2.png,negative
disgusted/im1767_1.png,negative
disgusted/im1811_1.png,negative
disgusted/im1812.png,negative
disgusted/im1846_2.png,negative
disgusted/im1868_2.png,negative
disgusted/im1869_2.png,negative
disgusted/im1899_2.png,negative
disgusted/im1909_1.png,negative
disgusted/im1944_2.png,negative
disgusted/im1948_1.png,negative
disgusted/im1959_1.png,negative
disgusted/im2089_1.png,negative
disgusted/im2095_2.png,negative
disgusted/im2123.png,negative
disgusted/im2124.png,negative
disgusted/im2126_2.png,negative
disgusted/im2135_2.png,negative
disgusted/im2176_2.png,negative
disgusted/im2224_2.png,negative
disgusted/im2241.png,negative
disgusted/im2246_2.png,negative
disgusted/im2259_2.png,negative
disgusted/im2333_2.png,negative
disgusted/im2425_2.png,negative
disgusted/im2432.png,negative
disgusted/im2442.png,negative
disgusted/im2451.png,negative
disgusted/im2538.png,negative
disgusted/im2560_2.png,negative
disgusted/im2561_2.png,negative
disgusted/im2617_2.png,negative
disgusted/im2643_2.png,negative
disgusted/im2647.png,negative
disgusted/im2653_2.png,negative
disgusted/im2692_2.png,negative
disgusted/im2755.png,negative
disgusted/im2768.png,negative
disgusted/im2782_2_1.png,negative
disgusted/im2845.png,negative
disgusted/im2855_1.png,negative
disgusted/im2876_2.png,negative
disgusted/im2992_1.png,negative
disgusted/im3024_1.png,negative
disgusted/im3064_2.png,negative
disgusted/im3133_2.png,negative
disgusted/im3202_2.png,negative
disgusted/im3226.png,negative
disgusted/im3235.png,negative
disgusted/im3266_2.png,negative
disgusted/im3267_2.png,negative
disgusted/im3285_2.png,negative
disgusted/im3293_1.png,negative
disgusted/im3322.png,negative
disgusted/im3370_2_1.png,negative
disgusted/im3385_2.png,negative
disgusted/im3471.png,negative
disgusted/im3483.png,negative
disgusted/im3483_1.png,negative
disgusted/im3500.png,negative
disgusted/im3540.png,negative
disgusted/im3620_2.png,negative
disgusted/im3623_2.png,negative
disgusted/im3626.png,negative
disgusted/im3632_2.png,negative
disgusted/im3665_2.png,negative
disgusted/im3667_2.png,negative
disgusted/im3668_2.png,negative
disgusted/im3697_2.png,negative
disgusted/im3697_3.png,negative
disgusted/im3741_1.png,negative
disgusted/im3792_1.png,negative
disgusted/im3797.png,negative
disgusted/im3797_1.png,negative
disgusted/im3797_2.png,negative
disgusted/im3800_2.png,negative
disgusted/im3801_2.png,negative
disgusted/im3838_2.png,negative
disgusted/im3840_1.png,negative
disgusted/im3861.png,negative
disgusted/im3888_2.png,negative
disgusted/im3908_2.png,negative
disgusted/im3981_2.png,negative
disgusted/im4076_2.png,negative
disgusted/im4358_1.png,negative
disgusted/im4556_1.png,negative
disgusted/other/affectnet_0003497.png,negative
disgusted/other/affectnet_0027627.png,negative
disgusted/other/affectnet_0032829.png,negative
disgusted/other/affectnet_0034861.png,negative
disgusted/other/affectnet_0041334.png,negative
disgusted/other/affectnet_0041433.png,negative
disgusted/other/affectnet_0041510.png,negative
disgusted/other/affectnet_0041803.png,negative
disgusted/other/affectnet_0041926.png,negative
disgusted/other/im2460.png,negative
disgusted/other/im4654_1.png,negative
disgusted/pouting-disgust/im77.png,negative
disgusted/pouting-disgust/im530.png,negative
disgusted/pouting-disgust/im566.png,negative
disgusted/pouting-disgust/im573.png,negative
disgusted/pouting-disgust/im586_1.png,negative
disgusted/pouting-disgust/im674.png,negative
disgusted/pouting-disgust/im1019.png,negative
disgusted/pouting-disgust/im1228.png,negative
disgusted/pouting-disgust/im1524.png,negative
disgusted/pouting-disgust/im1798.png,negative
disgusted/pouting-disgust/im2046.png,negative
disgusted/pouting-disgust/im2182.png,negative
disgusted/pouting-disgust/im2413.png,negative
disgusted/pouting-disgust/im2419.png,negative
disgusted/pouting-disgust/im2424.png,negative
disgusted/pouting-disgust/im2548.png,negative
disgusted/pouting-disgust/im2552.png,negative
disgusted/pouting-disgust/im2659.png,negative
disgusted/pouting-disgust/im2887.png,negative
disgusted/pouting-disgust/im2999.png,negative
disgusted/pouting-disgust/im3103.png,negative
disgusted/pouting-disgust/im3155.png,negative
disgusted/pouting-disgust/im3658.png,negative
disgusted/pouting-disgust/im3691.png,negative
disgusted/pouting-disgust/im3695.png,negative
disgusted/pouting-disgust/im3841.png,negative
disgusted/pouting-disgust/im3860.png,negative
disgusted/pouting-disgust/im3865.png,negative
fearful/attention-fearful/im32_1.png,negative
fearful/attention-fearful/im37.png,negative
fearful/attention-fearful/im42.png,negative
fearful/attention-fearful/im67_1.png,negative
fearful/attention-fearful/im72.png,negative
fearful/attention-fearful/im100.png,negative
fearful/attention-fearful/im108.png,negative
fearful/attention-fearful/im203.png,negative
fearful/attention-fearful/im216.png,negative
fearful/attention-fearful/im260_1.png,negative
fearful/attention-fearful/im272_1.png,negative
fearful/attention-fearful/im343.png,negative
fearful/attention-fearful/im374.png,negative
fearful/attention-fearful/im390_1.png,negative
fearful/attention-fearful/im423.png,negative
fearful/attention-fearful/im472.png,negative
fearful/attention-fearful/im506.png,negative
fearful/attention-fearful/im519.png,negative
fearful/attention-fearful/im530.png,negative
fearful/attention-fearful/im542_2.png,negative
fearful/attention-fearful/im544.png,negative
fearful/attention-fearful/im545.png,negative
fearful/attention-fearful/im577.png,negative
fearful/attention-fearful/im587.png,negative
fearful/attention-fearful/im598.png,negative
fearful/attention-fearful/im608_2.png,negative
fearful/attention-fearful/im624.png,negative
fearful/attention-fearful/im656.png,negative
fearful/attention-fearful/im666.png,negative
fearful/attention-fearful/im726.png,negative
fearful/attention-fearful/im838_1.png,negative
fearful/attention-fearful/im862_2.png,negative
fearful/attention-fearful/im878.png,negative
fearful/attention-fearful/im896.png,negative
fearful/attention-fearful/im944.png,negative
fearful/attention-fearful/im965.png,negative
fearful/attention-fearful/im976_1.png,negative
fearful/attention-fearful/im1017.png,negative
fearful/attention-fearful/im1021_2.png,negative
fearful/attention-fearful/im1025_2.png,negative
fearful/attention-fearful/im1043_2.png,negative
fearful/attention-fearful/im1060.png,negative
fearful/attention-fearful/im1120_1.png,negative
fearful/attention-fearful/im1137_2.png,negative
fearful/attention-fearful/im1224.png,negative
fearful/attention-fearful/im1240.png,negative
fearful/attention-fearful/im1244_1.png,negative
fearful/attention-fearful/im1282.png,negative
fearful/attention-fearful/im1313.png,negative
fearful/attention-fearful/im1355.png,negative
fearful/attention-fearful/im1387_1.png,negative
fearful/attention-fearful/im1495_1.png,negative
fearful/attention-fearful/im1505.png,negative
fearful/attention-fearful/im1510.png,negative
fearful/attention-fearful/im1515_2.png,negative
fearful/attention-fearful/im1517.png,negative
fearful/attention-fearful/im1519.png,negative
fearful/attention-fearful/im1580.png,negative
fearful/attention-fearful/im1652.png,negative
fearful/attention-fearful/im1709_1.png,negative
fearful/attention-fearful/im1729.png,negative
fearful/attention-fearful/im1754.png,negative
fearful/attention-fearful/im1773_1.png,negative
fearful/attention-fearful/im1830_1.png,negative
fearful/attention-fearful/im1863.png,negative
fearful/attention-fearful/im1906_1.png,negative
fearful/attention-fearful/im1916_2.png,negative
fearful/attention-fearful/im1921_1.png,negative
fearful/attention-fearful/im1967.png,negative
fearful/attention-fearful/im1990.png,negative
fearful/attention-fearful/im2026.png,negative
fearful/attention-fearful/im2063.png,negative
fearful/attention-fearful/im2090.png,negative
fearful/attention-fearful/im2114_1.png,negative
fearful/attention-fearful/im2127.png,negative
fearful/attention-fearful/im2136.png,negative
fearful/attention-fearful/im2155_2.png,negative
fearful/attention-fearful/im2169_1.png,negative
fearful/attention-fearful/im2210.png,negative
fearful/attention-fearful/im2259.png,negative
fearful/attention-fearful/im2269.png,negative
fearful/attention-fearful/im2276.png,negative
fearful/attention-fearful/im2351.png,negative
fearful/attention-fearful/im2403_2.png,negative
fearful/attention-fearful/im2464.png,negative
fearful/attention-fearful/im2498.png,negative
fearful/attention-fearful/im2512.png,negative
fearful/attention-fearful/im2512_1.png,negative
fearful/attention-fearful/im2515.png,negative
fearful/attention-fearful/im2555.png,negative
fearful/attention-fearful/im2602.png,negative
fearful/attention-fearful/im2731.png,negative
fearful/attention-fearful/im2745.png,negative
fearful/attention-fearful/im2754.png,negative
fearful/attention-fearful/im2820.png,negative
fearful/attention-fearful/im2830.png,negative
fearful/attention-fearful/im2872_2.png,negative
fearful/attention-fearful/im2881.png,negative
fearful/attention-fearful/im2987.png,negative
fearful/attention-fearful/im3051.png,negative
fearful/attention-fearful/im3054.png,negative
fearful/attention-fearful/im3077.png,negative
fearful/attention-fearful/im3101.png,negative
fearful/attention-fearful/im3114.png,negative
fearful/attention-fearful/im3116.png,negative
fearful/attention-fearful/im3128.png,negative
fearful/attention-fearful/im3131.png,negative
fearful/attention-fearful/im3146.png,negative
fearful/attention-fearful/im3175.png,negative
fearful/attention-fearful/im3190.png,negative
fearful/attention-fearful/im3191.png,negative
fearful/attention-fearful/im3206.png,negative
fearful/attention-fearful/im3246.png,negative
fearful/attention-fearful/im3286.png,negative
fearful/attention-fearful/im3413.png,negative
fearful/attention-fearful/im3464_2.png,negative
fearful/attention-fearful/im3519.png,negative
fearful/attention-fearful/im3541.png,negative
fearful/attention-fearful/im3755_2.png,negative
fearful/attention-fearful/im3796_1.png,negative
fearful/attention-fearful/im3819_1.png,negative
fearful/attention-fearful/im3859.png,negative
fearful/attention-fearful/im3932.png,negative
fearful/attention-fearful/im3985_2.png,negative
fearful/attention-fearful/im3998.png,negative
fearful/attention-fearful/im4012_2.png,negative
fearful/attention-fearful/im4127_1.png,negative
fearful/attention-fearful/im4147_1.png,negative
fearful/attention-fearful/im4172.png,negative
fearful/attention-fearful/im4897.png,negative
fearful/attention-fearful/im7072_1.png,negative
fearful/fearful-angry/im50_1.png,negative
fearful/fearful-angry/im1512.png,negative
fearful/fearful-look/im58.png,negative
fearful/fearful-look/im538.png,negative
fearful/fearful-look/im868.png,negative
fearful/fearful-look/im1077.png,negative
fearful/fearful-look/im1267.png,negative
fearful/fearful-look/im1396.png,negative
fearful/fearful-look/im1448_1.png,negative
fearful/fearful-look/im1490_1.png,negative
fearful/fearful-look/im1504_1.png,negative
fearful/fearful-look/im1615.png,negative
fearful/fearful-look/im1689.png,negative
fearful/fearful-look/im1734_1.png,negative
fearful/fearful-look/im1835.png,negative
fearful/fearful-look/im1883.png,negative
fearful/fearful-look/im1943_1.png,negative
fearful/fearful-look/im2008.png,negative
fearful/fearful-look/im2025.png,negative
fearful/fearful-look/im2080_1.png,negative
fearful/fearful-look/im2099_2.png,negative
fearful/fearful-look/im2169.png,negative
fearful/fearful-look/im2198.png,negative
fearful/fearful-look/im2258.png,negative
fearful/fearful-look/im2340.png,negative
fearful/fearful-look/im2469.png,negative
fearful/fearful-look/im2875.png,negative
fearful/fearful-look/im2875_1.png,negative
fearful/fearful-look/im2908.png,negative
fearful/fearful-look/im2933_2.png,negative
fearful/fearful-look/im2948.png,negative
fearful/fearful-look/im3014.png,negative
fearful/fearful-look/im3028_1.png,negative
fearful/fearful-look/im3054.png,negative
fearful/fearful-look/im3087_1.png,negative
fearful/fearful-look/im3111.png,negative
fearful/fearful-look/im3130_1.png,negative
fearful/fearful-look/im3174.png,negative
fearful/fearful-look/im3293_1.png,negative
fearful/fearful-look/im3296.png,negative
fearful/fearful-look/im3324.png,negative
fearful/fearful-look/im3349.png,negative
fearful/fearful-look/im3435.png,negative
fearful/fearful-look/im3504.png,negative
fearful/fearful-look/im3521.png,negative
fearful/fearful-look/im3600.png,negative
fearful/fearful-look/im3631_2.png,negative
fearful/fearful-look/im3663.png,negative
fearful/fearful-look/im3773.png,negative
fearful/fearful-look/im3840_1.png,negative
fearful/fearful-look/im4718_1.png,negative
fearful/fearful-look/im5538.png,negative
fearful/fearful-suffering/im3595_2.png,negative
fearful/im5.png,negative
fearful/im6.png,negative
fearful/im71.png,negative
fearful/im75.png,negative
fearful/im76.png,negative
fearful/im83_2.png,negative
fearful/im106_1.png,negative
fearful/im115.png,negative
fearful/im122.png,negative
fearful/im124.png,negative
fearful/im127.png,negative
fearful/im133.png,negative
fearful/im136.png,negative
fearful/im137.png,negative
fearful/im138_1.png,negative
fearful/im139.png,negative
fearful/im141.png,negative
fearful/im141_1.png,negative
fearful/im142.png,negative
fearful/im144.png,negative
fearful/im150.png,negative
fearful/im152.png,negative
fearful/im164.png,negative
fearful/im168.png,negative
fearful/im179.png,negative
fearful/im180.png,negative
fearful/im181.png,negative
fearful/im182.png,negative
fearful/im184.png,negative
fearful/im188.png,negative
fearful/im190.png,negative
fearful/im192.png,negative
fearful/im193.png,negative
fearful/im193_1.png,negative
fearful/im196.png,negative
fearful/im211.png,negative
fearful/im212.png,negative
fearful/im215.png,negative
fearful/im216_1.png,negative
fearful/im219.png,negative
fearful/im221.png,negative
fearful/im228.png,negative
fearful/im239.png,negative
fearful/im240.png,negative
fearful/im240_2.png,negative
fearful/im242.png,negative
fearful/im244_2.png,negative
fearful/im247_1.png,negative
fearful/im249.png,negative
fearful/im251.png,negative
fearful/im261_2.png,negative
fearful/im276.png,negative
fearful/im278.png,negative
fearful/im285.png,negative
fearful/im288.png,negative
fearful/im290.png,negative
fearful/im295_1.png,negative
fearful/im299.png,negative
fearful/im300.png,negative
fearful/im304.png,negative
fearful/im311.png,negative
fearful/im316_2.png,negative
fearful/im317.png,negative
fearful/im318.png,negative
fearful/im320.png,negative
fearful/im328.png,negative
fearful/im331.png,negative
fearful/im334.png,negative
fearful/im337.png,negative
fearful/im342.png,negative
fearful/im362.png,negative
fearful/im372.png,negative
fearful/im374.png,negative
fearful/im375.png,negative
fearful/im377.png,negative
fearful/im379.png,negative
fearful/im380.png,negative
fearful/im383.png,negative
fearful/im389_1.png,negative
fearful/im390.png,negative
fearful/im392.png,negative
fearful/im395.png,negative
fearful/im400.png,negative
fearful/im404.png,negative
fearful/im405.png,negative
fearful/im407.png,negative
fearful/im410.png,negative
fearful/im416.png,negative
fearful/im421.png,negative
fearful/im437.png,negative
fearful/im439.png,negative
fearful/im440.png,negative
fearful/im449.png,negative
fearful/im450.png,negative
fearful/im454.png,negative
fearful/im456.png,negative
fearful/im459.png,negative
fearful/im460.png,negative
fearful/im463_2.png,negative
fearful/im464.png,negative
fearful/im466_2.png,negative
fearful/im467.png,negative
fearful/im469.png,negative
fearful/im472.png,negative
fearful/im473.png,negative
fearful/im475.png,negative
fearful/im480.png,negative
fearful/im497_2.png,negative
fearful/im502.png,negative
fearful/im503.png,negative
fearful/im507_2.png,negative
fearful/im508.png,negative
fearful/im514.png,negative
fearful/im515.png,negative
fearful/im528.png,negative
fearful/im536.png,negative
fearful/im546.png,negative
fearful/im548.png,negative
fearful/im549.png,negative
fearful/im551.png,negative
fearful/im554.png,negative
fearful/im563.png,negative
fearful/im566.png,negative
fearful/im568.png,negative
fearful/im570.png,negative
fearful/im571.png,negative
fearful/im572.png,negative
fearful/im577.png,negative
fearful/im579.png,negative
fearful/im581.png,negative
fearful/im582.png,negative
fearful/im584_2.png,negative
fearful/im586.png,negative
fearful/im587.png,negative
fearful/im588.png,negative
fearful/im592.png,negative
fearful/im593.png,negative
fearful/im596.png,negative
fearful/im600.png,negative
fearful/im612.png,negative
fearful/im616_1.png,negative
fearful/im622.png,negative
fearful/im627.png,negative
fearful/im632.png,negative
fearful/im639.png,negative
fearful/im646.png,negative
fearful/im648.png,negative
fearful/im651.png,negative
fearful/im652.png,negative
fearful/im658.png,negative
fearful/im658_2.png,negative
fearful/im664.png,negative
fearful/im667.png,negative
fearful/im677.png,negative
fearful/im681.png,negative
fearful/im686.png,negative
fearful/im694.png,negative
fearful/im695.png,negative
fearful/im706.png,negative
fearful/im707.png,negative
fearful/im710.png,negative
fearful/im712.png,negative
fearful/im714.png,negative
fearful/im716.png,negative
fearful/im720.png,negative
fearful/im724.png,negative
fearful/im732.png,negative
fearful/im733.png,negative
fearful/im738.png,negative
fearful/im742.png,negative
fearful/im744.png,negative
fearful/im745.png,negative
fearful/im748.png,negative
fearful/im749.png,negative
fearful/im751.png,negative
fearful/im753.png,negative
fearful/im754.png,negative
fearful/im757.png,negative
fearful/im771.png,negative
fearful/im787.png,negative
fearful/im788.png,negative
fearful/im790.png,negative
fearful/im791.png,negative
fearful/im792.png,negative
fearful/im795.png,negative
fearful/im802.png,negative
fearful/im808.png,negative
fearful/im809.png,negative
fearful/im812_1.png,negative
fearful/im813.png,negative
fearful/im818_2.png,negative
fearful/im820.png,negative
fearful/im822.png,negative
fearful/im833.png,negative
fearful/im841_2.png,negative
fearful/im842.png,negative
fearful/im849.png,negative
fearful/im850.png,negative
fearful/im851.png,negative
fearful/im854.png,negative
fearful/im861_2.png,negative
fearful/im865.png,negative
fearful/im866.png,negative
fearful/im867.png,negative
fearful/im871.png,negative
fearful/im880.png,negative
fearful/im884.png,negative
fearful/im886.png,negative
fearful/im888.png,negative
fearful/im892.png,negative
fearful/im894.png,negative
fearful/im895.png,negative
fearful/im897.png,negative
fearful/im901.png,negative
fearful/im905.png,negative
fearful/im906.png,negative
fearful/im906_1.png,negative
fearful/im907.png,negative
fearful/im909.png,negative
fearful/im910.png,negative
fearful/im911_1.png,negative
fearful/im915.png,negative
fearful/im916.png,negative
fearful/im923.png,negative
fearful/im924.png,negative
fearful/im925.png,negative
fearful/im925_1.png,negative
fearful/im926.png,negative
fearful/im928.png,negative
fearful/im931.png,negative
fearful/im933.png,negative
fearful/im935.png,negative
fearful/im939.png,negative
fearful/im950.png,negative
fearful/im955.png,negative
fearful/im960.png,negative
fearful/im963.png,negative
fearful/im970.png,negative
fearful/im972.png,negative
fearful/im973.png,negative
fearful/im981.png,negative
fearful/im1006.png,negative
fearful/im1009.png,negative
fearful/im1015.png,negative
fearful/im1019_1.png,negative
fearful/im1020.png,negative
fearful/im1021.png,negative
fearful/im1022.png,negative
fearful/im1026.png,negative
fearful/im1037.png,negative
fearful/im1040.png,negative
fearful/im1041.png,negative
fearful/im1050.png,negative
fearful/im1051.png,negative
fearful/im1054.png,negative
fearful/im1055.png,negative
fearful/im1056.png,negative
fearful/im1058.png,negative
fearful/im1059.png,negative
fearful/im1065.png,negative
fearful/im1071.png,negative
fearful/im1074.png,negative
fearful/im1075.png,negative
fearful/im1081.png,negative
fearful/im1082.png,negative
fearful/im1084.png,negative
fearful/im1086.png,negative
fearful/im1088.png,negative
fearful/im1089.png,negative
fearful/im1095.png,negative
fearful/im1100.png,negative
fearful/im1101.png,negative
fearful/im1103.png,negative
fearful/im1106.png,negative
fearful/im1107.png,negative
fearful/im1111.png,negative
fearful/im1122.png,negative
fearful/im1124.png,negative
fearful/im1125.png,negative
fearful/im1130.png,negative
fearful/im1134.png,negative
fearful/im1141.png,negative
fearful/im1143.png,negative
fearful/im1144.png,negative
fearful/im1144_1.png,negative
fearful/im1148.png,negative
fearful/im1151.png,negative
fearful/im1157.png,negative
fearful/im1158.png,negative
fearful/im1164.png,negative
fearful/im1165.png,negative
fearful/im1166.png,negative
fearful/im1171.png,negative
fearful/im1174.png,negative
fearful/im1175.png,negative
fearful/im1176.png,negative
fearful/im1178.png,negative
fearful/im1178_2.png,negative
fearful/im1179.png,negative
fearful/im1181.png,negative
fearful/im1196.png,negative
fearful/im1198.png,negative
fearful/im1199.png,negative
fearful/im1200.png,negative
fearful/im1207_1.png,negative
fearful/im1208.png,negative
fearful/im1212.png,negative
fearful/im1215.png,negative
fearful/im1216.png,negative
fearful/im1217.png,negative
fearful/im1220.png,negative
fearful/im1224.png,negative
fearful/im1228.png,negative
fearful/im1232.png,negative
fearful/im1235.png,negative
fearful/im1236.png,negative
fearful/im1241.png,negative
fearful/im1247.png,negative
fearful/im1248.png,negative
fearful/im1253.png,negative
fearful/im1254.png,negative
fearful/im1256.png,negative
fearful/im1257.png,negative
fearful/im1262.png,negative
fearful/im1266_1.png,negative
fearful/im1269_2.png,negative
fearful/im1271.png,negative
fearful/im1273.png,negative
fearful/im1274.png,negative
fearful/im1280.png,negative
fearful/im1282.png,negative
fearful/im1282_1.png,negative
fearful/im1283.png,negative
fearful/im1288.png,negative
fearful/im1290_2.png,negative
fearful/im1296.png,negative
fearful/im1309.png,negative
fearful/im1311.png,negative
fearful/im1319.png,negative
fearful/im1322_1.png,negative
fearful/im1325.png,negative
fearful/im1329.png,negative
fearful/im1331.png,negative
fearful/im1332.png,negative
fearful/im1333.png,negative
fearful/im1338.png,negative
fearful/im1343.png,negative
fearful/im1344.png,negative
fearful/im1348.png,negative
fearful/im1349.png,negative
fearful/im1350.png,negative
fearful/im1352_2.png,negative
fearful/im1353.png,negative
fearful/im1361.png,negative
fearful/im1368.png,negative
fearful/im1372.png,negative
fearful/im1374.png,negative
fearful/im1375.png,negative
fearful/im1376_2.png,negative
fearful/im1378.png,negative
fearful/im1382.png,negative
fearful/im1383_2.png,negative
fearful/im1388.png,negative
fearful/im1388_1.png,negative
fearful/im1390.png,negative
fearful/im1402.png,negative
fearful/im1421.png,negative
fearful/im1424.png,negative
fearful/im1426.png,negative
fearful/im1428.png,negative
fearful/im1428_1.png,negative
fearful/im1434.png,negative
fearful/im1439.png,negative
fearful/im1443.png,negative
fearful/im1447.png,negative
fearful/im1448.png,negative
fearful/im1458.png,negative
fearful/im1459_2.png,negative
fearful/im1460.png,negative
fearful/im1464.png,negative
fearful/im1466.png,negative
fearful/im1470.png,negative
fearful/im1473.png,negative
fearful/im1474.png,negative
fearful/im1475.png,negative
fearful/im1476.png,negative
fearful/im1478.png,negative
fearful/im1487.png,negative
fearful/im1491.png,negative
fearful/im1493.png,negative
fearful/im1496.png,negative
fearful/im1497.png,negative
fearful/im1500.png,negative
fearful/im1502.png,negative
fearful/im1506.png,negative
fearful/im1508.png,negative
fearful/im1510.png,negative
fearful/im1510_1.png,negative
fearful/im1514.png,negative
fearful/im1515.png,negative
fearful/im1521.png,negative
fearful/im1523.png,negative
fearful/im1532.png,negative
fearful/im1533.png,negative
fearful/im1534.png,negative
fearful/im1535.png,negative
fearful/im1540_1.png,negative
fearful/im1543.png,negative
fearful/im1546.png,negative
fearful/im1549.png,negative
fearful/im1551.png,negative
fearful/im1552.png,negative
fearful/im1554.png,negative
fearful/im1564.png,negative
fearful/im1567.png,negative
fearful/im1568.png,negative
fearful/im1570.png,negative
fearful/im1573.png,negative
fearful/im1576.png,negative
fearful/im1592.png,negative
fearful/im1594.png,negative
fearful/im1595.png,negative
fearful/im1596.png,negative
fearful/im1598.png,negative
fearful/im1602.png,negative
fearful/im1608.png,negative
fearful/im1610.png,negative
fearful/im1617.png,negative
fearful/im1618.png,negative
fearful/im1627.png,negative
fearful/im1629_2.png,negative
fearful/im1633.png,negative
fearful/im1637.png,negative
fearful/im1639.png,negative
fearful/im1643.png,negative
fearful/im1648.png,negative
fearful/im1650.png,negative
fearful/im1659.png,negative
fearful/im1662.png,negative
fearful/im1663.png,negative
fearful/im1675.png,negative
fearful/im1681.png,negative
fearful/im1686.png,negative
fearful/im1687.png,negative
fearful/im1688.png,negative
fearful/im1689.png,negative
fearful/im1689_1.png,negative
fearful/im1690.png,negative
fearful/im1692.png,negative
fearful/im1698.png,negative
fearful/im1703.png,negative
fearful/im1719.png,negative
fearful/im1721.png,negative
fearful/im1723.png,negative
fearful/im1725.png,negative
fearful/im1725_1.png,negative
fearful/im1728.png,negative
fearful/im1734.png,negative
fearful/im1737.png,negative
fearful/im1739.png,negative
fearful/im1739_1.png,negative
fearful/im1745.png,negative
fearful/im1746.png,negative
fearful/im1750.png,negative
fearful/im1751.png,negative
fearful/im1753.png,negative
fearful/im1756.png,negative
fearful/im1759.png,negative
fearful/im1771.png,negative
fearful/im1781.png,negative
fearful/im1783.png,negative
fearful/im1785.png,negative
fearful/im1789.png,negative
fearful/im1790.png,negative
fearful/im1792.png,negative
fearful/im1796.png,negative
fearful/im1798.png,negative
fearful/im1800.png,negative
fearful/im1801.png,negative
fearful/im1806.png,negative
fearful/im1810.png,negative
fearful/im1810_2.png,negative
fearful/im1811.png,negative
fearful/im1813.png,negative
fearful/im1828.png,negative
fearful/im1829.png,negative
fearful/im1830.png,negative
fearful/im1842.png,negative
fearful/im1843.png,negative
fearful/im1844.png,negative
fearful/im1845.png,negative
fearful/im1846.png,negative
fearful/im1854.png,negative
fearful/im1855.png,negative
fearful/im1855_1.png,negative
fearful/im1856.png,negative
fearful/im1859.png,negative
fearful/im1866.png,negative
fearful/im1877.png,negative
fearful/im1881.png,negative
fearful/im1884.png,negative
fearful/im1886.png,negative
fearful/im1889.png,negative
fearful/im1891.png,negative
fearful/im1893.png,negative
fearful/im1897.png,negative
fearful/im1898.png,negative
fearful/im1901.png,negative
fearful/im1916.png,negative
fearful/im1917.png,negative
fearful/im1919.png,negative
fearful/im1920.png,negative
fearful/im1922.png,negative
fearful/im1929.png,negative
fearful/im1936.png,negative
fearful/im1937.png,negative
fearful/im1938.png,negative
fearful/im1939.png,negative
fearful/im1941.png,negative
fearful/im1943.png,negative
fearful/im1947.png,negative
fearful/im1947_1.png,negative
fearful/im1955.png,negative
fearful/im1978.png,negative
fearful/im1981.png,negative
fearful/im1987.png,negative
fearful/im1991.png,negative
fearful/im1992.png,negative
fearful/im1994.png,negative
fearful/im1996.png,negative
fearful/im1998.png,negative
fearful/im1999.png,negative
fearful/im2005.png,negative
fearful/im2008_1.png,negative
fearful/im2015.png,negative
fearful/im2019.png,negative
fearful/im2021.png,negative
fearful/im2022.png,negative
fearful/im2023.png,negative
fearful/im2024.png,negative
fearful/im2027.png,negative
fearful/im2028.png,negative
fearful/im2029.png,negative
fearful/im2032.png,negative
fearful/im2034.png,negative
fearful/im2035.png,negative
fearful/im2036.png,negative
fearful/im2040.png,negative
fearful/im2052.png,negative
fearful/im2061.png,negative
fearful/im2064.png,negative
fearful/im2065.png,negative
fearful/im2071.png,negative
fearful/im2072_1.png,negative
fearful/im2080.png,negative
fearful/im2088.png,negative
fearful/im2094.png,negative
fearful/im2097.png,negative
fearful/im2102_2.png,negative
fearful/im2105.png,negative
fearful/im2107.png,negative
fearful/im2111.png,negative
fearful/im2120.png,negative
fearful/im2121.png,negative
fearful/im2123.png,negative
fearful/im2126.png,negative
fearful/im2135.png,negative
fearful/im2146.png,negative
fearful/im2147.png,negative
fearful/im2176.png,negative
fearful/im2179.png,negative
fearful/im2179_1.png,negative
fearful/im2181.png,negative
fearful/im2186.png,negative
fearful/im2190.png,negative
fearful/im2194.png,negative
fearful/im2195.png,negative
fearful/im2195_1.png,negative
fearful/im2199.png,negative
fearful/im2202.png,negative
fearful/im2204.png,negative
fearful/im2210.png,negative
fearful/im2217.png,negative
fearful/im2220.png,negative
fearful/im2221.png,negative
fearful/im2225.png,negative
fearful/im2226.png,negative
fearful/im2234.png,negative
fearful/im2245.png,negative
fearful/im2248_1.png,negative
fearful/im2251.png,negative
fearful/im2252.png,negative
fearful/im2253.png,negative
fearful/im2257.png,negative
fearful/im2261.png,negative
fearful/im2262.png,negative
fearful/im2270.png,negative
fearful/im2272.png,negative
fearful/im2274.png,negative
fearful/im2277.png,negative
fearful/im2291.png,negative
fearful/im2297.png,negative
fearful/im2298.png,negative
fearful/im2306_1.png,negative
fearful/im2310.png,negative
fearful/im2311.png,negative
fearful/im2329.png,negative
fearful/im2337.png,negative
fearful/im2339.png,negative
fearful/im2341_2.png,negative
fearful/im2347_3_1.png,negative
fearful/im2356.png,negative
fearful/im2357.png,negative
fearful/im2371.png,negative
fearful/im2372.png,negative
fearful/im2378.png,negative
fearful/im2379.png,negative
fearful/im2382.png,negative
fearful/im2386.png,negative
fearful/im2393.png,negative
fearful/im2393_1.png,negative
fearful/im2399.png,negative
fearful/im2401.png,negative
fearful/im2406_1.png,negative
fearful/im2417.png,negative
fearful/im2419.png,negative
fearful/im2422.png,negative
fearful/im2432.png,negative
fearful/im2433.png,negative
fearful/im2435.png,negative
fearful/im2439.png,negative
fearful/im2442.png,negative
fearful/im2444.png,negative
fearful/im2445.png,negative
fearful/im2454.png,negative
fearful/im2457.png,negative
fearful/im2461.png,negative
fearful/im2463.png,negative
fearful/im2465.png,negative
fearful/im2466.png,negative
fearful/im2467.png,negative
fearful/im2470.png,negative
fearful/im2471_2.png,negative
fearful/im2475.png,negative
fearful/im2479.png,negative
fearful/im2483.png,negative
fearful/im2487.png,negative
fearful/im2489.png,negative
fearful/im2497.png,negative
fearful/im2502.png,negative
fearful/im2509.png,negative
fearful/im2511.png,negative
fearful/im2513.png,negative
fearful/im2516.png,negative
fearful/im2518.png,negative
fearful/im2519.png,negative
fearful/im2521.png,negative
fearful/im2522.png,negative
fearful/im2524.png,negative
fearful/im2530.png,negative
fearful/im2537.png,negative
fearful/im2541_1.png,negative
fearful/im2545.png,negative
fearful/im2550.png,negative
fearful/im2552.png,negative
fearful/im2552_1.png,negative
fearful/im2555.png,negative
fearful/im2557.png,negative
fearful/im2563.png,negative
fearful/im2566.png,negative
fearful/im2568.png,negative
fearful/im2572.png,negative
fearful/im2574.png,negative
fearful/im2585.png,negative
fearful/im2589.png,negative
fearful/im2608_1.png,negative
fearful/im2614.png,negative
fearful/im2616.png,negative
fearful/im2620.png,negative
fearful/im2627.png,negative
fearful/im2632.png,negative
fearful/im2636.png,negative
fearful/im2639.png,negative
fearful/im2643.png,negative
fearful/im2645.png,negative
fearful/im2649.png,negative
fearful/im2649_2.png,negative
fearful/im2650.png,negative
fearful/im2652.png,negative
fearful/im2659.png,negative
fearful/im2665.png,negative
fearful/im2667.png,negative
fearful/im2675.png,negative
fearful/im2685.png,negative
fearful/im2689.png,negative
fearful/im2694.png,negative
fearful/im2697_2.png,negative
fearful/im2698.png,negative
fearful/im2701.png,negative
fearful/im2703.png,negative
fearful/im2704.png,negative
fearful/im2705.png,negative
fearful/im2707.png,negative
fearful/im2710.png,negative
fearful/im2712.png,negative
fearful/im2714_1.png,negative
fearful/im2716.png,negative
fearful/im2718.png,negative
fearful/im2727.png,negative
fearful/im2730.png,negative
fearful/im2731.png,negative
fearful/im2737.png,negative
fearful/im2741.png,negative
fearful/im2748.png,negative
fearful/im2761.png,negative
fearful/im2765.png,negative
fearful/im2765_2_1.png,negative
fearful/im2766.png,negative
fearful/im2771.png,negative
fearful/im2772.png,negative
fearful/im2773.png,negative
fearful/im2776.png,negative
fearful/im2777.png,negative
fearful/im2790.png,negative
fearful/im2799.png,negative
fearful/im2800.png,negative
fearful/im2801.png,negative
fearful/im2805.png,negative
fearful/im2806.png,negative
fearful/im2810.png,negative
fearful/im2812.png,negative
fearful/im2815.png,negative
fearful/im2819.png,negative
fearful/im2837.png,negative
fearful/im2841.png,negative
fearful/im2841_2.png,negative
fearful/im2847_1.png,negative
fearful/im2848.png,negative
fearful/im2849.png,negative
fearful/im2850.png,negative
fearful/im2851.png,negative
fearful/im2852.png,negative
fearful/im2853.png,negative
fearful/im2858.png,negative
fearful/im2859.png,negative
fearful/im2861_2.png,negative
fearful/im2877.png,negative
fearful/im2881.png,negative
fearful/im2895.png,negative
fearful/im2896.png,negative
fearful/im2899.png,negative
fearful/im2900.png,negative
fearful/im2901.png,negative
fearful/im2905.png,negative
fearful/im2907.png,negative
fearful/im2909.png,negative
fearful/im2914.png,negative
fearful/im2916.png,negative
fearful/im2917.png,negative
fearful/im2928.png,negative
fearful/im2931.png,negative
fearful/im2932.png,negative
fearful/im2934.png,negative
fearful/im2937.png,negative
fearful/im2941_1.png,negative
fearful/im2943_1.png,negative
fearful/im2944.png,negative
fearful/im2944_2.png,negative
fearful/im2946.png,negative
fearful/im2948.png,negative
fearful/im2950.png,negative
fearful/im2952.png,negative
fearful/im2954.png,negative
fearful/im2955.png,negative
fearful/im2955_1.png,negative
fearful/im2958.png,negative
fearful/im2963.png,negative
fearful/im2964.png,negative
fearful/im2965.png,negative
fearful/im2965_1.png,negative
fearful/im2966.png,negative
fearful/im2968_1.png,negative
fearful/im2970.png,negative
fearful/im2975.png,negative
fearful/im2978.png,negative
fearful/im2985.png,negative
fearful/im2990.png,negative
fearful/im2991.png,negative
fearful/im2994.png,negative
fearful/im2997.png,negative
fearful/im2999.png,negative
fearful/im3001.png,negative
fearful/im3003.png,negative
fearful/im3007.png,negative
fearful/im3015.png,negative
fearful/im3016.png,negative
fearful/im3020.png,negative
fearful/im3023.png,negative
fearful/im3029.png,negative
fearful/im3029_1.png,negative
fearful/im3038.png,negative
fearful/im3039.png,negative
fearful/im3044.png,negative
fearful/im3045.png,negative
fearful/im3045_2.png,negative
fearful/im3047.png,negative
fearful/im3048.png,negative
fearful/im3058.png,negative
fearful/im3060_2.png,negative
fearful/im3061.png,negative
fearful/im3063.png,negative
fearful/im3067.png,negative
fearful/im3068.png,negative
fearful/im3069.png,negative
fearful/im3070.png,negative
fearful/im3076.png,negative
fearful/im3077.png,negative
fearful/im3081.png,negative
fearful/im3087.png,negative
fearful/im3088_2.png,negative
fearful/im3089.png,negative
fearful/im3090.png,negative
fearful/im3094.png,negative
fearful/im3098.png,negative
fearful/im3104.png,negative
fearful/im3105.png,negative
fearful/im3108.png,negative
fearful/im3109.png,negative
fearful/im3122.png,negative
fearful/im3126.png,negative
fearful/im3127.png,negative
fearful/im3135.png,negative
fearful/im3137.png,negative
fearful/im3147.png,negative
fearful/im3156.png,negative
fearful/im3159.png,negative
fearful/im3160.png,negative
fearful/im3161.png,negative
fearful/im3164.png,negative
fearful/im3167.png,negative
fearful/im3168.png,negative
fearful/im3176.png,negative
fearful/im3177.png,negative
fearful/im3184_1.png,negative
fearful/im3188.png,negative
fearful/im3190.png,negative
fearful/im3191.png,negative
fearful/im3193.png,negative
fearful/im3195.png,negative
fearful/im3196.png,negative
fearful/im3201.png,negative
fearful/im3203.png,negative
fearful/im3208.png,negative
fearful/im3214.png,negative
fearful/im3215.png,negative
fearful/im3216.png,negative
fearful/im3217.png,negative
fearful/im3220.png,negative
fearful/im3221.png,negative
fearful/im3221_2.png,negative
fearful/im3222.png,negative
fearful/im3227.png,negative
fearful/im3230_2.png,negative
fearful/im3235.png,negative
fearful/im3240_2.png,negative
fearful/im3241.png,negative
fearful/im3244.png,negative
fearful/im3245.png,negative
fearful/im3250.png,negative
fearful/im3251.png,negative
fearful/im3254.png,negative
fearful/im3255.png,negative
fearful/im3259.png,negative
fearful/im3263.png,negative
fearful/im3267.png,negative
fearful/im3268.png,negative
fearful/im3271.png,negative
fearful/im3274.png,negative
fearful/im3281_2.png,negative
fearful/im3291.png,negative
fearful/im3292.png,negative
fearful/im3295_2.png,negative
fearful/im3297.png,negative
fearful/im3301.png,negative
fearful/im3311.png,negative
fearful/im3323.png,negative
fearful/im3329.png,negative
fearful/im3332.png,negative
fearful/im3342.png,negative
fearful/im3350.png,negative
fearful/im3352.png,negative
fearful/im3362.png,negative
fearful/im3369.png,negative
fearful/im3373.png,negative
fearful/im3374.png,negative
fearful/im3375.png,negative
fearful/im3382.png,negative
fearful/im3385.png,negative
fearful/im3391.png,negative
fearful/im3394.png,negative
fearful/im3399.png,negative
fearful/im3402.png,negative
fearful/im3404.png,negative
fearful/im3405.png,negative
fearful/im3406.png,negative
fearful/im3411.png,negative
fearful/im3412.png,negative
fearful/im3415.png,negative
fearful/im3420.png,negative
fearful/im3424.png,negative
fearful/im3425.png,negative
fearful/im3428.png,negative
fearful/im3429.png,negative
fearful/im3431.png,negative
fearful/im3432.png,negative
fearful/im3433.png,negative
fearful/im3434.png,negative
fearful/im3437.png,negative
fearful/im3439.png,negative
fearful/im3443_3.png,negative
fearful/im3448.png,negative
fearful/im3453.png,negative
fearful/im3459.png,negative
fearful/im3465.png,negative
fearful/im3467.png,negative
fearful/im3472.png,negative
fearful/im3475.png,negative
fearful/im3479.png,negative
fearful/im3481.png,negative
fearful/im3484.png,negative
fearful/im3486.png,negative
fearful/im3487.png,negative
fearful/im3491_1.png,negative
fearful/im3496.png,negative
fearful/im3499.png,negative
fearful/im3501.png,negative
fearful/im3509.png,negative
fearful/im3514_1.png,negative
fearful/im3518.png,negative
fearful/im3527.png,negative
fearful/im3533.png,negative
fearful/im3533_1.png,negative
fearful/im3536.png,negative
fearful/im3537_1.png,negative
fearful/im3539.png,negative
fearful/im3540.png,negative
fearful/im3542.png,negative
fearful/im3544.png,negative
fearful/im3545.png,negative
fearful/im3546.png,negative
fearful/im3548.png,negative
fearful/im3549.png,negative
fearful/im3550.png,negative
fearful/im3553.png,negative
fearful/im3555.png,negative
fearful/im3556.png,negative
fearful/im3561.png,negative
fearful/im3570.png,negative
fearful/im3577.png,negative
fearful/im3586.png,negative
fearful/im3587.png,negative
fearful/im3588.png,negative
fearful/im3596.png,negative
fearful/im3604.png,negative
fearful/im3605.png,negative
fearful/im3616.png,negative
fearful/im3620.png,negative
fearful/im3621.png,negative
fearful/im3623.png,negative
fearful/im3625.png,negative
fearful/im3628.png,negative
fearful/im3631.png,negative
fearful/im3633.png,negative
fearful/im3635.png,negative
fearful/im3642.png,negative
fearful/im3644.png,negative
fearful/im3646.png,negative
fearful/im3647.png,negative
fearful/im3648.png,negative
fearful/im3656.png,negative
fearful/im3658.png,negative
fearful/im3660.png,negative
fearful/im3664.png,negative
fearful/im3665.png,negative
fearful/im3666.png,negative
fearful/im3675.png,negative
fearful/im3677.png,negative
fearful/im3678.png,negative
fearful/im3680_1.png,negative
fearful/im3682.png,negative
fearful/im3682_1.png,negative
fearful/im3688.png,negative
fearful/im3689.png,negative
fearful/im3692.png,negative
fearful/im3695_1.png,negative
fearful/im3696.png,negative
fearful/im3699.png,negative
fearful/im3701_1.png,negative
fearful/im3704.png,negative
fearful/im3712.png,negative
fearful/im3727.png,negative
fearful/im3728_1.png,negative
fearful/im3733.png,negative
fearful/im3737.png,negative
fearful/im3738.png,negative
fearful/im3739.png,negative
fearful/im3741.png,negative
fearful/im3742.png,negative
fearful/im3743.png,negative
fearful/im3752.png,negative
fearful/im3755.png,negative
fearful/im3756.png,negative
fearful/im3758.png,negative
fearful/im3758_1.png,negative
fearful/im3759.png,negative
fearful/im3764.png,negative
fearful/im3766.png,negative
fearful/im3768.png,negative
fearful/im3769.png,negative
fearful/im3777_1.png,negative
fearful/im3788.png,negative
fearful/im3789.png,negative
fearful/im3791.png,negative
fearful/im3792.png,negative
fearful/im3794.png,negative
fearful/im3797.png,negative
fearful/im3810.png,negative
fearful/im3815.png,negative
fearful/im3815_1.png,negative
fearful/im3817_3_1.png,negative
fearful/im3818_1.png,negative
fearful/im3822.png,negative
fearful/im3831.png,negative
fearful/im3831_2.png,negative
fearful/im3837_1.png,negative
fearful/im3843.png,negative
fearful/im3844_1.png,negative
fearful/im3846_2.png,negative
fearful/im3849.png,negative
fearful/im3854.png,negative
fearful/im3860.png,negative
fearful/im3863.png,negative
fearful/im3865.png,negative
fearful/im3886.png,negative
fearful/im3890.png,negative
fearful/im3893.png,negative
fearful/im3897.png,negative
fearful/im3903.png,negative
fearful/im3905.png,negative
fearful/im3906.png,negative
fearful/im3907.png,negative
fearful/im3911.png,negative
fearful/im3914.png,negative
fearful/im3918.png,negative
fearful/im3922.png,negative
fearful/im3926.png,negative
fearful/im3927.png,negative
fearful/im3933.png,negative
fearful/im3935.png,negative
fearful/im3942.png,negative
fearful/im3953.png,negative
fearful/im3956.png,negative
fearful/im3966.png,negative
fearful/im3970.png,negative
fearful/im3974.png,negative
fearful/im3975.png,negative
fearful/im3977.png,negative
fearful/im3981.png,negative
fearful/im3982.png,negative
fearful/im3983.png,negative
fearful/im3984.png,negative
fearful/im3986.png,negative
fearful/im3988.png,negative
fearful/im3990.png,negative
fearful/im3991.png,negative
fearful/im4008.png,negative
fearful/im4013.png,negative
fearful/im4022.png,negative
fearful/im4035.png,negative
fearful/im4037.png,negative
fearful/im4040.png,negative
fearful/im4041.png,negative
fearful/im4042.png,negative
fearful/im4045.png,negative
fearful/im4070.png,negative
fearful/im4073.png,negative
fearful/im4080.png,negative
fearful/im4084.png,negative
fearful/im4086_1.png,negative
fearful/im4090.png,negative
fearful/im4118_1.png,negative
fearful/im4123_1.png,negative
fearful/im4187_1.png,negative
fearful/im4220_1.png,negative
fearful/im4487_1.png,negative
fearful/im4494_1.png,negative
fearful/im4534_1.png,negative
fearful/im4557_1.png,negative
fearful/im4558_1.png,negative
fearful/im4648_1.png,negative
fearful/im4658_1.png,negative
fearful/im4667.png,negative
fearful/im4676_1.png,negative
fearful/im4682_1.png,negative
fearful/im4816_1.png,negative
fearful/sad-fearful/im24_1.png,negative
fearful/sad-fearful/im1071_1.png,negative
fearful/sad-fearful/im2009.png,negative
fearful/sad-fearful/im2756.png,negative
fearful/sad-fearful/im3178.png,negative
fearful/sad-fearful/im3299.png,negative
fearful/sad-fearful/im3920.png,negative
fearful/terrified/im84_1.png,negative
fearful/terrified/im148.png,negative
fearful/terrified/im214.png,negative
fearful/terrified/im296_1.png,negative
fearful/terrified/im319_1.png,negative
fearful/terrified/im332_2.png,negative
fearful/terrified/im502_2.png,negative
fearful/terrified/im761.png,negative
fearful/terrified/im797_2.png,negative
fearful/terrified/im818.png,negative
fearful/terrified/im878.png,negative
fearful/terrified/im967_1.png,negative
fearful/terrified/im1101.png,negative
fearful/terrified/im1121.png,negative
fearful/terrified/im1149.png,negative
fearful/terrified/im1159.png,negative
fearful/terrified/im1224_1.png,negative
fearful/terrified/im1225.png,negative
fearful/terrified/im1308_2.png,negative
fearful/terrified/im1423_2.png,negative
fearful/terrified/im1561_1.png,negative
fearful/terrified/im1582.png,negative
fearful/terrified/im1595.png,negative
fearful/terrified/im1663_1.png,negative
fearful/terrified/im1696.png,negative
fearful/terrified/im1736.png,negative
fearful/terrified/im1961_2.png,negative
fearful/terrified/im2151_2.png,negative
fearful/terrified/im2158.png,negative
fearful/terrified/im2212_1.png,negative
fearful/terrified/im2215.png,negative
fearful/terrified/im2407.png,negative
fearful/terrified/im2473.png,negative
fearful/terrified/im2474.png,negative
fearful/terrified/im2567.png,negative
fearful/terrified/im2576.png,negative
fearful/terrified/im2651_2.png,negative
fearful/terrified/im2721.png,negative
fearful/terrified/im2752_2.png,negative
fearful/terrified/im2803.png,negative
fearful/terrified/im2886_2.png,negative
fearful/terrified/im2936.png,negative
fearful/terrified/im3022.png,negative
fearful/terrified/im3090.png,negative
fearful/terrified/im3178_2.png,negative
fearful/terrified/im3195_2.png,negative
fearful/terrified/im3200.png,negative
fearful/terrified/im3234_2.png,negative
fearful/terrified/im3407_1.png,negative
fearful/terrified/im3505.png,negative
fearful/terrified/im3523_1.png,negative
fearful/terrified/im3537_2.png,negative
fearful/terrified/im3554.png,negative
fearful/terrified/im3684_2.png,negative
fearful/terrified/im3718.png,negative
fearful/terrified/im3865_1.png,negative
fearful/terrified/im3891.png,negative
fearful/terrified/im3984_2.png,negative
fearful/terrified/terrified-scream/im12.png,negative
fearful/terrified/terrified-scream/im43.png,negative
fearful/terrified/terrified-scream/im47.png,negative
fearful/terrified/terrified-scream/im63.png,negative
fearful/terrified/terrified-scream/im79.png,negative
fearful/terrified/terrified-scream/im124.png,negative
fearful/terrified/terrified-scream/im142.png,negative
fearful/terrified/terrified-scream/im158_2.png,negative
fearful/terrified/terrified-scream/im159_2.png,negative
fearful/terrified/terrified-scream/im166.png,negative
fearful/terrified/terrified-scream/im213_2.png,negative
fearful/terrified/terrified-scream/im227_2.png,negative
fearful/terrified/terrified-scream/im253.png,negative
fearful/terrified/terrified-scream/im254_2.png,negative
fearful/terrified/terrified-scream/im273.png,negative
fearful/terrified/terrified-scream/im276_2.png,negative
fearful/terrified/terrified-scream/im299_2.png,negative
fearful/terrified/terrified-scream/im303.png,negative
fearful/terrified/terrified-scream/im319.png,negative
fearful/terrified/terrified-scream/im330.png,negative
fearful/terrified/terrified-scream/im348_2.png,negative
fearful/terrified/terrified-scream/im371_2.png,negative
fearful/terrified/terrified-scream/im384.png,negative
fearful/terrified/terrified-scream/im385_2.png,negative
fearful/terrified/terrified-scream/im393.png,negative
fearful/terrified/terrified-scream/im422_2.png,negative
fearful/terrified/terrified-scream/im505_2.png,negative
fearful/terrified/terrified-scream/im518.png,negative
fearful/terrified/terrified-scream/im553.png,negative
fearful/terrified/terrified-scream/im591.png,negative
fearful/terrified/terrified-scream/im637.png,negative
fearful/terrified/terrified-scream/im638.png,negative
fearful/terrified/terrified-scream/im642.png,negative
fearful/terrified/terrified-scream/im736_2.png,negative
fearful/terrified/terrified-scream/im805.png,negative
fearful/terrified/terrified-scream/im813.png,negative
fearful/terrified/terrified-scream/im835_2.png,negative
fearful/terrified/terrified-scream/im847.png,negative
fearful/terrified/terrified-scream/im853_2.png,negative
fearful/terrified/terrified-scream/im876.png,negative
fearful/terrified/terrified-scream/im893_2.png,negative
fearful/terrified/terrified-scream/im898.png,negative
fearful/terrified/terrified-scream/im904.png,negative
fearful/terrified/terrified-scream/im911.png,negative
fearful/terrified/terrified-scream/im921_2.png,negative
fearful/terrified/terrified-scream/im949_2.png,negative
fearful/terrified/terrified-scream/im1021.png,negative
fearful/terrified/terrified-scream/im1052_2.png,negative
fearful/terrified/terrified-scream/im1118.png,negative
fearful/terrified/terrified-scream/im1123.png,negative
fearful/terrified/terrified-scream/im1162.png,negative
fearful/terrified/terrified-scream/im1186_2.png,negative
fearful/terrified/terrified-scream/im1206.png,negative
fearful/terrified/terrified-scream/im1213_2.png,negative
fearful/terrified/terrified-scream/im1244_2.png,negative
fearful/terrified/terrified-scream/im1250_2.png,negative
fearful/terrified/terrified-scream/im1254_2.png,negative
fearful/terrified/terrified-scream/im1283.png,negative
fearful/terrified/terrified-scream/im1287_2.png,negative
fearful/terrified/terrified-scream/im1314.png,negative
fearful/terrified/terrified-scream/im1386.png,negative
fearful/terrified/terrified-scream/im1402_2.png,negative
fearful/terrified/terrified-scream/im1405.png,negative
fearful/terrified/terrified-scream/im1422.png,negative
fearful/terrified/terrified-scream/im1469.png,negative
fearful/terrified/terrified-scream/im1526.png,negative
fearful/terrified/terrified-scream/im1527.png,negative
fearful/terrified/terrified-scream/im1528_2.png,negative
fearful/terrified/terrified-scream/im1538.png,negative
fearful/terrified/terrified-scream/im1548.png,negative
fearful/terrified/terrified-scream/im1627.png,negative
fearful/terrified/terrified-scream/im1631.png,negative
fearful/terrified/terrified-scream/im1648_2.png,negative
fearful/terrified/terrified-scream/im1699.png,negative
fearful/terrified/terrified-scream/im1702.png,negative
fearful/terrified/terrified-scream/im1704.png,negative
fearful/terrified/terrified-scream/im1717.png,negative
fearful/terrified/terrified-scream/im1717_1.png,negative
fearful/terrified/terrified-scream/im1723.png,negative
fearful/terrified/terrified-scream/im1731.png,negative
fearful/terrified/terrified-scream/im1764_2.png,negative
fearful/terrified/terrified-scream/im1778.png,negative
fearful/terrified/terrified-scream/im1806_2.png,negative
fearful/terrified/terrified-scream/im1807.png,negative
fearful/terrified/terrified-scream/im1818.png,negative
fearful/terrified/terrified-scream/im1826.png,negative
fearful/terrified/terrified-scream/im1830_2.png,negative
fearful/terrified/terrified-scream/im1842_2.png,negative
fearful/terrified/terrified-scream/im1887_2.png,negative
fearful/terrified/terrified-scream/im1903.png,negative
fearful/terrified/terrified-scream/im1913.png,negative
fearful/terrified/terrified-scream/im1915.png,negative
fearful/terrified/terrified-scream/im1963_2.png,negative
fearful/terrified/terrified-scream/im1987.png,negative
fearful/terrified/terrified-scream/im2066.png,negative
fearful/terrified/terrified-scream/im2073.png,negative
fearful/terrified/terrified-scream/im2081.png,negative
fearful/terrified/terrified-scream/im2108.png,negative
fearful/terrified/terrified-scream/im2127.png,negative
fearful/terrified/terrified-scream/im2159.png,negative
fearful/terrified/terrified-scream/im2198_2.png,negative
fearful/terrified/terrified-scream/im2206.png,negative
fearful/terrified/terrified-scream/im2208.png,negative
fearful/terrified/terrified-scream/im2209.png,negative
fearful/terrified/terrified-scream/im2215.png,negative
fearful/terrified/terrified-scream/im2218_2.png,negative
fearful/terrified/terrified-scream/im2264.png,negative
fearful/terrified/terrified-scream/im2272_2.png,negative
fearful/terrified/terrified-scream/im2320.png,negative
fearful/terrified/terrified-scream/im2329_2.png,negative
fearful/terrified/terrified-scream/im2345_2.png,negative
fearful/terrified/terrified-scream/im2438.png,negative
fearful/terrified/terrified-scream/im2470.png,negative
fearful/terrified/terrified-scream/im2478_2.png,negative
fearful/terrified/terrified-scream/im2558.png,negative
fearful/terrified/terrified-scream/im2586_2.png,negative
fearful/terrified/terrified-scream/im2593_2.png,negative
fearful/terrified/terrified-scream/im2644_2.png,negative
fearful/terrified/terrified-scream/im2646_2.png,negative
fearful/terrified/terrified-scream/im2662.png,negative
fearful/terrified/terrified-scream/im2676.png,negative
fearful/terrified/terrified-scream/im2684.png,negative
fearful/terrified/terrified-scream/im2693_2.png,negative
fearful/terrified/terrified-scream/im2695.png,negative
fearful/terrified/terrified-scream/im2702.png,negative
fearful/terrified/terrified-scream/im2720.png,negative
fearful/terrified/terrified-scream/im2739_2.png,negative
fearful/terrified/terrified-scream/im2760.png,negative
fearful/terrified/terrified-scream/im2767_2.png,negative
fearful/terrified/terrified-scream/im2783.png,negative
fearful/terrified/terrified-scream/im2809_1.png,negative
fearful/terrified/terrified-scream/im2817_2.png,negative
fearful/terrified/terrified-scream/im2844.png,negative
fearful/terrified/terrified-scream/im2862.png,negative
fearful/terrified/terrified-scream/im2864.png,negative
fearful/terrified/terrified-scream/im2866.png,negative
fearful/terrified/terrified-scream/im2879.png,negative
fearful/terrified/terrified-scream/im2885_2.png,negative
fearful/terrified/terrified-scream/im2899_2.png,negative
fearful/terrified/terrified-scream/im2912.png,negative
fearful/terrified/terrified-scream/im2920.png,negative
fearful/terrified/terrified-scream/im2922.png,negative
fearful/terrified/terrified-scream/im2966_2.png,negative
fearful/terrified/terrified-scream/im2980_2.png,negative
fearful/terrified/terrified-scream/im3083_2.png,negative
fearful/terrified/terrified-scream/im3116_2.png,negative
fearful/terrified/terrified-scream/im3117.png,negative
fearful/terrified/terrified-scream/im3120.png,negative
fearful/terrified/terrified-scream/im3152_2.png,negative
fearful/terrified/terrified-scream/im3269.png,negative
fearful/terrified/terrified-scream/im3283.png,negative
fearful/terrified/terrified-scream/im3284_2.png,negative
fearful/terrified/terrified-scream/im3315.png,negative
fearful/terrified/terrified-scream/im3315_2.png,negative
fearful/terrified/terrified-scream/im3331_1.png,negative
fearful/terrified/terrified-scream/im3335.png,negative
fearful/terrified/terrified-scream/im3340_2.png,negative
fearful/terrified/terrified-scream/im3342_2.png,negative
fearful/terrified/terrified-scream/im3355.png,negative
fearful/terrified/terrified-scream/im3377.png,negative
fearful/terrified/terrified-scream/im3377_2.png,negative
fearful/terrified/terrified-scream/im3387_2.png,negative
fearful/terrified/terrified-scream/im3469.png,negative
fearful/terrified/terrified-scream/im3473.png,negative
fearful/terrified/terrified-scream/im3503.png,negative
fearful/terrified/terrified-scream/im3509_2.png,negative
fearful/terrified/terrified-scream/im3531.png,negative
fearful/terrified/terrified-scream/im3535.png,negative
fearful/terrified/terrified-scream/im3588_2.png,negative
fearful/terrified/terrified-scream/im3592_2.png,negative
fearful/terrified/terrified-scream/im3607.png,negative
fearful/terrified/terrified-scream/im3643_2.png,negative
fearful/terrified/terrified-scream/im3651.png,negative
fearful/terrified/terrified-scream/im3661.png,negative
fearful/terrified/terrified-scream/im3707.png,negative
fearful/terrified/terrified-scream/im3740.png,negative
fearful/terrified/terrified-scream/im3749.png,negative
fearful/terrified/terrified-scream/im3809.png,negative
fearful/terrified/terrified-scream/im3812_2.png,negative
fearful/terrified/terrified-scream/im3862.png,negative
fearful/terrified/terrified-scream/im3900.png,negative
fearful/terrified/terrified-scream/im3948.png,negative
fearful/terrified/terrified-scream/im3960.png,negative
fearful/terrified/terrified-scream/im4005.png,negative
fearful/terrified/terrified-scream/im4058.png,negative
fearful/terrified/terrified-scream/im4079.png,negative
fearful/terrified/terrified-scream/im4138.png,negative
fearful/terrified/terrified-scream/im4422.png,negative
fearful/terrified/terrified-scream/im4447_1.png,negative
fearful/terrified/terrified-scream/im4967_1.png,negative
fearful/terrified/terrified-totalface/im60.png,negative
fearful/terrified/terrified-totalface/im74.png,negative
fearful/terrified/terrified-totalface/im146.png,negative
fearful/terrified/terrified-totalface/im277.png,negative
fearful/terrified/terrified-totalface/im476.png,negative
fearful/terrified/terrified-totalface/im495.png,negative
fearful/terrified/terrified-totalface/im746.png,negative
fearful/terrified/terrified-totalface/im1004.png,negative
fearful/terrified/terrified-totalface/im1156.png,negative
fearful/terrified/terrified-totalface/im1203.png,negative
fearful/terrified/terrified-totalface/im1316.png,negative
fearful/terrified/terrified-totalface/im1604.png,negative
fearful/terrified/terrified-totalface/im1775.png,negative
fearful/terrified/terrified-totalface/im1860.png,negative
fearful/terrified/terrified-totalface/im2171.png,negative
fearful/terrified/terrified-totalface/im2338.png,negative
fearful/terrified/terrified-totalface/im2443.png,negative
fearful/terrified/terrified-totalface/im2553.png,negative
fearful/terrified/terrified-totalface/im2738.png,negative
fearful/terrified/terrified-totalface/im2768.png,negative
fearful/terrified/terrified-totalface/im2869.png,negative
fearful/terrified/terrified-totalface/im3131.png,negative
fearful/terrified/terrified-totalface/im3339.png,negative
fearful/terrified/terrified-totalface/im3510.png,negative
fearful/terrified/terrified-totalface/im3818.png,negative
fearful/terrified/terrified-totalface/im4047.png,negative
fearful/worried-fearful/im0_1.png,negative
fearful/worried-fearful/im1.png,negative
fearful/worried-fearful/im13.png,negative
fearful/worried-fearful/im13_1.png,negative
fearful/worried-fearful/im19.png,negative
fearful/worried-fearful/im23.png,negative
fearful/worried-fearful/im25_1.png,negative
fearful/worried-fearful/im37.png,negative
fearful/worried-fearful/im44.png,negative
fearful/worried-fearful/im51.png,negative
fearful/worried-fearful/im61.png,negative
fearful/worried-fearful/im73.png,negative
fearful/worried-fearful/im73_1.png,negative
fearful/worried-fearful/im89.png,negative
fearful/worried-fearful/im91.png,negative
fearful/worried-fearful/im95.png,negative
fearful/worried-fearful/im98.png,negative
fearful/worried-fearful/im101.png,negative
fearful/worried-fearful/im103.png,negative
fearful/worried-fearful/im105.png,negative
fearful/worried-fearful/im115.png,negative
fearful/worried-fearful/im119.png,negative
fearful/worried-fearful/im121.png,negative
fearful/worried-fearful/im123.png,negative
fearful/worried-fearful/im125.png,negative
fearful/worried-fearful/im129.png,negative
fearful/worried-fearful/im139.png,negative
fearful/worried-fearful/im146.png,negative
fearful/worried-fearful/im151.png,negative
fearful/worried-fearful/im157.png,negative
fearful/worried-fearful/im164.png,negative
fearful/worried-fearful/im166.png,negative
fearful/worried-fearful/im169.png,negative
fearful/worried-fearful/im185.png,negative
fearful/worried-fearful/im199.png,negative
fearful/worried-fearful/im218.png,negative
fearful/worried-fearful/im222.png,negative
fearful/worried-fearful/im247.png,negative
fearful/worried-fearful/im260.png,negative
fearful/worried-fearful/im297_1.png,negative
fearful/worried-fearful/im327.png,negative
fearful/worried-fearful/im342_2.png,negative
fearful/worried-fearful/im368.png,negative
fearful/worried-fearful/im391.png,negative
fearful/worried-fearful/im402.png,negative
fearful/worried-fearful/im414.png,negative
fearful/worried-fearful/im442.png,negative
fearful/worried-fearful/im485.png,negative
fearful/worried-fearful/im509.png,negative
fearful/worried-fearful/im513.png,negative
fearful/worried-fearful/im531.png,negative
fearful/worried-fearful/im532.png,negative
fearful/worried-fearful/im540.png,negative
fearful/worried-fearful/im541.png,negative
fearful/worried-fearful/im545.png,negative
fearful/worried-fearful/im549_1.png,negative
fearful/worried-fearful/im553.png,negative
fearful/worried-fearful/im589.png,negative
fearful/worried-fearful/im595.png,negative
fearful/worried-fearful/im612_2.png,negative
fearful/worried-fearful/im618.png,negative
fearful/worried-fearful/im624.png,negative
fearful/worried-fearful/im661.png,negative
fearful/worried-fearful/im673.png,negative
fearful/worried-fearful/im688.png,negative
fearful/worried-fearful/im692.png,negative
fearful/worried-fearful/im702_2.png,negative
fearful/worried-fearful/im709_1.png,negative
fearful/worried-fearful/im719.png,negative
fearful/worried-fearful/im719_1.png,negative
fearful/worried-fearful/im727.png,negative
fearful/worried-fearful/im752_2.png,negative
fearful/worried-fearful/im753.png,negative
fearful/worried-fearful/im770.png,negative
fearful/worried-fearful/im773.png,negative
fearful/worried-fearful/im777.png,negative
fearful/worried-fearful/im821.png,negative
fearful/worried-fearful/im822.png,negative
fearful/worried-fearful/im830.png,negative
fearful/worried-fearful/im832.png,negative
fearful/worried-fearful/im833.png,negative
fearful/worried-fearful/im837.png,negative
fearful/worried-fearful/im865.png,negative
fearful/worried-fearful/im874.png,negative
fearful/worried-fearful/im890.png,negative
fearful/worried-fearful/im900.png,negative
fearful/worried-fearful/im903.png,negative
fearful/worried-fearful/im946.png,negative
fearful/worried-fearful/im989.png,negative
fearful/worried-fearful/im1010.png,negative
fearful/worried-fearful/im1014.png,negative
fearful/worried-fearful/im1018.png,negative
fearful/worried-fearful/im1024.png,negative
fearful/worried-fearful/im1028.png,negative
fearful/worried-fearful/im1038.png,negative
fearful/worried-fearful/im1056.png,negative
fearful/worried-fearful/im1059.png,negative
fearful/worried-fearful/im1087.png,negative
fearful/worried-fearful/im1098.png,negative
fearful/worried-fearful/im1113.png,negative
fearful/worried-fearful/im1119_1.png,negative
fearful/worried-fearful/im1124_2.png,negative
fearful/worried-fearful/im1127.png,negative
fearful/worried-fearful/im1128.png,negative
fearful/worried-fearful/im1128_1.png,negative
fearful/worried-fearful/im1133.png,negative
fearful/worried-fearful/im1141.png,negative
fearful/worried-fearful/im1177.png,negative
fearful/worried-fearful/im1182.png,negative
fearful/worried-fearful/im1215.png,negative
fearful/worried-fearful/im1228.png,negative
fearful/worried-fearful/im1243.png,negative
fearful/worried-fearful/im1249.png,negative
fearful/worried-fearful/im1276.png,negative
fearful/worried-fearful/im1291.png,negative
fearful/worried-fearful/im1352.png,negative
fearful/worried-fearful/im1358.png,negative
fearful/worried-fearful/im1367.png,negative
fearful/worried-fearful/im1370.png,negative
fearful/worried-fearful/im1400.png,negative
fearful/worried-fearful/im1404.png,negative
fearful/worried-fearful/im1413_1.png,negative
fearful/worried-fearful/im1418.png,negative
fearful/worried-fearful/im1421.png,negative
fearful/worried-fearful/im1434.png,negative
fearful/worried-fearful/im1446.png,negative
fearful/worried-fearful/im1463.png,negative
fearful/worried-fearful/im1482.png,negative
fearful/worried-fearful/im1501.png,negative
fearful/worried-fearful/im1507.png,negative
fearful/worried-fearful/im1507_1.png,negative
fearful/worried-fearful/im1514.png,negative
fearful/worried-fearful/im1515.png,negative
fearful/worried-fearful/im1520.png,negative
fearful/worried-fearful/im1556.png,negative
fearful/worried-fearful/im1577.png,negative
fearful/worried-fearful/im1599.png,negative
fearful/worried-fearful/im1620.png,negative
fearful/worried-fearful/im1631.png,negative
fearful/worried-fearful/im1635.png,negative
fearful/worried-fearful/im1647.png,negative
fearful/worried-fearful/im1651.png,negative
fearful/worried-fearful/im1651_1.png,negative
fearful/worried-fearful/im1654.png,negative
fearful/worried-fearful/im1656.png,negative
fearful/worried-fearful/im1656_1.png,negative
fearful/worried-fearful/im1658.png,negative
fearful/worried-fearful/im1660.png,negative
fearful/worried-fearful/im1676.png,negative
fearful/worried-fearful/im1677.png,negative
fearful/worried-fearful/im1678.png,negative
fearful/worried-fearful/im1749.png,negative
fearful/worried-fearful/im1784_2.png,negative
fearful/worried-fearful/im1794.png,negative
fearful/worried-fearful/im1799.png,negative
fearful/worried-fearful/im1819.png,negative
fearful/worried-fearful/im1836.png,negative
fearful/worried-fearful/im1837_2.png,negative
fearful/worried-fearful/im1849_1.png,negative
fearful/worried-fearful/im1851.png,negative
fearful/worried-fearful/im1858.png,negative
fearful/worried-fearful/im1894_2.png,negative
fearful/worried-fearful/im1924.png,negative
fearful/worried-fearful/im1926.png,negative
fearful/worried-fearful/im1928.png,negative
fearful/worried-fearful/im1929.png,negative
fearful/worried-fearful/im1952.png,negative
fearful/worried-fearful/im1964.png,negative
fearful/worried-fearful/im2009.png,negative
fearful/worried-fearful/im2012_1.png,negative
fearful/worried-fearful/im2017.png,negative
fearful/worried-fearful/im2029.png,negative
fearful/worried-fearful/im2038.png,negative
fearful/worried-fearful/im2043.png,negative
fearful/worried-fearful/im2044_2.png,negative
fearful/worried-fearful/im2049.png,negative
fearful/worried-fearful/im2051.png,negative
fearful/worried-fearful/im2053.png,negative
fearful/worried-fearful/im2075.png,negative
fearful/worried-fearful/im2099.png,negative
fearful/worried-fearful/im2109.png,negative
fearful/worried-fearful/im2133.png,negative
fearful/worried-fearful/im2140.png,negative
fearful/worried-fearful/im2157.png,negative
fearful/worried-fearful/im2161.png,negative
fearful/worried-fearful/im2167.png,negative
fearful/worried-fearful/im2170.png,negative
fearful/worried-fearful/im2172.png,negative
fearful/worried-fearful/im2188.png,negative
fearful/worried-fearful/im2203.png,negative
fearful/worried-fearful/im2234.png,negative
fearful/worried-fearful/im2255_2.png,negative
fearful/worried-fearful/im2272.png,negative
fearful/worried-fearful/im2289.png,negative
fearful/worried-fearful/im2317.png,negative
fearful/worried-fearful/im2449.png,negative
fearful/worried-fearful/im2490.png,negative
fearful/worried-fearful/im2501.png,negative
fearful/worried-fearful/im2505.png,negative
fearful/worried-fearful/im2536.png,negative
fearful/worried-fearful/im2549.png,negative
fearful/worried-fearful/im2560.png,negative
fearful/worried-fearful/im2582.png,negative
fearful/worried-fearful/im2610.png,negative
fearful/worried-fearful/im2674.png,negative
fearful/worried-fearful/im2719.png,negative
fearful/worried-fearful/im2744.png,negative
fearful/worried-fearful/im2800.png,negative
fearful/worried-fearful/im2802.png,negative
fearful/worried-fearful/im2813.png,negative
fearful/worried-fearful/im2815.png,negative
fearful/worried-fearful/im2819.png,negative
fearful/worried-fearful/im2822.png,negative
fearful/worried-fearful/im2843.png,negative
fearful/worried-fearful/im2859_2.png,negative
fearful/worried-fearful/im2862.png,negative
fearful/worried-fearful/im2870.png,negative
fearful/worried-fearful/im2872.png,negative
fearful/worried-fearful/im2929_2.png,negative
fearful/worried-fearful/im2941.png,negative
fearful/worried-fearful/im2968.png,negative
fearful/worried-fearful/im2977.png,negative
fearful/worried-fearful/im2987.png,negative
fearful/worried-fearful/im3005.png,negative
fearful/worried-fearful/im3006.png,negative
fearful/worried-fearful/im3006_1.png,negative
fearful/worried-fearful/im3008.png,negative
fearful/worried-fearful/im3011.png,negative
fearful/worried-fearful/im3013.png,negative
fearful/worried-fearful/im3021.png,negative
fearful/worried-fearful/im3039.png,negative
fearful/worried-fearful/im3057.png,negative
fearful/worried-fearful/im3080.png,negative
fearful/worried-fearful/im3091.png,negative
fearful/worried-fearful/im3095.png,negative
fearful/worried-fearful/im3097.png,negative
fearful/worried-fearful/im3103.png,negative
fearful/worried-fearful/im3106.png,negative
fearful/worried-fearful/im3128.png,negative
fearful/worried-fearful/im3136.png,negative
fearful/worried-fearful/im3155.png,negative
fearful/worried-fearful/im3156.png,negative
fearful/worried-fearful/im3160.png,negative
fearful/worried-fearful/im3173.png,negative
fearful/worried-fearful/im3188.png,negative
fearful/worried-fearful/im3189.png,negative
fearful/worried-fearful/im3189_1.png,negative
fearful/worried-fearful/im3197.png,negative
fearful/worried-fearful/im3238.png,negative
fearful/worried-fearful/im3276.png,negative
fearful/worried-fearful/im3301.png,negative
fearful/worried-fearful/im3323.png,negative
fearful/worried-fearful/im3351.png,negative
fearful/worried-fearful/im3358.png,negative
fearful/worried-fearful/im3363.png,negative
fearful/worried-fearful/im3370.png,negative
fearful/worried-fearful/im3384.png,negative
fearful/worried-fearful/im3396_1.png,negative
fearful/worried-fearful/im3410.png,negative
fearful/worried-fearful/im3410_1.png,negative
fearful/worried-fearful/im3413.png,negative
fearful/worried-fearful/im3443.png,negative
fearful/worried-fearful/im3467.png,negative
fearful/worried-fearful/im3497.png,negative
fearful/worried-fearful/im3550_2.png,negative
fearful/worried-fearful/im3568.png,negative
fearful/worried-fearful/im3584.png,negative
fearful/worried-fearful/im3585.png,negative
fearful/worried-fearful/im3589.png,negative
fearful/worried-fearful/im3592.png,negative
fearful/worried-fearful/im3594.png,negative
fearful/worried-fearful/im3626.png,negative
fearful/worried-fearful/im3671.png,negative
fearful/worried-fearful/im3685.png,negative
fearful/worried-fearful/im3692.png,negative
fearful/worried-fearful/im3694.png,negative
fearful/worried-fearful/im3723_1.png,negative
fearful/worried-fearful/im3725.png,negative
fearful/worried-fearful/im3740.png,negative
fearful/worried-fearful/im3752_1.png,negative
fearful/worried-fearful/im3761.png,negative
fearful/worried-fearful/im3830_2.png,negative
fearful/worried-fearful/im3855.png,negative
fearful/worried-fearful/im3866.png,negative
fearful/worried-fearful/im3868.png,negative
fearful/worried-fearful/im3924.png,negative
fearful/worried-fearful/im3939.png,negative
fearful/worried-fearful/im3940.png,negative
fearful/worried-fearful/im3951.png,negative
fearful/worried-fearful/im3968.png,negative
fearful/worried-fearful/im3973.png,negative
fearful/worried-fearful/im3978.png,negative
fearful/worried-fearful/im4000.png,negative
fearful/worried-fearful/im4000_1.png,negative
fearful/worried-fearful/im4025.png,negative
fearful/worried-fearful/im4087.png,negative
fearful/worried-fearful/im4095.png,negative
fearful/worried-fearful/im4142_1.png,negative
fearful/worried-fearful/im4257.png,negative
fearful/worried-fearful/im4277.png,negative
fearful/worried-fearful/im4319.png,negative
fearful/worried-fearful/im4328.png,negative
fearful/worried-fearful/im4330.png,negative
fearful/worried-fearful/im4345.png,negative
fearful/worried-fearful/im4391.png,negative
fearful/worried-fearful/im4395.png,negative
fearful/worried-fearful/im4398.png,negative
fearful/worried-fearful/im4405.png,negative
fearful/worried-fearful/im4514.png,negative
fearful/worried-fearful/im4519.png,negative
fearful/worried-fearful/im4524.png,negative
fearful/worried-fearful/im4543.png,negative
fearful/worried-fearful/im4551.png,negative
fearful/worried-fearful/im4571.png,negative
fearful/worried-fearful/im4641.png,negative
fearful/worried-fearful/im4740.png,negative
fearful/worried-fearful/im4741.png,negative
fearful/worried-fearful/im4812.png,negative
fearful/worried-fearful/im4856.png,negative
fearful/worried-fearful/im4926.png,negative
fearful/worried-fearful/im7067.png,negative
fearful/worried-neutral/im0.png,negative
fearful/worried-neutral/im0_2.png,negative
fearful/worried-neutral/im1_2.png,negative
fearful/worried-neutral/im7.png,negative
fearful/worried-neutral/im11.png,negative
fearful/worried-neutral/im15.png,negative
fearful/worried-neutral/im15_1.png,negative
fearful/worried-neutral/im15_2.png,negative
fearful/worried-neutral/im16.png,negative
fearful/worried-neutral/im18.png,negative
fearful/worried-neutral/im28.png,negative
fearful/worried-neutral/im32.png,negative
fearful/worried-neutral/im37.png,negative
fearful/worried-neutral/im41.png,negative
fearful/worried-neutral/im62.png,negative
fearful/worried-neutral/im65.png,negative
fearful/worried-neutral/im66.png,negative
fearful/worried-neutral/im67.png,negative
fearful/worried-neutral/im83_1.png,negative
fearful/worried-neutral/im88.png,negative
fearful/worried-neutral/im89.png,negative
fearful/worried-neutral/im90.png,negative
fearful/worried-neutral/im93.png,negative
fearful/worried-neutral/im99.png,negative
fearful/worried-neutral/im100.png,negative
fearful/worried-neutral/im109.png,negative
fearful/worried-neutral/im143.png,negative
fearful/worried-neutral/im145.png,negative
fearful/worried-neutral/im149.png,negative
fearful/worried-neutral/im162.png,negative
fearful/worried-neutral/im170_2.png,negative
fearful/worried-neutral/im189.png,negative
fearful/worried-neutral/im197.png,negative
fearful/worried-neutral/im209.png,negative
fearful/worried-neutral/im209_1.png,negative
fearful/worried-neutral/im252.png,negative
fearful/worried-neutral/im259.png,negative
fearful/worried-neutral/im279.png,negative
fearful/worried-neutral/im287.png,negative
fearful/worried-neutral/im309_1.png,negative
fearful/worried-neutral/im313_2.png,negative
fearful/worried-neutral/im314.png,negative
fearful/worried-neutral/im337_1.png,negative
fearful/worried-neutral/im345.png,negative
fearful/worried-neutral/im350.png,negative
fearful/worried-neutral/im356.png,negative
fearful/worried-neutral/im382.png,negative
fearful/worried-neutral/im412_1.png,negative
fearful/worried-neutral/im414.png,negative
fearful/worried-neutral/im419.png,negative
fearful/worried-neutral/im445_2.png,negative
fearful/worried-neutral/im461.png,negative
fearful/worried-neutral/im470.png,negative
fearful/worried-neutral/im478.png,negative
fearful/worried-neutral/im482_2.png,negative
fearful/worried-neutral/im494.png,negative
fearful/worried-neutral/im526.png,negative
fearful/worried-neutral/im529.png,negative
fearful/worried-neutral/im539.png,negative
fearful/worried-neutral/im552.png,negative
fearful/worried-neutral/im584.png,negative
fearful/worried-neutral/im585_2.png,negative
fearful/worried-neutral/im599.png,negative
fearful/worried-neutral/im608.png,negative
fearful/worried-neutral/im619.png,negative
fearful/worried-neutral/im649.png,negative
fearful/worried-neutral/im683.png,negative
fearful/worried-neutral/im711.png,negative
fearful/worried-neutral/im735.png,negative
fearful/worried-neutral/im765.png,negative
fearful/worried-neutral/im766.png,negative
fearful/worried-neutral/im776.png,negative
fearful/worried-neutral/im781.png,negative
fearful/worried-neutral/im785.png,negative
fearful/worried-neutral/im821.png,negative
fearful/worried-neutral/im828.png,negative
fearful/worried-neutral/im871.png,negative
fearful/worried-neutral/im874.png,negative
fearful/worried-neutral/im920.png,negative
fearful/worried-neutral/im930.png,negative
fearful/worried-neutral/im933_1.png,negative
fearful/worried-neutral/im937.png,negative
fearful/worried-neutral/im942.png,negative
fearful/worried-neutral/im969.png,negative
fearful/worried-neutral/im988.png,negative
fearful/worried-neutral/im992.png,negative
fearful/worried-neutral/im1012.png,negative
fearful/worried-neutral/im1023.png,negative
fearful/worried-neutral/im1034.png,negative
fearful/worried-neutral/im1042.png,negative
fearful/worried-neutral/im1057.png,negative
fearful/worried-neutral/im1118.png,negative
fearful/worried-neutral/im1130.png,negative
fearful/worried-neutral/im1131.png,negative
fearful/worried-neutral/im1132.png,negative
fearful/worried-neutral/im1145.png,negative
fearful/worried-neutral/im1147.png,negative
fearful/worried-neutral/im1150.png,negative
fearful/worried-neutral/im1277.png,negative
fearful/worried-neutral/im1279_1.png,negative
fearful/worried-neutral/im1283_1.png,negative
fearful/worried-neutral/im1298.png,negative
fearful/worried-neutral/im1302.png,negative
fearful/worried-neutral/im1350.png,negative
fearful/worried-neutral/im1351_1.png,negative
fearful/worried-neutral/im1412.png,negative
fearful/worried-neutral/im1414.png,negative
fearful/worried-neutral/im1417.png,negative
fearful/worried-neutral/im1452.png,negative
fearful/worried-neutral/im1455.png,negative
fearful/worried-neutral/im1455_1.png,negative
fearful/worried-neutral/im1478.png,negative
fearful/worried-neutral/im1528.png,negative
fearful/worried-neutral/im1530.png,negative
fearful/worried-neutral/im1550.png,negative
fearful/worried-neutral/im1551_1.png,negative
fearful/worried-neutral/im1559.png,negative
fearful/worried-neutral/im1581.png,negative
fearful/worried-neutral/im1589.png,negative
fearful/worried-neutral/im1601_1.png,negative
fearful/worried-neutral/im1604_1.png,negative
fearful/worried-neutral/im1618.png,negative
fearful/worried-neutral/im1625.png,negative
fearful/worried-neutral/im1635_2.png,negative
fearful/worried-neutral/im1638.png,negative
fearful/worried-neutral/im1641.png,negative
fearful/worried-neutral/im1642.png,negative
fearful/worried-neutral/im1645.png,negative
fearful/worried-neutral/im1667.png,negative
fearful/worried-neutral/im1682.png,negative
fearful/worried-neutral/im1686.png,negative
fearful/worried-neutral/im1704.png,negative
fearful/worried-neutral/im1729.png,negative
fearful/worried-neutral/im1732.png,negative
fearful/worried-neutral/im1740.png,negative
fearful/worried-neutral/im1742.png,negative
fearful/worried-neutral/im1743_2.png,negative
fearful/worried-neutral/im1746.png,negative
fearful/worried-neutral/im1760.png,negative
fearful/worried-neutral/im1775.png,negative
fearful/worried-neutral/im1777.png,negative
fearful/worried-neutral/im1797.png,negative
fearful/worried-neutral/im1802.png,negative
fearful/worried-neutral/im1804_2.png,negative
fearful/worried-neutral/im1810.png,negative
fearful/worried-neutral/im1810_1.png,negative
fearful/worried-neutral/im1817.png,negative
fearful/worried-neutral/im1847.png,negative
fearful/worried-neutral/im1852.png,negative
fearful/worried-neutral/im1864.png,negative
fearful/worried-neutral/im1873.png,negative
fearful/worried-neutral/im1884.png,negative
fearful/worried-neutral/im1898_2.png,negative
fearful/worried-neutral/im1916.png,negative
fearful/worried-neutral/im1918.png,negative
fearful/worried-neutral/im1920.png,negative
fearful/worried-neutral/im1921.png,negative
fearful/worried-neutral/im1921_1.png,negative
fearful/worried-neutral/im1923.png,negative
fearful/worried-neutral/im1942.png,negative
fearful/worried-neutral/im1948.png,negative
fearful/worried-neutral/im1963.png,negative
fearful/worried-neutral/im1987_2.png,negative
fearful/worried-neutral/im1989.png,negative
fearful/worried-neutral/im1999_1.png,negative
fearful/worried-neutral/im2001.png,negative
fearful/worried-neutral/im2007_1.png,negative
fearful/worried-neutral/im2013.png,negative
fearful/worried-neutral/im2018.png,negative
fearful/worried-neutral/im2035.png,negative
fearful/worried-neutral/im2045.png,negative
fearful/worried-neutral/im2046.png,negative
fearful/worried-neutral/im2077.png,negative
fearful/worried-neutral/im2108_2.png,negative
fearful/worried-neutral/im2113.png,negative
fearful/worried-neutral/im2113_1.png,negative
fearful/worried-neutral/im2128.png,negative
fearful/worried-neutral/im2131_2.png,negative
fearful/worried-neutral/im2142.png,negative
fearful/worried-neutral/im2145.png,negative
fearful/worried-neutral/im2146.png,negative
fearful/worried-neutral/im2147.png,negative
fearful/worried-neutral/im2187.png,negative
fearful/worried-neutral/im2196.png,negative
fearful/worried-neutral/im2202.png,negative
fearful/worried-neutral/im2203_2.png,negative
fearful/worried-neutral/im2206.png,negative
fearful/worried-neutral/im2236_3.png,negative
fearful/worried-neutral/im2244.png,negative
fearful/worried-neutral/im2252.png,negative
fearful/worried-neutral/im2265.png,negative
fearful/worried-neutral/im2271.png,negative
fearful/worried-neutral/im2275.png,negative
fearful/worried-neutral/im2279.png,negative
fearful/worried-neutral/im2291.png,negative
fearful/worried-neutral/im2301.png,negative
fearful/worried-neutral/im2306.png,negative
fearful/worried-neutral/im2313.png,negative
fearful/worried-neutral/im2340_2.png,negative
fearful/worried-neutral/im2348.png,negative
fearful/worried-neutral/im2352.png,negative
fearful/worried-neutral/im2398_1.png,negative
fearful/worried-neutral/im2399_2.png,negative
fearful/worried-neutral/im2404.png,negative
fearful/worried-neutral/im2422.png,negative
fearful/worried-neutral/im2424.png,negative
fearful/worried-neutral/im2429_2.png,negative
fearful/worried-neutral/im2430_2.png,negative
fearful/worried-neutral/im2442.png,negative
fearful/worried-neutral/im2448.png,negative
fearful/worried-neutral/im2452_2.png,negative
fearful/worried-neutral/im2456.png,negative
fearful/worried-neutral/im2458.png,negative
fearful/worried-neutral/im2458_1.png,negative
fearful/worried-neutral/im2461.png,negative
fearful/worried-neutral/im2472.png,negative
fearful/worried-neutral/im2498.png,negative
fearful/worried-neutral/im2515.png,negative
fearful/worried-neutral/im2525.png,negative
fearful/worried-neutral/im2540.png,negative
fearful/worried-neutral/im2544.png,negative
fearful/worried-neutral/im2548.png,negative
fearful/worried-neutral/im2555.png,negative
fearful/worried-neutral/im2559.png,negative
fearful/worried-neutral/im2572.png,negative
fearful/worried-neutral/im2576.png,negative
fearful/worried-neutral/im2589.png,negative
fearful/worried-neutral/im2590.png,negative
fearful/worried-neutral/im2590_2.png,negative
fearful/worried-neutral/im2591.png,negative
fearful/worried-neutral/im2605.png,negative
fearful/worried-neutral/im2608.png,negative
fearful/worried-neutral/im2621.png,negative
fearful/worried-neutral/im2621_1.png,negative
fearful/worried-neutral/im2630.png,negative
fearful/worried-neutral/im2631.png,negative
fearful/worried-neutral/im2656_1.png,negative
fearful/worried-neutral/im2666_1.png,negative
fearful/worried-neutral/im2670.png,negative
fearful/worried-neutral/im2726.png,negative
fearful/worried-neutral/im2737.png,negative
fearful/worried-neutral/im2749.png,negative
fearful/worried-neutral/im2752.png,negative
fearful/worried-neutral/im2753.png,negative
fearful/worried-neutral/im2759.png,negative
fearful/worried-neutral/im2760.png,negative
fearful/worried-neutral/im2769.png,negative
fearful/worried-neutral/im2769_2_1.png,negative
fearful/worried-neutral/im2773_2.png,negative
fearful/worried-neutral/im2790_1.png,negative
fearful/worried-neutral/im2795.png,negative
fearful/worried-neutral/im2798.png,negative
fearful/worried-neutral/im2802.png,negative
fearful/worried-neutral/im2808_2.png,negative
fearful/worried-neutral/im2812.png,negative
fearful/worried-neutral/im2814.png,negative
fearful/worried-neutral/im2818.png,negative
fearful/worried-neutral/im2824.png,negative
fearful/worried-neutral/im2829.png,negative
fearful/worried-neutral/im2830.png,negative
fearful/worried-neutral/im2831.png,negative
fearful/worried-neutral/im2836.png,negative
fearful/worried-neutral/im2841.png,negative
fearful/worried-neutral/im2842.png,negative
fearful/worried-neutral/im2844.png,negative
fearful/worried-neutral/im2848.png,negative
fearful/worried-neutral/im2851.png,negative
fearful/worried-neutral/im2855.png,negative
fearful/worried-neutral/im2857.png,negative
fearful/worried-neutral/im2878.png,negative
fearful/worried-neutral/im2882.png,negative
fearful/worried-neutral/im2893.png,negative
fearful/worried-neutral/im2894.png,negative
fearful/worried-neutral/im2901.png,negative
fearful/worried-neutral/im2904.png,negative
fearful/worried-neutral/im2910.png,negative
fearful/worried-neutral/im2918.png,negative
fearful/worried-neutral/im2942_2.png,negative
fearful/worried-neutral/im2960.png,negative
fearful/worried-neutral/im2983.png,negative
fearful/worried-neutral/im2984.png,negative
fearful/worried-neutral/im2986.png,negative
fearful/worried-neutral/im2992.png,negative
fearful/worried-neutral/im3017.png,negative
fearful/worried-neutral/im3021_1.png,negative
fearful/worried-neutral/im3033.png,negative
fearful/worried-neutral/im3033_1.png,negative
fearful/worried-neutral/im3036.png,negative
fearful/worried-neutral/im3037.png,negative
fearful/worried-neutral/im3061_1.png,negative
fearful/worried-neutral/im3067.png,negative
fearful/worried-neutral/im3087.png,negative
fearful/worried-neutral/im3098.png,negative
fearful/worried-neutral/im3119.png,negative
fearful/worried-neutral/im3121.png,negative
fearful/worried-neutral/im3127.png,negative
fearful/worried-neutral/im3170_1.png,negative
fearful/worried-neutral/im3190_1.png,negative
fearful/worried-neutral/im3201.png,negative
fearful/worried-neutral/im3205.png,negative
fearful/worried-neutral/im3207.png,negative
fearful/worried-neutral/im3210.png,negative
fearful/worried-neutral/im3212.png,negative
fearful/worried-neutral/im3212_1.png,negative
fearful/worried-neutral/im3224.png,negative
fearful/worried-neutral/im3232.png,negative
fearful/worried-neutral/im3247.png,negative
fearful/worried-neutral/im3249.png,negative
fearful/worried-neutral/im3277.png,negative
fearful/worried-neutral/im3287.png,negative
fearful/worried-neutral/im3300.png,negative
fearful/worried-neutral/im3303.png,negative
fearful/worried-neutral/im3340.png,negative
fearful/worried-neutral/im3348.png,negative
fearful/worried-neutral/im3358.png,negative
fearful/worried-neutral/im3395_2.png,negative
fearful/worried-neutral/im3418.png,negative
fearful/worried-neutral/im3432_2.png,negative
fearful/worried-neutral/im3442.png,negative
fearful/worried-neutral/im3444.png,negative
fearful/worried-neutral/im3457_1.png,negative
fearful/worried-neutral/im3495.png,negative
fearful/worried-neutral/im3510.png,negative
fearful/worried-neutral/im3512.png,negative
fearful/worried-neutral/im3527.png,negative
fearful/worried-neutral/im3571.png,negative
fearful/worried-neutral/im3581.png,negative
fearful/worried-neutral/im3597.png,negative
fearful/worried-neutral/im3599_2.png,negative
fearful/worried-neutral/im3600.png,negative
fearful/worried-neutral/im3622_2.png,negative
fearful/worried-neutral/im3624.png,negative
fearful/worried-neutral/im3627.png,negative
fearful/worried-neutral/im3628.png,negative
fearful/worried-neutral/im3633.png,negative
fearful/worried-neutral/im3637.png,negative
fearful/worried-neutral/im3644.png,negative
fearful/worried-neutral/im3646.png,negative
fearful/worried-neutral/im3652.png,negative
fearful/worried-neutral/im3668.png,negative
fearful/worried-neutral/im3681.png,negative
fearful/worried-neutral/im3683_1.png,negative
fearful/worried-neutral/im3702.png,negative
fearful/worried-neutral/im3713.png,negative
fearful/worried-neutral/im3722.png,negative
fearful/worried-neutral/im3741.png,negative
fearful/worried-neutral/im3742.png,negative
fearful/worried-neutral/im3755.png,negative
fearful/worried-neutral/im3761.png,negative
fearful/worried-neutral/im3761_2.png,negative
fearful/worried-neutral/im3771.png,negative
fearful/worried-neutral/im3780.png,negative
fearful/worried-neutral/im3796.png,negative
fearful/worried-neutral/im3804.png,negative
fearful/worried-neutral/im3813.png,negative
fearful/worried-neutral/im3820_2.png,negative
fearful/worried-neutral/im3825.png,negative
fearful/worried-neutral/im3838.png,negative
fearful/worried-neutral/im3869.png,negative
fearful/worried-neutral/im3871_2.png,negative
fearful/worried-neutral/im3874.png,negative
fearful/worried-neutral/im3880.png,negative
fearful/worried-neutral/im3881.png,negative
fearful/worried-neutral/im3921.png,negative
fearful/worried-neutral/im3928.png,negative
fearful/worried-neutral/im3935.png,negative
fearful/worried-neutral/im3945.png,negative
fearful/worried-neutral/im3950.png,negative
fearful/worried-neutral/im3991_2.png,negative
fearful/worried-neutral/im3998.png,negative
fearful/worried-neutral/im4009.png,negative
fearful/worried-neutral/im4014.png,negative
fearful/worried-neutral/im4030.png,negative
fearful/worried-neutral/im4032.png,negative
fearful/worried-neutral/im4038.png,negative
fearful/worried-neutral/im4039.png,negative
fearful/worried-neutral/im4040_1.png,negative
fearful/worried-neutral/im4064.png,negative
fearful/worried-neutral/im4094.png,negative
fearful/worried-neutral/im4132.png,negative
fearful/worried-neutral/im4134.png,negative
fearful/worried-neutral/im4154_1.png,negative
fearful/worried-neutral/im4178.png,negative
fearful/worried-neutral/im4182_1.png,negative
fearful/worried-neutral/im4192.png,negative
fearful/worried-neutral/im4229.png,negative
fearful/worried-neutral/im4250_1.png,negative
fearful/worried-neutral/im4267.png,negative
fearful/worried-neutral/im4305.png,negative
fearful/worried-neutral/im4315.png,negative
fearful/worried-neutral/im4425.png,negative
fearful/worried-neutral/im4436.png,negative
fearful/worried-neutral/im4466.png,negative
fearful/worried-neutral/im4473.png,negative
fearful/worried-neutral/im4530.png,negative
fearful/worried-neutral/im4536.png,negative
fearful/worried-neutral/im4540.png,negative
fearful/worried-neutral/im4599.png,negative
fearful/worried-neutral/im4615.png,negative
fearful/worried-neutral/im4619.png,negative
fearful/worried-neutral/im4633.png,negative
fearful/worried-neutral/im4648.png,negative
fearful/worried-neutral/im4676_1.png,negative
fearful/worried-neutral/im4704_1.png,negative
fearful/worried-neutral/im4745.png,negative
fearful/worried-neutral/im4756.png,negative
fearful/worried-neutral/im4788.png,negative
fearful/worried-neutral/im4798.png,negative
fearful/worried-neutral/im4844.png,negative
fearful/worried-neutral/im4919_1.png,negative
fearful/worried-neutral/im4955.png,negative
sad/attention-sad/im186.png,negative
sad/attention-sad/im294.png,negative
sad/attention-sad/im428_1.png,negative
sad/attention-sad/im819_2.png,negative
sad/attention-sad/im1353.png,negative
sad/attention-sad/im1435.png,negative
sad/attention-sad/im1453_1.png,negative
sad/attention-sad/im1513.png,negative
sad/attention-sad/im1557.png,negative
sad/attention-sad/im1562_2.png,negative
sad/attention-sad/im1771.png,negative
sad/attention-sad/im1773_2.png,negative
sad/attention-sad/im1937_1.png,negative
sad/attention-sad/im2013_1.png,negative
sad/attention-sad/im2049_2.png,negative
sad/attention-sad/im2385.png,negative
sad/attention-sad/im2556.png,negative
sad/attention-sad/im2572.png,negative
sad/attention-sad/im2609.png,negative
sad/attention-sad/im2716.png,negative
sad/attention-sad/im2716_2.png,negative
sad/attention-sad/im2766.png,negative
sad/attention-sad/im2780.png,negative
sad/attention-sad/im2802.png,negative
sad/attention-sad/im2874.png,negative
sad/attention-sad/im3026_2.png,negative
sad/attention-sad/im3064.png,negative
sad/attention-sad/im3065.png,negative
sad/attention-sad/im3073_1.png,negative
sad/attention-sad/im3134.png,negative
sad/attention-sad/im3159_2.png,negative
sad/attention-sad/im3248_1.png,negative
sad/attention-sad/im3260.png,negative
sad/attention-sad/im3353.png,negative
sad/attention-sad/im3411.png,negative
sad/attention-sad/im3863_1.png,negative
sad/attention-sad/im4032_1.png,negative
sad/attention-sad/im4066.png,negative
sad/attention-sad/im4107.png,negative
sad/attention-sad/im4252_1.png,negative
sad/attention-sad/im4286_1.png,negative
sad/attention-sad/im4343.png,negative
sad/attention-sad/im4378_1.png,negative
sad/attention-sad/im4442.png,negative
sad/attention-sad/im4443_1.png,negative
sad/attention-sad/im4479.png,negative
sad/attention-sad/im4481.png,negative
sad/attention-sad/im4515.png,negative
sad/attention-sad/im4640.png,negative
sad/attention-sad/im4661_1.png,negative
sad/attention-sad/im4664_1.png,negative
sad/attention-sad/im4668_1.png,negative
sad/crying/im5.png,negative
sad/crying/im7.png,negative
sad/crying/im20.png,negative
sad/crying/im20_1.png,negative
sad/crying/im23.png,negative
sad/crying/im40_2.png,negative
sad/crying/im44.png,negative
sad/crying/im45.png,negative
sad/crying/im46.png,negative
sad/crying/im48.png,negative
sad/crying/im52.png,negative
sad/crying/im53.png,negative
sad/crying/im57.png,negative
sad/crying/im61.png,negative
sad/crying/im63.png,negative
sad/crying/im67_2.png,negative
sad/crying/im70_2.png,negative
sad/crying/im81.png,negative
sad/crying/im85_1.png,negative
sad/crying/im88.png,negative
sad/crying/im98_2.png,negative
sad/crying/im121.png,negative
sad/crying/im132.png,negative
sad/crying/im132_2.png,negative
sad/crying/im137.png,negative
sad/crying/im138.png,negative
sad/crying/im154.png,negative
sad/crying/im173.png,negative
sad/crying/im176.png,negative
sad/crying/im182.png,negative
sad/crying/im188.png,negative
sad/crying/im194.png,negative
sad/crying/im201.png,negative
sad/crying/im206.png,negative
sad/crying/im213.png,negative
sad/crying/im216.png,negative
sad/crying/im219.png,negative
sad/crying/im220.png,negative
sad/crying/im224.png,negative
sad/crying/im226.png,negative
sad/crying/im240.png,negative
sad/crying/im242_2.png,negative
sad/crying/im249.png,negative
sad/crying/im255_1.png,negative
sad/crying/im258.png,negative
sad/crying/im271.png,negative
sad/crying/im273_2.png,negative
sad/crying/im277.png,negative
sad/crying/im282.png,negative
sad/crying/im291_2_1.png,negative
sad/crying/im292.png,negative
sad/crying/im293_1.png,negative
sad/crying/im301.png,negative
sad/crying/im302.png,negative
sad/crying/im306.png,negative
sad/crying/im311.png,negative
sad/crying/im324.png,negative
sad/crying/im326_1.png,negative
sad/crying/im336.png,negative
sad/crying/im340.png,negative
sad/crying/im340_2.png,negative
sad/crying/im341_1.png,negative
sad/crying/im348.png,negative
sad/crying/im351.png,negative
sad/crying/im355.png,negative
sad/crying/im364.png,negative
sad/crying/im365.png,negative
sad/crying/im368.png,negative
sad/crying/im370.png,negative
sad/crying/im382.png,negative
sad/crying/im386.png,negative
sad/crying/im393.png,negative
sad/crying/im396_1.png,negative
sad/crying/im407.png,negative
sad/crying/im410.png,negative
sad/crying/im411.png,negative
sad/crying/im422_1.png,negative
sad/crying/im429.png,negative
sad/crying/im431.png,negative
sad/crying/im451.png,negative
sad/crying/im479.png,negative
sad/crying/im480.png,negative
sad/crying/im484.png,negative
sad/crying/im504.png,negative
sad/crying/im506.png,negative
sad/crying/im516.png,negative
sad/crying/im517.png,negative
sad/crying/im521.png,negative
sad/crying/im543.png,negative
sad/crying/im544.png,negative
sad/crying/im547_2.png,negative
sad/crying/im551.png,negative
sad/crying/im566.png,negative
sad/crying/im568.png,negative
sad/crying/im574.png,negative
sad/crying/im576.png,negative
sad/crying/im579.png,negative
sad/crying/im581.png,negative
sad/crying/im590.png,negative
sad/crying/im592.png,negative
sad/crying/im613_2.png,negative
sad/crying/im620.png,negative
sad/crying/im624.png,negative
sad/crying/im645.png,negative
sad/crying/im654.png,negative
sad/crying/im660.png,negative
sad/crying/im666.png,negative
sad/crying/im667.png,negative
sad/crying/im668.png,negative
sad/crying/im684.png,negative
sad/crying/im687.png,negative
sad/crying/im691.png,negative
sad/crying/im693.png,negative
sad/crying/im700.png,negative
sad/crying/im701.png,negative
sad/crying/im705.png,negative
sad/crying/im707.png,negative
sad/crying/im708.png,negative
sad/crying/im716_2.png,negative
sad/crying/im722.png,negative
sad/crying/im730.png,negative
sad/crying/im736.png,negative
sad/crying/im749.png,negative
sad/crying/im757.png,negative
sad/crying/im763.png,negative
sad/crying/im769.png,negative
sad/crying/im775.png,negative
sad/crying/im790.png,negative
sad/crying/im793.png,negative
sad/crying/im797.png,negative
sad/crying/im809.png,negative
sad/crying/im809_2.png,negative
sad/crying/im811.png,negative
sad/crying/im811_2.png,negative
sad/crying/im815.png,negative
sad/crying/im846.png,negative
sad/crying/im847_2.png,negative
sad/crying/im851.png,negative
sad/crying/im863.png,negative
sad/crying/im868.png,negative
sad/crying/im879_2.png,negative
sad/crying/im880.png,negative
sad/crying/im889.png,negative
sad/crying/im892.png,negative
sad/crying/im895.png,negative
sad/crying/im901.png,negative
sad/crying/im905.png,negative
sad/crying/im921.png,negative
sad/crying/im922.png,negative
sad/crying/im923.png,negative
sad/crying/im941.png,negative
sad/crying/im950.png,negative
sad/crying/im956.png,negative
sad/crying/im958.png,negative
sad/crying/im960.png,negative
sad/crying/im968.png,negative
sad/crying/im973.png,negative
sad/crying/im978_2.png,negative
sad/crying/im980_2.png,negative
sad/crying/im982.png,negative
sad/crying/im986.png,negative
sad/crying/im986_1.png,negative
sad/crying/im987_2.png,negative
sad/crying/im990.png,negative
sad/crying/im996.png,negative
sad/crying/im999.png,negative
sad/crying/im1007.png,negative
sad/crying/im1008.png,negative
sad/crying/im1011_2.png,negative
sad/crying/im1012.png,negative
sad/crying/im1024.png,negative
sad/crying/im1025.png,negative
sad/crying/im1039.png,negative
sad/crying/im1041.png,negative
sad/crying/im1043.png,negative
sad/crying/im1051.png,negative
sad/crying/im1063.png,negative
sad/crying/im1066.png,negative
sad/crying/im1067.png,negative
sad/crying/im1072.png,negative
sad/crying/im1073.png,negative
sad/crying/im1074.png,negative
sad/crying/im1092.png,negative
sad/crying/im1093.png,negative
sad/crying/im1097.png,negative
sad/crying/im1102.png,negative
sad/crying/im1113.png,negative
sad/crying/im1116.png,negative
sad/crying/im1129_2.png,negative
sad/crying/im1160.png,negative
sad/crying/im1165.png,negative
sad/crying/im1167_2.png,negative
sad/crying/im1176.png,negative
sad/crying/im1178.png,negative
sad/crying/im1180.png,negative
sad/crying/im1183.png,negative
sad/crying/im1193.png,negative
sad/crying/im1194.png,negative
sad/crying/im1195.png,negative
sad/crying/im1205.png,negative
sad/crying/im1227.png,negative
sad/crying/im1230.png,negative
sad/crying/im1237.png,negative
sad/crying/im1242.png,negative
sad/crying/im1245.png,negative
sad/crying/im1247.png,negative
sad/crying/im1258.png,negative
sad/crying/im1260.png,negative
sad/crying/im1271.png,negative
sad/crying/im1283_2.png,negative
sad/crying/im1288.png,negative
sad/crying/im1295.png,negative
sad/crying/im1295_2.png,negative
sad/crying/im1309.png,negative
sad/crying/im1311.png,negative
sad/crying/im1314.png,negative
sad/crying/im1316.png,negative
sad/crying/im1321.png,negative
sad/crying/im1328.png,negative
sad/crying/im1337.png,negative
sad/crying/im1338.png,negative
sad/crying/im1340.png,negative
sad/crying/im1347.png,negative
sad/crying/im1354.png,negative
sad/crying/im1359_2.png,negative
sad/crying/im1360_2.png,negative
sad/crying/im1362.png,negative
sad/crying/im1383.png,negative
sad/crying/im1387.png,negative
sad/crying/im1391.png,negative
sad/crying/im1391_2.png,negative
sad/crying/im1395.png,negative
sad/crying/im1398.png,negative
sad/crying/im1399.png,negative
sad/crying/im1402.png,negative
sad/crying/im1405.png,negative
sad/crying/im1413.png,negative
sad/crying/im1415.png,negative
sad/crying/im1415_1.png,negative
sad/crying/im1416.png,negative
sad/crying/im1431.png,negative
sad/crying/im1438.png,negative
sad/crying/im1445.png,negative
sad/crying/im1459.png,negative
sad/crying/im1466_2.png,negative
sad/crying/im1469.png,negative
sad/crying/im1473.png,negative
sad/crying/im1479.png,negative
sad/crying/im1488.png,negative
sad/crying/im1494.png,negative
sad/crying/im1505.png,negative
sad/crying/im1506.png,negative
sad/crying/im1519.png,negative
sad/crying/im1540.png,negative
sad/crying/im1554.png,negative
sad/crying/im1557.png,negative
sad/crying/im1562.png,negative
sad/crying/im1562_1.png,negative
sad/crying/im1566.png,negative
sad/crying/im1570_2.png,negative
sad/crying/im1574.png,negative
sad/crying/im1582.png,negative
sad/crying/im1585.png,negative
sad/crying/im1589_2.png,negative
sad/crying/im1590.png,negative
sad/crying/im1592.png,negative
sad/crying/im1593_2.png,negative
sad/crying/im1599.png,negative
sad/crying/im1621.png,negative
sad/crying/im1630.png,negative
sad/crying/im1636.png,negative
sad/crying/im1639.png,negative
sad/crying/im1648.png,negative
sad/crying/im1650.png,negative
sad/crying/im1657.png,negative
sad/crying/im1668.png,negative
sad/crying/im1668_2.png,negative
sad/crying/im1677.png,negative
sad/crying/im1680.png,negative
sad/crying/im1681.png,negative
sad/crying/im1690.png,negative
sad/crying/im1702.png,negative
sad/crying/im1708.png,negative
sad/crying/im1715_1.png,negative
sad/crying/im1736.png,negative
sad/crying/im1741.png,negative
sad/crying/im1751.png,negative
sad/crying/im1757.png,negative
sad/crying/im1758_1.png,negative
sad/crying/im1759_2.png,negative
sad/crying/im1768.png,negative
sad/crying/im1774.png,negative
sad/crying/im1777_2.png,negative
sad/crying/im1783.png,negative
sad/crying/im1786.png,negative
sad/crying/im1787.png,negative
sad/crying/im1789.png,negative
sad/crying/im1791.png,negative
sad/crying/im1793_2.png,negative
sad/crying/im1800.png,negative
sad/crying/im1816.png,negative
sad/crying/im1818.png,negative
sad/crying/im1825.png,negative
sad/crying/im1831.png,negative
sad/crying/im1833.png,negative
sad/crying/im1835.png,negative
sad/crying/im1836.png,negative
sad/crying/im1839.png,negative
sad/crying/im1840_1.png,negative
sad/crying/im1846.png,negative
sad/crying/im1856.png,negative
sad/crying/im1862.png,negative
sad/crying/im1863.png,negative
sad/crying/im1877.png,negative
sad/crying/im1896_2.png,negative
sad/crying/im1897.png,negative
sad/crying/im1910.png,negative
sad/crying/im1911.png,negative
sad/crying/im1912.png,negative
sad/crying/im1913.png,negative
sad/crying/im1914.png,negative
sad/crying/im1915.png,negative
sad/crying/im1917.png,negative
sad/crying/im1919.png,negative
sad/crying/im1924.png,negative
sad/crying/im1926.png,negative
sad/crying/im1927.png,negative
sad/crying/im1928.png,negative
sad/crying/im1931.png,negative
sad/crying/im1933.png,negative
sad/crying/im1935.png,negative
sad/crying/im1940_1.png,negative
sad/crying/im1941.png,negative
sad/crying/im1957.png,negative
sad/crying/im1966_1.png,negative
sad/crying/im1967.png,negative
sad/crying/im1974.png,negative
sad/crying/im1981.png,negative
sad/crying/im1983.png,negative
sad/crying/im1997.png,negative
sad/crying/im1999.png,negative
sad/crying/im2000.png,negative
sad/crying/im2003.png,negative
sad/crying/im2012_2.png,negative
sad/crying/im2015.png,negative
sad/crying/im2019.png,negative
sad/crying/im2023.png,negative
sad/crying/im2026.png,negative
sad/crying/im2044.png,negative
sad/crying/im2054_1.png,negative
sad/crying/im2064.png,negative
sad/crying/im2085.png,negative
sad/crying/im2096.png,negative
sad/crying/im2099.png,negative
sad/crying/im2104.png,negative
sad/crying/im2105.png,negative
sad/crying/im2106.png,negative
sad/crying/im2110_2.png,negative
sad/crying/im2114.png,negative
sad/crying/im2124.png,negative
sad/crying/im2128.png,negative
sad/crying/im2134.png,negative
sad/crying/im2139.png,negative
sad/crying/im2149.png,negative
sad/crying/im2153.png,negative
sad/crying/im2163.png,negative
sad/crying/im2165.png,negative
sad/crying/im2178_1.png,negative
sad/crying/im2189_1.png,negative
sad/crying/im2196.png,negative
sad/crying/im2216.png,negative
sad/crying/im2219.png,negative
sad/crying/im2232.png,negative
sad/crying/im2236.png,negative
sad/crying/im2238.png,negative
sad/crying/im2249.png,negative
sad/crying/im2253.png,negative
sad/crying/im2261.png,negative
sad/crying/im2264.png,negative
sad/crying/im2271_1.png,negative
sad/crying/im2292.png,negative
sad/crying/im2294_1.png,negative
sad/crying/im2306_2.png,negative
sad/crying/im2319.png,negative
sad/crying/im2321.png,negative
sad/crying/im2322.png,negative
sad/crying/im2329.png,negative
sad/crying/im2340.png,negative
sad/crying/im2354.png,negative
sad/crying/im2359.png,negative
sad/crying/im2365.png,negative
sad/crying/im2372.png,negative
sad/crying/im2391.png,negative
sad/crying/im2392.png,negative
sad/crying/im2400_2.png,negative
sad/crying/im2404.png,negative
sad/crying/im2406.png,negative
sad/crying/im2418_1.png,negative
sad/crying/im2419.png,negative
sad/crying/im2421.png,negative
sad/crying/im2424.png,negative
sad/crying/im2433.png,negative
sad/crying/im2435.png,negative
sad/crying/im2439.png,negative
sad/crying/im2445.png,negative
sad/crying/im2453.png,negative
sad/crying/im2464.png,negative
sad/crying/im2467.png,negative
sad/crying/im2473.png,negative
sad/crying/im2476.png,negative
sad/crying/im2479.png,negative
sad/crying/im2480.png,negative
sad/crying/im2481.png,negative
sad/crying/im2482.png,negative
sad/crying/im2482_2.png,negative
sad/crying/im2484.png,negative
sad/crying/im2494.png,negative
sad/crying/im2496.png,negative
sad/crying/im2496_2.png,negative
sad/crying/im2499.png,negative
sad/crying/im2507.png,negative
sad/crying/im2508_1.png,negative
sad/crying/im2510_1.png,negative
sad/crying/im2529.png,negative
sad/crying/im2542_1.png,negative
sad/crying/im2547.png,negative
sad/crying/im2547_2.png,negative
sad/crying/im2551_1.png,negative
sad/crying/im2557.png,negative
sad/crying/im2565.png,negative
sad/crying/im2565_1.png,negative
sad/crying/im2576.png,negative
sad/crying/im2579_2.png,negative
sad/crying/im2581.png,negative
sad/crying/im2582.png,negative
sad/crying/im2585.png,negative
sad/crying/im2586.png,negative
sad/crying/im2591.png,negative
sad/crying/im2592.png,negative
sad/crying/im2595.png,negative
sad/crying/im2599.png,negative
sad/crying/im2600.png,negative
sad/crying/im2613.png,negative
sad/crying/im2616.png,negative
sad/crying/im2617_2.png,negative
sad/crying/im2630.png,negative
sad/crying/im2633.png,negative
sad/crying/im2636.png,negative
sad/crying/im2636_2.png,negative
sad/crying/im2642.png,negative
sad/crying/im2649.png,negative
sad/crying/im2659.png,negative
sad/crying/im2664_2.png,negative
sad/crying/im2675.png,negative
sad/crying/im2680.png,negative
sad/crying/im2682.png,negative
sad/crying/im2689.png,negative
sad/crying/im2691.png,negative
sad/crying/im2709.png,negative
sad/crying/im2710.png,negative
sad/crying/im2724_2.png,negative
sad/crying/im2729.png,negative
sad/crying/im2744_2.png,negative
sad/crying/im2748.png,negative
sad/crying/im2754.png,negative
sad/crying/im2767.png,negative
sad/crying/im2782.png,negative
sad/crying/im2785.png,negative
sad/crying/im2793.png,negative
sad/crying/im2804.png,negative
sad/crying/im2808.png,negative
sad/crying/im2835.png,negative
sad/crying/im2839.png,negative
sad/crying/im2854.png,negative
sad/crying/im2888.png,negative
sad/crying/im2900_2.png,negative
sad/crying/im2942.png,negative
sad/crying/im2943.png,negative
sad/crying/im2950.png,negative
sad/crying/im2956.png,negative
sad/crying/im2957.png,negative
sad/crying/im2963.png,negative
sad/crying/im2978.png,negative
sad/crying/im2982.png,negative
sad/crying/im2984_2.png,negative
sad/crying/im2986.png,negative
sad/crying/im2990.png,negative
sad/crying/im2997.png,negative
sad/crying/im3003.png,negative
sad/crying/im3004.png,negative
sad/crying/im3031.png,negative
sad/crying/im3034.png,negative
sad/crying/im3037_2.png,negative
sad/crying/im3038.png,negative
sad/crying/im3042_2.png,negative
sad/crying/im3045.png,negative
sad/crying/im3052.png,negative
sad/crying/im3058.png,negative
sad/crying/im3060.png,negative
sad/crying/im3072.png,negative
sad/crying/im3075.png,negative
sad/crying/im3078.png,negative
sad/crying/im3101.png,negative
sad/crying/im3101_1.png,negative
sad/crying/im3102_1.png,negative
sad/crying/im3113.png,negative
sad/crying/im3123.png,negative
sad/crying/im3129.png,negative
sad/crying/im3137.png,negative
sad/crying/im3143.png,negative
sad/crying/im3148.png,negative
sad/crying/im3148_1.png,negative
sad/crying/im3165_2.png,negative
sad/crying/im3169.png,negative
sad/crying/im3171.png,negative
sad/crying/im3173.png,negative
sad/crying/im3180.png,negative
sad/crying/im3186.png,negative
sad/crying/im3193.png,negative
sad/crying/im3214.png,negative
sad/crying/im3218.png,negative
sad/crying/im3219.png,negative
sad/crying/im3226.png,negative
sad/crying/im3227.png,negative
sad/crying/im3231.png,negative
sad/crying/im3240.png,negative
sad/crying/im3245.png,negative
sad/crying/im3250_1.png,negative
sad/crying/im3261.png,negative
sad/crying/im3265_2.png,negative
sad/crying/im3266.png,negative
sad/crying/im3269.png,negative
sad/crying/im3284.png,negative
sad/crying/im3289.png,negative
sad/crying/im3292.png,negative
sad/crying/im3297.png,negative
sad/crying/im3302.png,negative
sad/crying/im3302_1.png,negative
sad/crying/im3307.png,negative
sad/crying/im3314.png,negative
sad/crying/im3328_1.png,negative
sad/crying/im3329.png,negative
sad/crying/im3330.png,negative
sad/crying/im3331.png,negative
sad/crying/im3345.png,negative
sad/crying/im3346.png,negative
sad/crying/im3352_2.png,negative
sad/crying/im3357.png,negative
sad/crying/im3357_2.png,negative
sad/crying/im3368.png,negative
sad/crying/im3369.png,negative
sad/crying/im3373.png,negative
sad/crying/im3382.png,negative
sad/crying/im3393.png,negative
sad/crying/im3394_1.png,negative
sad/crying/im3399_2.png,negative
sad/crying/im3408.png,negative
sad/crying/im3414.png,negative
sad/crying/im3425.png,negative
sad/crying/im3428.png,negative
sad/crying/im3456.png,negative
sad/crying/im3458_2.png,negative
sad/crying/im3461.png,negative
sad/crying/im3468.png,negative
sad/crying/im3470.png,negative
sad/crying/im3474.png,negative
sad/crying/im3477.png,negative
sad/crying/im3496.png,negative
sad/crying/im3514_1.png,negative
sad/crying/im3551_1.png,negative
sad/crying/im3553.png,negative
sad/crying/im3559.png,negative
sad/crying/im3560.png,negative
sad/crying/im3561.png,negative
sad/crying/im3561_2.png,negative
sad/crying/im3568.png,negative
sad/crying/im3569.png,negative
sad/crying/im3572.png,negative
sad/crying/im3574.png,negative
sad/crying/im3579.png,negative
sad/crying/im3587.png,negative
sad/crying/im3594.png,negative
sad/crying/im3599.png,negative
sad/crying/im3599_1.png,negative
sad/crying/im3603.png,negative
sad/crying/im3610.png,negative
sad/crying/im3621_2.png,negative
sad/crying/im3624_2.png,negative
sad/crying/im3634_2.png,negative
sad/crying/im3635.png,negative
sad/crying/im3638_2.png,negative
sad/crying/im3648.png,negative
sad/crying/im3649_2.png,negative
sad/crying/im3656.png,negative
sad/crying/im3673_2.png,negative
sad/crying/im3675.png,negative
sad/crying/im3686.png,negative
sad/crying/im3687.png,negative
sad/crying/im3717.png,negative
sad/crying/im3718.png,negative
sad/crying/im3723.png,negative
sad/crying/im3730.png,negative
sad/crying/im3747.png,negative
sad/crying/im3749.png,negative
sad/crying/im3753.png,negative
sad/crying/im3764.png,negative
sad/crying/im3779.png,negative
sad/crying/im3779_1.png,negative
sad/crying/im3781.png,negative
sad/crying/im3783.png,negative
sad/crying/im3804.png,negative
sad/crying/im3821.png,negative
sad/crying/im3822.png,negative
sad/crying/im3824.png,negative
sad/crying/im3826.png,negative
sad/crying/im3827.png,negative
sad/crying/im3829.png,negative
sad/crying/im3829_1.png,negative
sad/crying/im3834.png,negative
sad/crying/im3856.png,negative
sad/crying/im3858.png,negative
sad/crying/im3861_2.png,negative
sad/crying/im3864.png,negative
sad/crying/im3884.png,negative
sad/crying/im3893.png,negative
sad/crying/im3895.png,negative
sad/crying/im3898.png,negative
sad/crying/im3912.png,negative
sad/crying/im3913.png,negative
sad/crying/im3920.png,negative
sad/crying/im3922.png,negative
sad/crying/im3924.png,negative
sad/crying/im3925.png,negative
sad/crying/im3931.png,negative
sad/crying/im3941.png,negative
sad/crying/im3944.png,negative
sad/crying/im3966.png,negative
sad/crying/im3975.png,negative
sad/crying/im3985.png,negative
sad/crying/im3987_1.png,negative
sad/crying/im3992.png,negative
sad/crying/im3994.png,negative
sad/crying/im3997.png,negative
sad/crying/im4004_1.png,negative
sad/crying/im4005.png,negative
sad/crying/im4011.png,negative
sad/crying/im4033.png,negative
sad/crying/im4043.png,negative
sad/crying/im4044.png,negative
sad/crying/im4059.png,negative
sad/crying/im4075.png,negative
sad/crying/im4075_1.png,negative
sad/crying/im4080.png,negative
sad/crying/im4097.png,negative
sad/crying/im4098.png,negative
sad/crying/im4101.png,negative
sad/crying/im4105.png,negative
sad/crying/im4106.png,negative
sad/crying/im4151.png,negative
sad/crying/im4158.png,negative
sad/crying/im4163.png,negative
sad/crying/im4167.png,negative
sad/crying/im4183.png,negative
sad/crying/im4194.png,negative
sad/crying/im4195.png,negative
sad/crying/im4203.png,negative
sad/crying/im4213.png,negative
sad/crying/im4214.png,negative
sad/crying/im4219.png,negative
sad/crying/im4223.png,negative
sad/crying/im4231.png,negative
sad/crying/im4232.png,negative
sad/crying/im4233.png,negative
sad/crying/im4234.png,negative
sad/crying/im4241.png,negative
sad/crying/im4261.png,negative
sad/crying/im4262.png,negative
sad/crying/im4278.png,negative
sad/crying/im4282.png,negative
sad/crying/im4294.png,negative
sad/crying/im4303.png,negative
sad/crying/im4310.png,negative
sad/crying/im4312.png,negative
sad/crying/im4313.png,negative
sad/crying/im4320.png,negative
sad/crying/im4329.png,negative
sad/crying/im4337.png,negative
sad/crying/im4338.png,negative
sad/crying/im4346.png,negative
sad/crying/im4347.png,negative
sad/crying/im4351.png,negative
sad/crying/im4357.png,negative
sad/crying/im4370.png,negative
sad/crying/im4376.png,negative
sad/crying/im4382.png,negative
sad/crying/im4383.png,negative
sad/crying/im4386.png,negative
sad/crying/im4393.png,negative
sad/crying/im4412.png,negative
sad/crying/im4418.png,negative
sad/crying/im4419.png,negative
sad/crying/im4423.png,negative
sad/crying/im4444.png,negative
sad/crying/im4445.png,negative
sad/crying/im4452.png,negative
sad/crying/im4454.png,negative
sad/crying/im4461.png,negative
sad/crying/im4468.png,negative
sad/crying/im4489.png,negative
sad/crying/im4493.png,negative
sad/crying/im4500.png,negative
sad/crying/im4501.png,negative
sad/crying/im4507.png,negative
sad/crying/im4509.png,negative
sad/crying/im4512.png,negative
sad/crying/im4528.png,negative
sad/crying/im4531.png,negative
sad/crying/im4538.png,negative
sad/crying/im4546.png,negative
sad/crying/im4548.png,negative
sad/crying/im4552.png,negative
sad/crying/im4578.png,negative
sad/crying/im4581.png,negative
sad/crying/im4591.png,negative
sad/crying/im4612.png,negative
sad/crying/im4621.png,negative
sad/crying/im4624.png,negative
sad/crying/im4631.png,negative
sad/crying/im4634.png,negative
sad/crying/im4643.png,negative
sad/crying/im4646.png,negative
sad/crying/im4663.png,negative
sad/crying/im4695.png,negative
sad/crying/im4709.png,negative
sad/crying/im4721.png,negative
sad/crying/im4729.png,negative
sad/crying/im4733.png,negative
sad/crying/im4734.png,negative
sad/crying/im4739.png,negative
sad/crying/im4760.png,negative
sad/crying/im4762.png,negative
sad/crying/im4777.png,negative
sad/crying/im4785.png,negative
sad/crying/im4787.png,negative
sad/crying/im4807.png,negative
sad/crying/im4823.png,negative
sad/crying/im4825.png,negative
sad/crying/im4828.png,negative
sad/crying/im5267_1.png,negative
sad/crying/im5787_1.png,negative
sad/im286.png,negative
sad/im621.png,negative
sad/im1667.png,negative
sad/im1669_1.png,negative
sad/im1795.png,negative
sad/im3365.png,negative
sad/im3480.png,negative
sad/im4237_1.png,negative
sad/im4836.png,negative
sad/pouting/im110.png,negative
sad/pouting/im167_2.png,negative
sad/pouting/im260.png,negative
sad/pouting/im274.png,negative
sad/pouting/im275.png,negative
sad/pouting/im282.png,negative
sad/pouting/im360.png,negative
sad/pouting/im369.png,negative
sad/pouting/im390.png,negative
sad/pouting/im394.png,negative
sad/pouting/im424_1.png,negative
sad/pouting/im594.png,negative
sad/pouting/im626.png,negative
sad/pouting/im664_2.png,negative
sad/pouting/im679.png,negative
sad/pouting/im737.png,negative
sad/pouting/im782_2.png,negative
sad/pouting/im810.png,negative
sad/pouting/im891.png,negative
sad/pouting/im932.png,negative
sad/pouting/im949.png,negative
sad/pouting/im955.png,negative
sad/pouting/im984.png,negative
sad/pouting/im1001_2.png,negative
sad/pouting/im1055.png,negative
sad/pouting/im1069.png,negative
sad/pouting/im1076.png,negative
sad/pouting/im1086.png,negative
sad/pouting/im1091.png,negative
sad/pouting/im1110.png,negative
sad/pouting/im1208.png,negative
sad/pouting/im1220.png,negative
sad/pouting/im1221.png,negative
sad/pouting/im1232.png,negative
sad/pouting/im1270.png,negative
sad/pouting/im1277.png,negative
sad/pouting/im1380.png,negative
sad/pouting/im1381.png,negative
sad/pouting/im1393_2.png,negative
sad/pouting/im1426.png,negative
sad/pouting/im1597.png,negative
sad/pouting/im1655.png,negative
sad/pouting/im1667_1.png,negative
sad/pouting/im1690.png,negative
sad/pouting/im1702.png,negative
sad/pouting/im1733.png,negative
sad/pouting/im1743.png,negative
sad/pouting/im1776.png,negative
sad/pouting/im1794_1.png,negative
sad/pouting/im1812.png,negative
sad/pouting/im1843.png,negative
sad/pouting/im1863.png,negative
sad/pouting/im1871.png,negative
sad/pouting/im1883.png,negative
sad/pouting/im1956.png,negative
sad/pouting/im2160.png,negative
sad/pouting/im2223.png,negative
sad/pouting/im2260.png,negative
sad/pouting/im2291_2.png,negative
sad/pouting/im2316.png,negative
sad/pouting/im2332.png,negative
sad/pouting/im2374.png,negative
sad/pouting/im2386.png,negative
sad/pouting/im2387.png,negative
sad/pouting/im2388.png,negative
sad/pouting/im2465.png,negative
sad/pouting/im2508_2.png,negative
sad/pouting/im2543.png,negative
sad/pouting/im2551.png,negative
sad/pouting/im2596.png,negative
sad/pouting/im2635.png,negative
sad/pouting/im2677.png,negative
sad/pouting/im2678.png,negative
sad/pouting/im2679.png,negative
sad/pouting/im2682_2.png,negative
sad/pouting/im2696.png,negative
sad/pouting/im2713.png,negative
sad/pouting/im2720.png,negative
sad/pouting/im2725.png,negative
sad/pouting/im2734.png,negative
sad/pouting/im2762.png,negative
sad/pouting/im2770.png,negative
sad/pouting/im2814_2.png,negative
sad/pouting/im2828.png,negative
sad/pouting/im2859.png,negative
sad/pouting/im2866.png,negative
sad/pouting/im2873.png,negative
sad/pouting/im2876.png,negative
sad/pouting/im2884.png,negative
sad/pouting/im2924.png,negative
sad/pouting/im2925.png,negative
sad/pouting/im2961.png,negative
sad/pouting/im2976.png,negative
sad/pouting/im2989.png,negative
sad/pouting/im3049.png,negative
sad/pouting/im3053.png,negative
sad/pouting/im3074.png,negative
sad/pouting/im3079.png,negative
sad/pouting/im3127.png,negative
sad/pouting/im3157.png,negative
sad/pouting/im3199.png,negative
sad/pouting/im3210.png,negative
sad/pouting/im3210_2.png,negative
sad/pouting/im3228_2.png,negative
sad/pouting/im3325.png,negative
sad/pouting/im3332.png,negative
sad/pouting/im3371.png,negative
sad/pouting/im3383.png,negative
sad/pouting/im3434.png,negative
sad/pouting/im3440.png,negative
sad/pouting/im3500.png,negative
sad/pouting/im3506.png,negative
sad/pouting/im3516_1.png,negative
sad/pouting/im3522.png,negative
sad/pouting/im3536.png,negative
sad/pouting/im3538.png,negative
sad/pouting/im3545.png,negative
sad/pouting/im3555.png,negative
sad/pouting/im3559_2.png,negative
sad/pouting/im3577.png,negative
sad/pouting/im3607.png,negative
sad/pouting/im3629.png,negative
sad/pouting/im3636.png,negative
sad/pouting/im3639.png,negative
sad/pouting/im3657.png,negative
sad/pouting/im3684.png,negative
sad/pouting/im3699.png,negative
sad/pouting/im3707_2.png,negative
sad/pouting/im3709_2.png,negative
sad/pouting/im3735_2.png,negative
sad/pouting/im3751.png,negative
sad/pouting/im3760.png,negative
sad/pouting/im3812.png,negative
sad/pouting/im3827.png,negative
sad/pouting/im3834_2.png,negative
sad/pouting/im3839_2.png,negative
sad/pouting/im3873.png,negative
sad/pouting/im3934.png,negative
sad/pouting/im3957.png,negative
sad/pouting/im3982.png,negative
sad/pouting/im4039.png,negative
sad/pouting/im4112.png,negative
sad/pouting/im4116.png,negative
sad/pouting/im4129.png,negative
sad/pouting/im4135.png,negative
sad/pouting/im4160.png,negative
sad/pouting/im4164.png,negative
sad/pouting/im4170.png,negative
sad/pouting/im4173.png,negative
sad/pouting/im4181.png,negative
sad/pouting/im4212.png,negative
sad/pouting/im4215.png,negative
sad/pouting/im4239.png,negative
sad/pouting/im4269.png,negative
sad/pouting/im4291.png,negative
sad/pouting/im4307.png,negative
sad/pouting/im4380.png,negative
sad/pouting/im4387_1.png,negative
sad/pouting/im4616.png,negative
sad/pouting/im4642.png,negative
sad/pouting/im4649.png,negative
sad/pouting/im4776.png,negative
sad/pouting/im4782.png,negative
sad/pouting/im4792.png,negative
sad/pouting/im4793.png,negative
sad/pouting/im4818_1.png,negative
sad/sad-closed-eyes/im4.png,negative
sad/sad-closed-eyes/im8.png,negative
sad/sad-closed-eyes/im27.png,negative
sad/sad-closed-eyes/im52.png,negative
sad/sad-closed-eyes/im60_2.png,negative
sad/sad-closed-eyes/im74.png,negative
sad/sad-closed-eyes/im75.png,negative
sad/sad-closed-eyes/im78.png,negative
sad/sad-closed-eyes/im83.png,negative
sad/sad-closed-eyes/im85.png,negative
sad/sad-closed-eyes/im127.png,negative
sad/sad-closed-eyes/im133.png,negative
sad/sad-closed-eyes/im152.png,negative
sad/sad-closed-eyes/im187.png,negative
sad/sad-closed-eyes/im296.png,negative
sad/sad-closed-eyes/im307.png,negative
sad/sad-closed-eyes/im313.png,negative
sad/sad-closed-eyes/im322.png,negative
sad/sad-closed-eyes/im358_1.png,negative
sad/sad-closed-eyes/im371.png,negative
sad/sad-closed-eyes/im384.png,negative
sad/sad-closed-eyes/im397.png,negative
sad/sad-closed-eyes/im425.png,negative
sad/sad-closed-eyes/im458_2.png,negative
sad/sad-closed-eyes/im460.png,negative
sad/sad-closed-eyes/im503_1.png,negative
sad/sad-closed-eyes/im523_1.png,negative
sad/sad-closed-eyes/im541.png,negative
sad/sad-closed-eyes/im561_1.png,negative
sad/sad-closed-eyes/im585.png,negative
sad/sad-closed-eyes/im587.png,negative
sad/sad-closed-eyes/im588.png,negative
sad/sad-closed-eyes/im589.png,negative
sad/sad-closed-eyes/im594_2.png,negative
sad/sad-closed-eyes/im625.png,negative
sad/sad-closed-eyes/im702.png,negative
sad/sad-closed-eyes/im718.png,negative
sad/sad-closed-eyes/im741.png,negative
sad/sad-closed-eyes/im799_2.png,negative
sad/sad-closed-eyes/im803_1.png,negative
sad/sad-closed-eyes/im806.png,negative
sad/sad-closed-eyes/im815_2.png,negative
sad/sad-closed-eyes/im821_1.png,negative
sad/sad-closed-eyes/im1042.png,negative
sad/sad-closed-eyes/im1058.png,negative
sad/sad-closed-eyes/im1070.png,negative
sad/sad-closed-eyes/im1134_2.png,negative
sad/sad-closed-eyes/im1150.png,negative
sad/sad-closed-eyes/im1195_1.png,negative
sad/sad-closed-eyes/im1207.png,negative
sad/sad-closed-eyes/im1229.png,negative
sad/sad-closed-eyes/im1241.png,negative
sad/sad-closed-eyes/im1253_2.png,negative
sad/sad-closed-eyes/im1255.png,negative
sad/sad-closed-eyes/im1344_1.png,negative
sad/sad-closed-eyes/im1369_1.png,negative
sad/sad-closed-eyes/im1417_1.png,negative
sad/sad-closed-eyes/im1453_1.png,negative
sad/sad-closed-eyes/im1529_2.png,negative
sad/sad-closed-eyes/im1544.png,negative
sad/sad-closed-eyes/im1610.png,negative
sad/sad-closed-eyes/im1675.png,negative
sad/sad-closed-eyes/im1705.png,negative
sad/sad-closed-eyes/im1707.png,negative
sad/sad-closed-eyes/im1742_2.png,negative
sad/sad-closed-eyes/im1824.png,negative
sad/sad-closed-eyes/im1874.png,negative
sad/sad-closed-eyes/im1906.png,negative
sad/sad-closed-eyes/im1962.png,negative
sad/sad-closed-eyes/im1970.png,negative
sad/sad-closed-eyes/im1983_1.png,negative
sad/sad-closed-eyes/im2014.png,negative
sad/sad-closed-eyes/im2036.png,negative
sad/sad-closed-eyes/im2037.png,negative
sad/sad-closed-eyes/im2050.png,negative
sad/sad-closed-eyes/im2087.png,negative
sad/sad-closed-eyes/im2148.png,negative
sad/sad-closed-eyes/im2174_1.png,negative
sad/sad-closed-eyes/im2176_1.png,negative
sad/sad-closed-eyes/im2184.png,negative
sad/sad-closed-eyes/im2185.png,negative
sad/sad-closed-eyes/im2188_2.png,negative
sad/sad-closed-eyes/im2189.png,negative
sad/sad-closed-eyes/im2192.png,negative
sad/sad-closed-eyes/im2194.png,negative
sad/sad-closed-eyes/im2221.png,negative
sad/sad-closed-eyes/im2230.png,negative
sad/sad-closed-eyes/im2239.png,negative
sad/sad-closed-eyes/im2286_1.png,negative
sad/sad-closed-eyes/im2312.png,negative
sad/sad-closed-eyes/im2409.png,negative
sad/sad-closed-eyes/im2488.png,negative
sad/sad-closed-eyes/im2667_1.png,negative
sad/sad-closed-eyes/im2717_2.png,negative
sad/sad-closed-eyes/im2746.png,negative
sad/sad-closed-eyes/im2805_2.png,negative
sad/sad-closed-eyes/im2827_1.png,negative
sad/sad-closed-eyes/im2869.png,negative
sad/sad-closed-eyes/im2879.png,negative
sad/sad-closed-eyes/im2919_1.png,negative
sad/sad-closed-eyes/im2933.png,negative
sad/sad-closed-eyes/im3028.png,negative
sad/sad-closed-eyes/im3042_1.png,negative
sad/sad-closed-eyes/im3052_1.png,negative
sad/sad-closed-eyes/im3065.png,negative
sad/sad-closed-eyes/im3073_1.png,negative
sad/sad-closed-eyes/im3118_2.png,negative
sad/sad-closed-eyes/im3223.png,negative
sad/sad-closed-eyes/im3230.png,negative
sad/sad-closed-eyes/im3235.png,negative
sad/sad-closed-eyes/im3243.png,negative
sad/sad-closed-eyes/im3282.png,negative
sad/sad-closed-eyes/im3326.png,negative
sad/sad-closed-eyes/im3328.png,negative
sad/sad-closed-eyes/im3343.png,negative
sad/sad-closed-eyes/im3397.png,negative
sad/sad-closed-eyes/im3427.png,negative
sad/sad-closed-eyes/im3525.png,negative
sad/sad-closed-eyes/im3541_1.png,negative
sad/sad-closed-eyes/im3573.png,negative
sad/sad-closed-eyes/im3612.png,negative
sad/sad-closed-eyes/im3641.png,negative
sad/sad-closed-eyes/im3684_1.png,negative
sad/sad-closed-eyes/im3706.png,negative
sad/sad-closed-eyes/im3763_2.png,negative
sad/sad-closed-eyes/im3773.png,negative
sad/sad-closed-eyes/im3790.png,negative
sad/sad-closed-eyes/im3878_2.png,negative
sad/sad-closed-eyes/im3888.png,negative
sad/sad-closed-eyes/im3896.png,negative
sad/sad-closed-eyes/im3906.png,negative
sad/sad-closed-eyes/im3937.png,negative
sad/sad-closed-eyes/im3939.png,negative
sad/sad-closed-eyes/im4020.png,negative
sad/sad-closed-eyes/im4022.png,negative
sad/sad-closed-eyes/im4025_1.png,negative
sad/sad-closed-eyes/im4055.png,negative
sad/sad-closed-eyes/im4180.png,negative
sad/sad-closed-eyes/im4181.png,negative
sad/sad-closed-eyes/im4201.png,negative
sad/sad-closed-eyes/im4409.png,negative
sad/sad-closed-eyes/im4415.png,negative
sad/sad-closed-eyes/im4421.png,negative
sad/sad-closed-eyes/im4456.png,negative
sad/sad-closed-eyes/im4490.png,negative
sad/sad-closed-eyes/im4502.png,negative
sad/sad-closed-eyes/im4532.png,negative
sad/sad-closed-eyes/im4580.png,negative
sad/sad-closed-eyes/im4698.png,negative
sad/sad-closed-eyes/im4778.png,negative
sad/sad-closed-eyes/im4817.png,negative
sad/sad-closed-eyes/im4820.png,negative
sad/sad-closed-eyes/im4821.png,negative
sad/sad-closed-eyes/im4824.png,negative
sad/sad-look/im0.png,negative
sad/sad-look/im1.png,negative
sad/sad-look/im3.png,negative
sad/sad-look/im13.png,negative
sad/sad-look/im14.png,negative
sad/sad-look/im14_1.png,negative
sad/sad-look/im17_2.png,negative
sad/sad-look/im24.png,negative
sad/sad-look/im25.png,negative
sad/sad-look/im26.png,negative
sad/sad-look/im28.png,negative
sad/sad-look/im29.png,negative
sad/sad-look/im30.png,negative
sad/sad-look/im33.png,negative
sad/sad-look/im33_2.png,negative
sad/sad-look/im45.png,negative
sad/sad-look/im47.png,negative
sad/sad-look/im50.png,negative
sad/sad-look/im51.png,negative
sad/sad-look/im54.png,negative
sad/sad-look/im55.png,negative
sad/sad-look/im56_1.png,negative
sad/sad-look/im57.png,negative
sad/sad-look/im58.png,negative
sad/sad-look/im67.png,negative
sad/sad-look/im68.png,negative
sad/sad-look/im69.png,negative
sad/sad-look/im70.png,negative
sad/sad-look/im72.png,negative
sad/sad-look/im72_2.png,negative
sad/sad-look/im77_1.png,negative
sad/sad-look/im80.png,negative
sad/sad-look/im82_2.png,negative
sad/sad-look/im86.png,negative
sad/sad-look/im90.png,negative
sad/sad-look/im92.png,negative
sad/sad-look/im99.png,negative
sad/sad-look/im101.png,negative
sad/sad-look/im103.png,negative
sad/sad-look/im104.png,negative
sad/sad-look/im105.png,negative
sad/sad-look/im108.png,negative
sad/sad-look/im111.png,negative
sad/sad-look/im113.png,negative
sad/sad-look/im114_1.png,negative
sad/sad-look/im114_2.png,negative
sad/sad-look/im116.png,negative
sad/sad-look/im116_1.png,negative
sad/sad-look/im117.png,negative
sad/sad-look/im118.png,negative
sad/sad-look/im122.png,negative
sad/sad-look/im128_2.png,negative
sad/sad-look/im130_1.png,negative
sad/sad-look/im131.png,negative
sad/sad-look/im134.png,negative
sad/sad-look/im134_1.png,negative
sad/sad-look/im136.png,negative
sad/sad-look/im148.png,negative
sad/sad-look/im151.png,negative
sad/sad-look/im156.png,negative
sad/sad-look/im157.png,negative
sad/sad-look/im157_1.png,negative
sad/sad-look/im158.png,negative
sad/sad-look/im162_2.png,negative
sad/sad-look/im163.png,negative
sad/sad-look/im170.png,negative
sad/sad-look/im175.png,negative
sad/sad-look/im177.png,negative
sad/sad-look/im178.png,negative
sad/sad-look/im178_1.png,negative
sad/sad-look/im181_2.png,negative
sad/sad-look/im191.png,negative
sad/sad-look/im195.png,negative
sad/sad-look/im196.png,negative
sad/sad-look/im198.png,negative
sad/sad-look/im200.png,negative
sad/sad-look/im205.png,negative
sad/sad-look/im207_1.png,negative
sad/sad-look/im208.png,negative
sad/sad-look/im211.png,negative
sad/sad-look/im216_2.png,negative
sad/sad-look/im217.png,negative
sad/sad-look/im221.png,negative
sad/sad-look/im225_1.png,negative
sad/sad-look/im227.png,negative
sad/sad-look/im232.png,negative
sad/sad-look/im235.png,negative
sad/sad-look/im235_1.png,negative
sad/sad-look/im236.png,negative
sad/sad-look/im236_2.png,negative
sad/sad-look/im237.png,negative
sad/sad-look/im241.png,negative
sad/sad-look/im241_1.png,negative
sad/sad-look/im242.png,negative
sad/sad-look/im243.png,negative
sad/sad-look/im246.png,negative
sad/sad-look/im248.png,negative
sad/sad-look/im249.png,negative
sad/sad-look/im250.png,negative
sad/sad-look/im250_1.png,negative
sad/sad-look/im251.png,negative
sad/sad-look/im252.png,negative
sad/sad-look/im253.png,negative
sad/sad-look/im257.png,negative
sad/sad-look/im261.png,negative
sad/sad-look/im263.png,negative
sad/sad-look/im266.png,negative
sad/sad-look/im268.png,negative
sad/sad-look/im276.png,negative
sad/sad-look/im278.png,negative
sad/sad-look/im279_1.png,negative
sad/sad-look/im280.png,negative
sad/sad-look/im283.png,negative
sad/sad-look/im283_1.png,negative
sad/sad-look/im284.png,negative
sad/sad-look/im289.png,negative
sad/sad-look/im294.png,negative
sad/sad-look/im297.png,negative
sad/sad-look/im298.png,negative
sad/sad-look/im303.png,negative
sad/sad-look/im304.png,negative
sad/sad-look/im305.png,negative
sad/sad-look/im308.png,negative
sad/sad-look/im309.png,negative
sad/sad-look/im309_2.png,negative
sad/sad-look/im312_1.png,negative
sad/sad-look/im316.png,negative
sad/sad-look/im318.png,negative
sad/sad-look/im321_2.png,negative
sad/sad-look/im323.png,negative
sad/sad-look/im327.png,negative
sad/sad-look/im332.png,negative
sad/sad-look/im338_1.png,negative
sad/sad-look/im339.png,negative
sad/sad-look/im341.png,negative
sad/sad-look/im343.png,negative
sad/sad-look/im344.png,negative
sad/sad-look/im345.png,negative
sad/sad-look/im347.png,negative
sad/sad-look/im349.png,negative
sad/sad-look/im352.png,negative
sad/sad-look/im353.png,negative
sad/sad-look/im359.png,negative
sad/sad-look/im360_2.png,negative
sad/sad-look/im361_2.png,negative
sad/sad-look/im362.png,negative
sad/sad-look/im366.png,negative
sad/sad-look/im373.png,negative
sad/sad-look/im374.png,negative
sad/sad-look/im376.png,negative
sad/sad-look/im379.png,negative
sad/sad-look/im381.png,negative
sad/sad-look/im383.png,negative
sad/sad-look/im388.png,negative
sad/sad-look/im391.png,negative
sad/sad-look/im392.png,negative
sad/sad-look/im396.png,negative
sad/sad-look/im398.png,negative
sad/sad-look/im399_1.png,negative
sad/sad-look/im401.png,negative
sad/sad-look/im409_2.png,negative
sad/sad-look/im412.png,negative
sad/sad-look/im416_2.png,negative
sad/sad-look/im419.png,negative
sad/sad-look/im420.png,negative
sad/sad-look/im422.png,negative
sad/sad-look/im428.png,negative
sad/sad-look/im432.png,negative
sad/sad-look/im433.png,negative
sad/sad-look/im434.png,negative
sad/sad-look/im435.png,negative
sad/sad-look/im436.png,negative
sad/sad-look/im439.png,negative
sad/sad-look/im443_1.png,negative
sad/sad-look/im450.png,negative
sad/sad-look/im451.png,negative
sad/sad-look/im451_1.png,negative
sad/sad-look/im454.png,negative
sad/sad-look/im459.png,negative
sad/sad-look/im461.png,negative
sad/sad-look/im462.png,negative
sad/sad-look/im463.png,negative
sad/sad-look/im469.png,negative
sad/sad-look/im472.png,negative
sad/sad-look/im475.png,negative
sad/sad-look/im478.png,negative
sad/sad-look/im482_1.png,negative
sad/sad-look/im483.png,negative
sad/sad-look/im489.png,negative
sad/sad-look/im489_1.png,negative
sad/sad-look/im491.png,negative
sad/sad-look/im493.png,negative
sad/sad-look/im496.png,negative
sad/sad-look/im499.png,negative
sad/sad-look/im501.png,negative
sad/sad-look/im511.png,negative
sad/sad-look/im514_2.png,negative
sad/sad-look/im515.png,negative
sad/sad-look/im516_2.png,negative
sad/sad-look/im518.png,negative
sad/sad-look/im520.png,negative
sad/sad-look/im524_2.png,negative
sad/sad-look/im525.png,negative
sad/sad-look/im531_1.png,negative
sad/sad-look/im537.png,negative
sad/sad-look/im537_1.png,negative
sad/sad-look/im538.png,negative
sad/sad-look/im542.png,negative
sad/sad-look/im544_1.png,negative
sad/sad-look/im549.png,negative
sad/sad-look/im549_2.png,negative
sad/sad-look/im557.png,negative
sad/sad-look/im558.png,negative
sad/sad-look/im558_2.png,negative
sad/sad-look/im561.png,negative
sad/sad-look/im563.png,negative
sad/sad-look/im564.png,negative
sad/sad-look/im565.png,negative
sad/sad-look/im567.png,negative
sad/sad-look/im570.png,negative
sad/sad-look/im571.png,negative
sad/sad-look/im572.png,negative
sad/sad-look/im575.png,negative
sad/sad-look/im575_2.png,negative
sad/sad-look/im577.png,negative
sad/sad-look/im577_2.png,negative
sad/sad-look/im580.png,negative
sad/sad-look/im580_1.png,negative
sad/sad-look/im582.png,negative
sad/sad-look/im583.png,negative
sad/sad-look/im591_2.png,negative
sad/sad-look/im593.png,negative
sad/sad-look/im595.png,negative
sad/sad-look/im602.png,negative
sad/sad-look/im605.png,negative
sad/sad-look/im607.png,negative
sad/sad-look/im609.png,negative
sad/sad-look/im609 _1.png,negative
sad/sad-look/im610.png,negative
sad/sad-look/im611.png,negative
sad/sad-look/im611_1.png,negative
sad/sad-look/im615_1.png,negative
sad/sad-look/im616.png,negative
sad/sad-look/im629_2.png,negative
sad/sad-look/im630.png,negative
sad/sad-look/im631.png,negative
sad/sad-look/im632.png,negative
sad/sad-look/im633.png,negative
sad/sad-look/im634.png,negative
sad/sad-look/im634_1.png,negative
sad/sad-look/im642.png,negative
sad/sad-look/im645_2.png,negative
sad/sad-look/im648_1.png,negative
sad/sad-look/im652.png,negative
sad/sad-look/im653.png,negative
sad/sad-look/im655_2.png,negative
sad/sad-look/im659.png,negative
sad/sad-look/im662.png,negative
sad/sad-look/im663_1.png,negative
sad/sad-look/im669.png,negative
sad/sad-look/im669_1.png,negative
sad/sad-look/im676.png,negative
sad/sad-look/im677.png,negative
sad/sad-look/im678.png,negative
sad/sad-look/im680.png,negative
sad/sad-look/im682.png,negative
sad/sad-look/im682_2.png,negative
sad/sad-look/im684_1.png,negative
sad/sad-look/im688_2.png,negative
sad/sad-look/im689.png,negative
sad/sad-look/im690_1.png,negative
sad/sad-look/im698.png,negative
sad/sad-look/im699.png,negative
sad/sad-look/im703.png,negative
sad/sad-look/im704.png,negative
sad/sad-look/im706.png,negative
sad/sad-look/im707_2.png,negative
sad/sad-look/im723.png,negative
sad/sad-look/im723_1.png,negative
sad/sad-look/im725.png,negative
sad/sad-look/im726_1.png,negative
sad/sad-look/im728.png,negative
sad/sad-look/im735.png,negative
sad/sad-look/im739.png,negative
sad/sad-look/im741.png,negative
sad/sad-look/im746.png,negative
sad/sad-look/im747.png,negative
sad/sad-look/im751.png,negative
sad/sad-look/im751_2.png,negative
sad/sad-look/im752.png,negative
sad/sad-look/im754.png,negative
sad/sad-look/im758.png,negative
sad/sad-look/im759.png,negative
sad/sad-look/im760.png,negative
sad/sad-look/im767.png,negative
sad/sad-look/im771.png,negative
sad/sad-look/im774.png,negative
sad/sad-look/im775.png,negative
sad/sad-look/im775_1.png,negative
sad/sad-look/im780.png,negative
sad/sad-look/im781.png,negative
sad/sad-look/im786.png,negative
sad/sad-look/im786_1.png,negative
sad/sad-look/im789.png,negative
sad/sad-look/im792.png,negative
sad/sad-look/im794.png,negative
sad/sad-look/im795_2.png,negative
sad/sad-look/im796.png,negative
sad/sad-look/im800.png,negative
sad/sad-look/im801.png,negative
sad/sad-look/im812.png,negative
sad/sad-look/im815.png,negative
sad/sad-look/im816.png,negative
sad/sad-look/im819.png,negative
sad/sad-look/im820.png,negative
sad/sad-look/im820_1.png,negative
sad/sad-look/im825_2.png,negative
sad/sad-look/im830.png,negative
sad/sad-look/im831.png,negative
sad/sad-look/im832.png,negative
sad/sad-look/im832_1.png,negative
sad/sad-look/im836.png,negative
sad/sad-look/im838_1.png,negative
sad/sad-look/im841.png,negative
sad/sad-look/im850.png,negative
sad/sad-look/im853.png,negative
sad/sad-look/im856.png,negative
sad/sad-look/im860.png,negative
sad/sad-look/im862.png,negative
sad/sad-look/im866_1.png,negative
sad/sad-look/im867.png,negative
sad/sad-look/im872.png,negative
sad/sad-look/im874.png,negative
sad/sad-look/im874_1.png,negative
sad/sad-look/im876.png,negative
sad/sad-look/im877.png,negative
sad/sad-look/im878.png,negative
sad/sad-look/im883.png,negative
sad/sad-look/im884.png,negative
sad/sad-look/im886.png,negative
sad/sad-look/im887.png,negative
sad/sad-look/im894_2.png,negative
sad/sad-look/im896.png,negative
sad/sad-look/im902.png,negative
sad/sad-look/im904.png,negative
sad/sad-look/im910.png,negative
sad/sad-look/im913.png,negative
sad/sad-look/im915.png,negative
sad/sad-look/im916.png,negative
sad/sad-look/im916_2.png,negative
sad/sad-look/im919.png,negative
sad/sad-look/im924.png,negative
sad/sad-look/im926_1.png,negative
sad/sad-look/im930.png,negative
sad/sad-look/im942_2.png,negative
sad/sad-look/im947.png,negative
sad/sad-look/im948.png,negative
sad/sad-look/im951.png,negative
sad/sad-look/im954.png,negative
sad/sad-look/im959.png,negative
sad/sad-look/im961.png,negative
sad/sad-look/im962.png,negative
sad/sad-look/im964.png,negative
sad/sad-look/im964_2.png,negative
sad/sad-look/im965_2.png,negative
sad/sad-look/im966.png,negative
sad/sad-look/im974.png,negative
sad/sad-look/im975.png,negative
sad/sad-look/im976.png,negative
sad/sad-look/im983_2.png,negative
sad/sad-look/im984_2.png,negative
sad/sad-look/im985.png,negative
sad/sad-look/im987.png,negative
sad/sad-look/im989.png,negative
sad/sad-look/im992_1.png,negative
sad/sad-look/im993_2.png,negative
sad/sad-look/im994.png,negative
sad/sad-look/im995.png,negative
sad/sad-look/im1000.png,negative
sad/sad-look/im1013.png,negative
sad/sad-look/im1015.png,negative
sad/sad-look/im1015_2.png,negative
sad/sad-look/im1016.png,negative
sad/sad-look/im1020.png,negative
sad/sad-look/im1026.png,negative
sad/sad-look/im1026_2.png,negative
sad/sad-look/im1027.png,negative
sad/sad-look/im1030.png,negative
sad/sad-look/im1031.png,negative
sad/sad-look/im1035.png,negative
sad/sad-look/im1035_1.png,negative
sad/sad-look/im1046.png,negative
sad/sad-look/im1050.png,negative
sad/sad-look/im1052.png,negative
sad/sad-look/im1053.png,negative
sad/sad-look/im1054.png,negative
sad/sad-look/im1054_2.png,negative
sad/sad-look/im1061.png,negative
sad/sad-look/im1065.png,negative
sad/sad-look/im1066_1.png,negative
sad/sad-look/im1075.png,negative
sad/sad-look/im1076.png,negative
sad/sad-look/im1079.png,negative
sad/sad-look/im1080.png,negative
sad/sad-look/im1081.png,negative
sad/sad-look/im1087.png,negative
sad/sad-look/im1094.png,negative
sad/sad-look/im1094_2.png,negative
sad/sad-look/im1097_2.png,negative
sad/sad-look/im1098_1.png,negative
sad/sad-look/im1099.png,negative
sad/sad-look/im1101_1.png,negative
sad/sad-look/im1101_2.png,negative
sad/sad-look/im1105.png,negative
sad/sad-look/im1106.png,negative
sad/sad-look/im1108.png,negative
sad/sad-look/im1109.png,negative
sad/sad-look/im1114.png,negative
sad/sad-look/im1117.png,negative
sad/sad-look/im1120_2.png,negative
sad/sad-look/im1123_2.png,negative
sad/sad-look/im1124.png,negative
sad/sad-look/im1133.png,negative
sad/sad-look/im1134.png,negative
sad/sad-look/im1136.png,negative
sad/sad-look/im1136_1.png,negative
sad/sad-look/im1138.png,negative
sad/sad-look/im1138_1.png,negative
sad/sad-look/im1140.png,negative
sad/sad-look/im1142.png,negative
sad/sad-look/im1143.png,negative
sad/sad-look/im1152.png,negative
sad/sad-look/im1153.png,negative
sad/sad-look/im1155.png,negative
sad/sad-look/im1161.png,negative
sad/sad-look/im1164.png,negative
sad/sad-look/im1166.png,negative
sad/sad-look/im1168.png,negative
sad/sad-look/im1172.png,negative
sad/sad-look/im1174.png,negative
sad/sad-look/im1175.png,negative
sad/sad-look/im1186.png,negative
sad/sad-look/im1188.png,negative
sad/sad-look/im1190.png,negative
sad/sad-look/im1194.png,negative
sad/sad-look/im1197.png,negative
sad/sad-look/im1198.png,negative
sad/sad-look/im1200.png,negative
sad/sad-look/im1202.png,negative
sad/sad-look/im1203.png,negative
sad/sad-look/im1204.png,negative
sad/sad-look/im1209.png,negative
sad/sad-look/im1210.png,negative
sad/sad-look/im1214_1.png,negative
sad/sad-look/im1216.png,negative
sad/sad-look/im1218.png,negative
sad/sad-look/im1219.png,negative
sad/sad-look/im1223.png,negative
sad/sad-look/im1225.png,negative
sad/sad-look/im1226.png,negative
sad/sad-look/im1229.png,negative
sad/sad-look/im1235.png,negative
sad/sad-look/im1236.png,negative
sad/sad-look/im1238.png,negative
sad/sad-look/im1239.png,negative
sad/sad-look/im1243_1.png,negative
sad/sad-look/im1251.png,negative
sad/sad-look/im1261.png,negative
sad/sad-look/im1261_1.png,negative
sad/sad-look/im1261_2.png,negative
sad/sad-look/im1265.png,negative
sad/sad-look/im1267_1.png,negative
sad/sad-look/im1268.png,negative
sad/sad-look/im1268_1.png,negative
sad/sad-look/im1273_1.png,negative
sad/sad-look/im1275.png,negative
sad/sad-look/im1278.png,negative
sad/sad-look/im1286.png,negative
sad/sad-look/im1287_1.png,negative
sad/sad-look/im1289_1.png,negative
sad/sad-look/im1292_1.png,negative
sad/sad-look/im1296.png,negative
sad/sad-look/im1299.png,negative
sad/sad-look/im1313.png,negative
sad/sad-look/im1317.png,negative
sad/sad-look/im1320.png,negative
sad/sad-look/im1324.png,negative
sad/sad-look/im1325_1.png,negative
sad/sad-look/im1332.png,negative
sad/sad-look/im1345.png,negative
sad/sad-look/im1348.png,negative
sad/sad-look/im1355.png,negative
sad/sad-look/im1357.png,negative
sad/sad-look/im1360.png,negative
sad/sad-look/im1364.png,negative
sad/sad-look/im1364_1.png,negative
sad/sad-look/im1366.png,negative
sad/sad-look/im1368.png,negative
sad/sad-look/im1371.png,negative
sad/sad-look/im1374.png,negative
sad/sad-look/im1375_1.png,negative
sad/sad-look/im1376.png,negative
sad/sad-look/im1376_1.png,negative
sad/sad-look/im1384.png,negative
sad/sad-look/im1385_1.png,negative
sad/sad-look/im1395_2.png,negative
sad/sad-look/im1401_1.png,negative
sad/sad-look/im1418_1.png,negative
sad/sad-look/im1419.png,negative
sad/sad-look/im1423.png,negative
sad/sad-look/im1424_2.png,negative
sad/sad-look/im1427.png,negative
sad/sad-look/im1429_2.png,negative
sad/sad-look/im1433.png,negative
sad/sad-look/im1437.png,negative
sad/sad-look/im1437_1.png,negative
sad/sad-look/im1443.png,negative
sad/sad-look/im1443_1.png,negative
sad/sad-look/im1445.png,negative
sad/sad-look/im1445_2.png,negative
sad/sad-look/im1448_2.png,negative
sad/sad-look/im1450.png,negative
sad/sad-look/im1451.png,negative
sad/sad-look/im1458.png,negative
sad/sad-look/im1460.png,negative
sad/sad-look/im1462_1.png,negative
sad/sad-look/im1472.png,negative
sad/sad-look/im1475.png,negative
sad/sad-look/im1484.png,negative
sad/sad-look/im1485.png,negative
sad/sad-look/im1491.png,negative
sad/sad-look/im1497.png,negative
sad/sad-look/im1498.png,negative
sad/sad-look/im1501_2.png,negative
sad/sad-look/im1503.png,negative
sad/sad-look/im1506_2.png,negative
sad/sad-look/im1508.png,negative
sad/sad-look/im1508_2.png,negative
sad/sad-look/im1513.png,negative
sad/sad-look/im1517.png,negative
sad/sad-look/im1518.png,negative
sad/sad-look/im1521.png,negative
sad/sad-look/im1522_2.png,negative
sad/sad-look/im1524.png,negative
sad/sad-look/im1532.png,negative
sad/sad-look/im1533.png,negative
sad/sad-look/im1534_2.png,negative
sad/sad-look/im1538.png,negative
sad/sad-look/im1541.png,negative
sad/sad-look/im1543_2.png,negative
sad/sad-look/im1544.png,negative
sad/sad-look/im1546.png,negative
sad/sad-look/im1548_2.png,negative
sad/sad-look/im1550.png,negative
sad/sad-look/im1551_2.png,negative
sad/sad-look/im1559.png,negative
sad/sad-look/im1560.png,negative
sad/sad-look/im1567.png,negative
sad/sad-look/im1584.png,negative
sad/sad-look/im1586.png,negative
sad/sad-look/im1586_1.png,negative
sad/sad-look/im1591_2.png,negative
sad/sad-look/im1598.png,negative
sad/sad-look/im1600.png,negative
sad/sad-look/im1602.png,negative
sad/sad-look/im1606.png,negative
sad/sad-look/im1608.png,negative
sad/sad-look/im1611.png,negative
sad/sad-look/im1614.png,negative
sad/sad-look/im1616.png,negative
sad/sad-look/im1617.png,negative
sad/sad-look/im1626.png,negative
sad/sad-look/im1628.png,negative
sad/sad-look/im1629.png,negative
sad/sad-look/im1632.png,negative
sad/sad-look/im1634.png,negative
sad/sad-look/im1637.png,negative
sad/sad-look/im1644.png,negative
sad/sad-look/im1644_2.png,negative
sad/sad-look/im1656_2.png,negative
sad/sad-look/im1658_2.png,negative
sad/sad-look/im1660.png,negative
sad/sad-look/im1673.png,negative
sad/sad-look/im1679_2.png,negative
sad/sad-look/im1680_2.png,negative
sad/sad-look/im1688.png,negative
sad/sad-look/im1694.png,negative
sad/sad-look/im1694_1.png,negative
sad/sad-look/im1695.png,negative
sad/sad-look/im1697.png,negative
sad/sad-look/im1699.png,negative
sad/sad-look/im1700.png,negative
sad/sad-look/im1701_2.png,negative
sad/sad-look/im1707.png,negative
sad/sad-look/im1707_2.png,negative
sad/sad-look/im1712.png,negative
sad/sad-look/im1712_1.png,negative
sad/sad-look/im1715_1.png,negative
sad/sad-look/im1731.png,negative
sad/sad-look/im1733.png,negative
sad/sad-look/im1742.png,negative
sad/sad-look/im1744.png,negative
sad/sad-look/im1745_1.png,negative
sad/sad-look/im1747.png,negative
sad/sad-look/im1747_2.png,negative
sad/sad-look/im1749.png,negative
sad/sad-look/im1750_2.png,negative
sad/sad-look/im1752.png,negative
sad/sad-look/im1753.png,negative
sad/sad-look/im1756.png,negative
sad/sad-look/im1762.png,negative
sad/sad-look/im1765_1.png,negative
sad/sad-look/im1767.png,negative
sad/sad-look/im1772.png,negative
sad/sad-look/im1774.png,negative
sad/sad-look/im1782.png,negative
sad/sad-look/im1787.png,negative
sad/sad-look/im1791_2.png,negative
sad/sad-look/im1792_2.png,negative
sad/sad-look/im1794.png,negative
sad/sad-look/im1795.png,negative
sad/sad-look/im1796.png,negative
sad/sad-look/im1796_1.png,negative
sad/sad-look/im1805.png,negative
sad/sad-look/im1805_2.png,negative
sad/sad-look/im1807.png,negative
sad/sad-look/im1807_1.png,negative
sad/sad-look/im1808.png,negative
sad/sad-look/im1809.png,negative
sad/sad-look/im1822.png,negative
sad/sad-look/im1829.png,negative
sad/sad-look/im1844.png,negative
sad/sad-look/im1844_2.png,negative
sad/sad-look/im1853_2.png,negative
sad/sad-look/im1854.png,negative
sad/sad-look/im1854_2.png,negative
sad/sad-look/im1856_2.png,negative
sad/sad-look/im1861.png,negative
sad/sad-look/im1866.png,negative
sad/sad-look/im1868.png,negative
sad/sad-look/im1869.png,negative
sad/sad-look/im1870.png,negative
sad/sad-look/im1872.png,negative
sad/sad-look/im1876.png,negative
sad/sad-look/im1878.png,negative
sad/sad-look/im1880.png,negative
sad/sad-look/im1880_1.png,negative
sad/sad-look/im1882.png,negative
sad/sad-look/im1884.png,negative
sad/sad-look/im1887.png,negative
sad/sad-look/im1887_1.png,negative
sad/sad-look/im1908_1.png,negative
sad/sad-look/im1910.png,negative
sad/sad-look/im1918_2.png,negative
sad/sad-look/im1923_1.png,negative
sad/sad-look/im1932.png,negative
sad/sad-look/im1932_2.png,negative
sad/sad-look/im1934.png,negative
sad/sad-look/im1934_2.png,negative
sad/sad-look/im1936.png,negative
sad/sad-look/im1936_2.png,negative
sad/sad-look/im1938.png,negative
sad/sad-look/im1943.png,negative
sad/sad-look/im1943_1.png,negative
sad/sad-look/im1953_1.png,negative
sad/sad-look/im1954.png,negative
sad/sad-look/im1954_2.png,negative
sad/sad-look/im1955.png,negative
sad/sad-look/im1959.png,negative
sad/sad-look/im1960.png,negative
sad/sad-look/im1964.png,negative
sad/sad-look/im1965.png,negative
sad/sad-look/im1965_1.png,negative
sad/sad-look/im1971.png,negative
sad/sad-look/im1976.png,negative
sad/sad-look/im1985_2.png,negative
sad/sad-look/im1986.png,negative
sad/sad-look/im1988.png,negative
sad/sad-look/im1993.png,negative
sad/sad-look/im1995.png,negative
sad/sad-look/im2001.png,negative
sad/sad-look/im2002_2.png,negative
sad/sad-look/im2027_2.png,negative
sad/sad-look/im2041.png,negative
sad/sad-look/im2043_2.png,negative
sad/sad-look/im2048_2.png,negative
sad/sad-look/im2057_1.png,negative
sad/sad-look/im2059.png,negative
sad/sad-look/im2060.png,negative
sad/sad-look/im2065.png,negative
sad/sad-look/im2066.png,negative
sad/sad-look/im2077_2.png,negative
sad/sad-look/im2080.png,negative
sad/sad-look/im2092.png,negative
sad/sad-look/im2094.png,negative
sad/sad-look/im2097.png,negative
sad/sad-look/im2100.png,negative
sad/sad-look/im2106_2.png,negative
sad/sad-look/im2116.png,negative
sad/sad-look/im2117.png,negative
sad/sad-look/im2119.png,negative
sad/sad-look/im2119_2.png,negative
sad/sad-look/im2120.png,negative
sad/sad-look/im2125_1.png,negative
sad/sad-look/im2130.png,negative
sad/sad-look/im2133_1.png,negative
sad/sad-look/im2137_2.png,negative
sad/sad-look/im2144.png,negative
sad/sad-look/im2150_1.png,negative
sad/sad-look/im2155.png,negative
sad/sad-look/im2162.png,negative
sad/sad-look/im2166.png,negative
sad/sad-look/im2166_1.png,negative
sad/sad-look/im2169.png,negative
sad/sad-look/im2170.png,negative
sad/sad-look/im2171.png,negative
sad/sad-look/im2173.png,negative
sad/sad-look/im2175_2.png,negative
sad/sad-look/im2178.png,negative
sad/sad-look/im2180.png,negative
sad/sad-look/im2180_1.png,negative
sad/sad-look/im2185_1.png,negative
sad/sad-look/im2186.png,negative
sad/sad-look/im2191.png,negative
sad/sad-look/im2199.png,negative
sad/sad-look/im2207.png,negative
sad/sad-look/im2209.png,negative
sad/sad-look/im2210.png,negative
sad/sad-look/im2211.png,negative
sad/sad-look/im2213.png,negative
sad/sad-look/im2217.png,negative
sad/sad-look/im2223.png,negative
sad/sad-look/im2225.png,negative
sad/sad-look/im2230_2.png,negative
sad/sad-look/im2231.png,negative
sad/sad-look/im2235.png,negative
sad/sad-look/im2237.png,negative
sad/sad-look/im2243.png,negative
sad/sad-look/im2244.png,negative
sad/sad-look/im2245.png,negative
sad/sad-look/im2249.png,negative
sad/sad-look/im2251_1.png,negative
sad/sad-look/im2251_2.png,negative
sad/sad-look/im2258.png,negative
sad/sad-look/im2261_2.png,negative
sad/sad-look/im2265.png,negative
sad/sad-look/im2267.png,negative
sad/sad-look/im2268.png,negative
sad/sad-look/im2270.png,negative
sad/sad-look/im2273.png,negative
sad/sad-look/im2274.png,negative
sad/sad-look/im2274_2.png,negative
sad/sad-look/im2275_2.png,negative
sad/sad-look/im2283.png,negative
sad/sad-look/im2284.png,negative
sad/sad-look/im2284_1.png,negative
sad/sad-look/im2285.png,negative
sad/sad-look/im2286.png,negative
sad/sad-look/im2288.png,negative
sad/sad-look/im2299.png,negative
sad/sad-look/im2300.png,negative
sad/sad-look/im2307.png,negative
sad/sad-look/im2314.png,negative
sad/sad-look/im2315.png,negative
sad/sad-look/im2318.png,negative
sad/sad-look/im2326.png,negative
sad/sad-look/im2330.png,negative
sad/sad-look/im2337.png,negative
sad/sad-look/im2338.png,negative
sad/sad-look/im2343_1.png,negative
sad/sad-look/im2347.png,negative
sad/sad-look/im2355.png,negative
sad/sad-look/im2361.png,negative
sad/sad-look/im2362.png,negative
sad/sad-look/im2363.png,negative
sad/sad-look/im2364.png,negative
sad/sad-look/im2366.png,negative
sad/sad-look/im2370.png,negative
sad/sad-look/im2374.png,negative
sad/sad-look/im2377.png,negative
sad/sad-look/im2378.png,negative
sad/sad-look/im2379.png,negative
sad/sad-look/im2379_2.png,negative
sad/sad-look/im2380.png,negative
sad/sad-look/im2385.png,negative
sad/sad-look/im2389.png,negative
sad/sad-look/im2397.png,negative
sad/sad-look/im2397_2.png,negative
sad/sad-look/im2398.png,negative
sad/sad-look/im2398_2.png,negative
sad/sad-look/im2399.png,negative
sad/sad-look/im2401.png,negative
sad/sad-look/im2402_2.png,negative
sad/sad-look/im2405.png,negative
sad/sad-look/im2407.png,negative
sad/sad-look/im2414.png,negative
sad/sad-look/im2416.png,negative
sad/sad-look/im2426.png,negative
sad/sad-look/im2432.png,negative
sad/sad-look/im2436.png,negative
sad/sad-look/im2441_1.png,negative
sad/sad-look/im2447.png,negative
sad/sad-look/im2452.png,negative
sad/sad-look/im2454.png,negative
sad/sad-look/im2455.png,negative
sad/sad-look/im2456.png,negative
sad/sad-look/im2466.png,negative
sad/sad-look/im2468.png,negative
sad/sad-look/im2476.png,negative
sad/sad-look/im2478.png,negative
sad/sad-look/im2479.png,negative
sad/sad-look/im2485.png,negative
sad/sad-look/im2491.png,negative
sad/sad-look/im2492.png,negative
sad/sad-look/im2495.png,negative
sad/sad-look/im2502.png,negative
sad/sad-look/im2505.png,negative
sad/sad-look/im2506.png,negative
sad/sad-look/im2511.png,negative
sad/sad-look/im2512.png,negative
sad/sad-look/im2513.png,negative
sad/sad-look/im2514.png,negative
sad/sad-look/im2515.png,negative
sad/sad-look/im2518.png,negative
sad/sad-look/im2521.png,negative
sad/sad-look/im2522.png,negative
sad/sad-look/im2524.png,negative
sad/sad-look/im2526_1.png,negative
sad/sad-look/im2528.png,negative
sad/sad-look/im2532.png,negative
sad/sad-look/im2534.png,negative
sad/sad-look/im2539.png,negative
sad/sad-look/im2539_1.png,negative
sad/sad-look/im2552.png,negative
sad/sad-look/im2553.png,negative
sad/sad-look/im2554.png,negative
sad/sad-look/im2556.png,negative
sad/sad-look/im2559.png,negative
sad/sad-look/im2563.png,negative
sad/sad-look/im2568.png,negative
sad/sad-look/im2569.png,negative
sad/sad-look/im2570.png,negative
sad/sad-look/im2570_2.png,negative
sad/sad-look/im2573.png,negative
sad/sad-look/im2580_1.png,negative
sad/sad-look/im2587.png,negative
sad/sad-look/im2588.png,negative
sad/sad-look/im2593.png,negative
sad/sad-look/im2596.png,negative
sad/sad-look/im2597.png,negative
sad/sad-look/im2598.png,negative
sad/sad-look/im2601.png,negative
sad/sad-look/im2609.png,negative
sad/sad-look/im2613.png,negative
sad/sad-look/im2614.png,negative
sad/sad-look/im2618.png,negative
sad/sad-look/im2623.png,negative
sad/sad-look/im2627.png,negative
sad/sad-look/im2628.png,negative
sad/sad-look/im2629.png,negative
sad/sad-look/im2631.png,negative
sad/sad-look/im2632.png,negative
sad/sad-look/im2650.png,negative
sad/sad-look/im2652.png,negative
sad/sad-look/im2654_2.png,negative
sad/sad-look/im2655.png,negative
sad/sad-look/im2663.png,negative
sad/sad-look/im2665_2.png,negative
sad/sad-look/im2666.png,negative
sad/sad-look/im2669.png,negative
sad/sad-look/im2671_2.png,negative
sad/sad-look/im2680.png,negative
sad/sad-look/im2683_2.png,negative
sad/sad-look/im2685.png,negative
sad/sad-look/im2689_2.png,negative
sad/sad-look/im2693.png,negative
sad/sad-look/im2695_2.png,negative
sad/sad-look/im2699.png,negative
sad/sad-look/im2702.png,negative
sad/sad-look/im2703.png,negative
sad/sad-look/im2704.png,negative
sad/sad-look/im2711.png,negative
sad/sad-look/im2721.png,negative
sad/sad-look/im2721_1.png,negative
sad/sad-look/im2724_1.png,negative
sad/sad-look/im2735_2.png,negative
sad/sad-look/im2738.png,negative
sad/sad-look/im2739.png,negative
sad/sad-look/im2740.png,negative
sad/sad-look/im2745.png,negative
sad/sad-look/im2747.png,negative
sad/sad-look/im2752.png,negative
sad/sad-look/im2756.png,negative
sad/sad-look/im2765.png,negative
sad/sad-look/im2786_1.png,negative
sad/sad-look/im2807.png,negative
sad/sad-look/im2826.png,negative
sad/sad-look/im2828_2.png,negative
sad/sad-look/im2838_2.png,negative
sad/sad-look/im2851_2.png,negative
sad/sad-look/im2859_1.png,negative
sad/sad-look/im2864_1.png,negative
sad/sad-look/im2868_1.png,negative
sad/sad-look/im2874.png,negative
sad/sad-look/im2879.png,negative
sad/sad-look/im2883.png,negative
sad/sad-look/im2886.png,negative
sad/sad-look/im2887.png,negative
sad/sad-look/im2890.png,negative
sad/sad-look/im2890_1.png,negative
sad/sad-look/im2891.png,negative
sad/sad-look/im2892_1.png,negative
sad/sad-look/im2899.png,negative
sad/sad-look/im2900.png,negative
sad/sad-look/im2912_1.png,negative
sad/sad-look/im2917.png,negative
sad/sad-look/im2922_2.png,negative
sad/sad-look/im2926.png,negative
sad/sad-look/im2929.png,negative
sad/sad-look/im2929_1.png,negative
sad/sad-look/im2930.png,negative
sad/sad-look/im2938.png,negative
sad/sad-look/im2939.png,negative
sad/sad-look/im2940.png,negative
sad/sad-look/im2952.png,negative
sad/sad-look/im2954.png,negative
sad/sad-look/im2955.png,negative
sad/sad-look/im2959_1.png,negative
sad/sad-look/im2962.png,negative
sad/sad-look/im2963_2.png,negative
sad/sad-look/im2970.png,negative
sad/sad-look/im2972.png,negative
sad/sad-look/im2975.png,negative
sad/sad-look/im2980.png,negative
sad/sad-look/im2984.png,negative
sad/sad-look/im2985.png,negative
sad/sad-look/im2992_1.png,negative
sad/sad-look/im3000_2.png,negative
sad/sad-look/im3014.png,negative
sad/sad-look/im3021.png,negative
sad/sad-look/im3042.png,negative
sad/sad-look/im3044.png,negative
sad/sad-look/im3047.png,negative
sad/sad-look/im3055_2.png,negative
sad/sad-look/im3059.png,negative
sad/sad-look/im3062.png,negative
sad/sad-look/im3076_2.png,negative
sad/sad-look/im3088.png,negative
sad/sad-look/im3093_2.png,negative
sad/sad-look/im3095.png,negative
sad/sad-look/im3100.png,negative
sad/sad-look/im3101_2.png,negative
sad/sad-look/im3102_2.png,negative
sad/sad-look/im3105.png,negative
sad/sad-look/im3106.png,negative
sad/sad-look/im3108.png,negative
sad/sad-look/im3109.png,negative
sad/sad-look/im3110.png,negative
sad/sad-look/im3111.png,negative
sad/sad-look/im3115_2.png,negative
sad/sad-look/im3117.png,negative
sad/sad-look/im3121.png,negative
sad/sad-look/im3133.png,negative
sad/sad-look/im3137.png,negative
sad/sad-look/im3139.png,negative
sad/sad-look/im3142.png,negative
sad/sad-look/im3147.png,negative
sad/sad-look/im3150.png,negative
sad/sad-look/im3151_2.png,negative
sad/sad-look/im3154.png,negative
sad/sad-look/im3162.png,negative
sad/sad-look/im3165.png,negative
sad/sad-look/im3170.png,negative
sad/sad-look/im3171_2.png,negative
sad/sad-look/im3174_2.png,negative
sad/sad-look/im3176.png,negative
sad/sad-look/im3177.png,negative
sad/sad-look/im3184_2.png,negative
sad/sad-look/im3192.png,negative
sad/sad-look/im3199_2.png,negative
sad/sad-look/im3204.png,negative
sad/sad-look/im3205.png,negative
sad/sad-look/im3206.png,negative
sad/sad-look/im3213.png,negative
sad/sad-look/im3219.png,negative
sad/sad-look/im3220.png,negative
sad/sad-look/im3221.png,negative
sad/sad-look/im3228.png,negative
sad/sad-look/im3229.png,negative
sad/sad-look/im3233.png,negative
sad/sad-look/im3234.png,negative
sad/sad-look/im3239.png,negative
sad/sad-look/im3251.png,negative
sad/sad-look/im3253.png,negative
sad/sad-look/im3260.png,negative
sad/sad-look/im3265.png,negative
sad/sad-look/im3270_1.png,negative
sad/sad-look/im3271.png,negative
sad/sad-look/im3275.png,negative
sad/sad-look/im3295.png,negative
sad/sad-look/im3305.png,negative
sad/sad-look/im3307.png,negative
sad/sad-look/im3313.png,negative
sad/sad-look/im3328_2.png,negative
sad/sad-look/im3333.png,negative
sad/sad-look/im3338.png,negative
sad/sad-look/im3341.png,negative
sad/sad-look/im3356.png,negative
sad/sad-look/im3357_1.png,negative
sad/sad-look/im3358_1.png,negative
sad/sad-look/im3359.png,negative
sad/sad-look/im3361_1.png,negative
sad/sad-look/im3362.png,negative
sad/sad-look/im3375.png,negative
sad/sad-look/im3378.png,negative
sad/sad-look/im3379.png,negative
sad/sad-look/im3380.png,negative
sad/sad-look/im3380_1.png,negative
sad/sad-look/im3387.png,negative
sad/sad-look/im3388.png,negative
sad/sad-look/im3389.png,negative
sad/sad-look/im3390.png,negative
sad/sad-look/im3390_1.png,negative
sad/sad-look/im3396.png,negative
sad/sad-look/im3402.png,negative
sad/sad-look/im3412_2.png,negative
sad/sad-look/im3417.png,negative
sad/sad-look/im3423.png,negative
sad/sad-look/im3424.png,negative
sad/sad-look/im3426.png,negative
sad/sad-look/im3429.png,negative
sad/sad-look/im3431.png,negative
sad/sad-look/im3441.png,negative
sad/sad-look/im3445.png,negative
sad/sad-look/im3446_1.png,negative
sad/sad-look/im3447.png,negative
sad/sad-look/im3451.png,negative
sad/sad-look/im3455_2.png,negative
sad/sad-look/im3457.png,negative
sad/sad-look/im3458.png,negative
sad/sad-look/im3472.png,negative
sad/sad-look/im3473.png,negative
sad/sad-look/im3482.png,negative
sad/sad-look/im3489.png,negative
sad/sad-look/im3498.png,negative
sad/sad-look/im3503.png,negative
sad/sad-look/im3505.png,negative
sad/sad-look/im3508.png,negative
sad/sad-look/im3511.png,negative
sad/sad-look/im3512.png,negative
sad/sad-look/im3512_2.png,negative
sad/sad-look/im3513.png,negative
sad/sad-look/im3514.png,negative
sad/sad-look/im3515.png,negative
sad/sad-look/im3520.png,negative
sad/sad-look/im3521.png,negative
sad/sad-look/im3524.png,negative
sad/sad-look/im3526.png,negative
sad/sad-look/im3526_2.png,negative
sad/sad-look/im3528.png,negative
sad/sad-look/im3529.png,negative
sad/sad-look/im3531.png,negative
sad/sad-look/im3532.png,negative
sad/sad-look/im3535.png,negative
sad/sad-look/im3542.png,negative
sad/sad-look/im3550.png,negative
sad/sad-look/im3562.png,negative
sad/sad-look/im3564_1.png,negative
sad/sad-look/im3567.png,negative
sad/sad-look/im3570.png,negative
sad/sad-look/im3572_1.png,negative
sad/sad-look/im3578.png,negative
sad/sad-look/im3579.png,negative
sad/sad-look/im3580.png,negative
sad/sad-look/im3581.png,negative
sad/sad-look/im3582.png,negative
sad/sad-look/im3584.png,negative
sad/sad-look/im3586.png,negative
sad/sad-look/im3588.png,negative
sad/sad-look/im3598_2.png,negative
sad/sad-look/im3605.png,negative
sad/sad-look/im3606_2.png,negative
sad/sad-look/im3608.png,negative
sad/sad-look/im3610_2.png,negative
sad/sad-look/im3611.png,negative
sad/sad-look/im3613.png,negative
sad/sad-look/im3630.png,negative
sad/sad-look/im3631.png,negative
sad/sad-look/im3636.png,negative
sad/sad-look/im3643.png,negative
sad/sad-look/im3645_2.png,negative
sad/sad-look/im3647.png,negative
sad/sad-look/im3650.png,negative
sad/sad-look/im3651.png,negative
sad/sad-look/im3659.png,negative
sad/sad-look/im3663.png,negative
sad/sad-look/im3664.png,negative
sad/sad-look/im3664_2.png,negative
sad/sad-look/im3690.png,negative
sad/sad-look/im3690_1.png,negative
sad/sad-look/im3696.png,negative
sad/sad-look/im3703_2.png,negative
sad/sad-look/im3710.png,negative
sad/sad-look/im3714.png,negative
sad/sad-look/im3715.png,negative
sad/sad-look/im3716.png,negative
sad/sad-look/im3727.png,negative
sad/sad-look/im3729.png,negative
sad/sad-look/im3732.png,negative
sad/sad-look/im3733.png,negative
sad/sad-look/im3738.png,negative
sad/sad-look/im3741_2.png,negative
sad/sad-look/im3746.png,negative
sad/sad-look/im3754.png,negative
sad/sad-look/im3756.png,negative
sad/sad-look/im3757.png,negative
sad/sad-look/im3759.png,negative
sad/sad-look/im3763.png,negative
sad/sad-look/im3765.png,negative
sad/sad-look/im3766.png,negative
sad/sad-look/im3770.png,negative
sad/sad-look/im3782.png,negative
sad/sad-look/im3786.png,negative
sad/sad-look/im3791.png,negative
sad/sad-look/im3795.png,negative
sad/sad-look/im3799.png,negative
sad/sad-look/im3800.png,negative
sad/sad-look/im3801.png,negative
sad/sad-look/im3803.png,negative
sad/sad-look/im3805.png,negative
sad/sad-look/im3806.png,negative
sad/sad-look/im3810.png,negative
sad/sad-look/im3819.png,negative
sad/sad-look/im3824_1.png,negative
sad/sad-look/im3825.png,negative
sad/sad-look/im3828.png,negative
sad/sad-look/im3831.png,negative
sad/sad-look/im3832.png,negative
sad/sad-look/im3834_1.png,negative
sad/sad-look/im3837.png,negative
sad/sad-look/im3841.png,negative
sad/sad-look/im3841_1.png,negative
sad/sad-look/im3842.png,negative
sad/sad-look/im3848.png,negative
sad/sad-look/im3850.png,negative
sad/sad-look/im3852.png,negative
sad/sad-look/im3868.png,negative
sad/sad-look/im3871_2.png,negative
sad/sad-look/im3877_1.png,negative
sad/sad-look/im3883.png,negative
sad/sad-look/im3885.png,negative
sad/sad-look/im3886.png,negative
sad/sad-look/im3887.png,negative
sad/sad-look/im3890_1.png,negative
sad/sad-look/im3894.png,negative
sad/sad-look/im3904.png,negative
sad/sad-look/im3906_2.png,negative
sad/sad-look/im3909.png,negative
sad/sad-look/im3916.png,negative
sad/sad-look/im3917.png,negative
sad/sad-look/im3917_2.png,negative
sad/sad-look/im3919_2.png,negative
sad/sad-look/im3923.png,negative
sad/sad-look/im3926.png,negative
sad/sad-look/im3930.png,negative
sad/sad-look/im3935_2.png,negative
sad/sad-look/im3937_2.png,negative
sad/sad-look/im3940.png,negative
sad/sad-look/im3941_1.png,negative
sad/sad-look/im3942.png,negative
sad/sad-look/im3954.png,negative
sad/sad-look/im3954_2.png,negative
sad/sad-look/im3955.png,negative
sad/sad-look/im3959.png,negative
sad/sad-look/im3961.png,negative
sad/sad-look/im3962.png,negative
sad/sad-look/im3963.png,negative
sad/sad-look/im3965.png,negative
sad/sad-look/im3968.png,negative
sad/sad-look/im3970.png,negative
sad/sad-look/im3972.png,negative
sad/sad-look/im3977.png,negative
sad/sad-look/im3980.png,negative
sad/sad-look/im3981.png,negative
sad/sad-look/im3983.png,negative
sad/sad-look/im3984.png,negative
sad/sad-look/im3986.png,negative
sad/sad-look/im3987.png,negative
sad/sad-look/im3996_1.png,negative
sad/sad-look/im3999.png,negative
sad/sad-look/im4007.png,negative
sad/sad-look/im4008.png,negative
sad/sad-look/im4010.png,negative
sad/sad-look/im4012.png,negative
sad/sad-look/im4014.png,negative
sad/sad-look/im4015.png,negative
sad/sad-look/im4017.png,negative
sad/sad-look/im4018.png,negative
sad/sad-look/im4019.png,negative
sad/sad-look/im4024.png,negative
sad/sad-look/im4026_1.png,negative
sad/sad-look/im4033_2.png,negative
sad/sad-look/im4034.png,negative
sad/sad-look/im4045.png,negative
sad/sad-look/im4048.png,negative
sad/sad-look/im4052.png,negative
sad/sad-look/im4056.png,negative
sad/sad-look/im4061.png,negative
sad/sad-look/im4062.png,negative
sad/sad-look/im4063.png,negative
sad/sad-look/im4065.png,negative
sad/sad-look/im4069.png,negative
sad/sad-look/im4074.png,negative
sad/sad-look/im4076.png,negative
sad/sad-look/im4078_1.png,negative
sad/sad-look/im4080.png,negative
sad/sad-look/im4082.png,negative
sad/sad-look/im4088.png,negative
sad/sad-look/im4089.png,negative
sad/sad-look/im4090.png,negative
sad/sad-look/im4092.png,negative
sad/sad-look/im4093.png,negative
sad/sad-look/im4099.png,negative
sad/sad-look/im4107.png,negative
sad/sad-look/im4115.png,negative
sad/sad-look/im4123.png,negative
sad/sad-look/im4133.png,negative
sad/sad-look/im4139.png,negative
sad/sad-look/im4139_1.png,negative
sad/sad-look/im4141.png,negative
sad/sad-look/im4145.png,negative
sad/sad-look/im4146.png,negative
sad/sad-look/im4152.png,negative
sad/sad-look/im4155.png,negative
sad/sad-look/im4156.png,negative
sad/sad-look/im4157.png,negative
sad/sad-look/im4160.png,negative
sad/sad-look/im4165.png,negative
sad/sad-look/im4166_1.png,negative
sad/sad-look/im4168.png,negative
sad/sad-look/im4184.png,negative
sad/sad-look/im4191.png,negative
sad/sad-look/im4191_1.png,negative
sad/sad-look/im4198.png,negative
sad/sad-look/im4199.png,negative
sad/sad-look/im4200.png,negative
sad/sad-look/im4208.png,negative
sad/sad-look/im4216.png,negative
sad/sad-look/im4222.png,negative
sad/sad-look/im4226.png,negative
sad/sad-look/im4227.png,negative
sad/sad-look/im4235.png,negative
sad/sad-look/im4238.png,negative
sad/sad-look/im4244.png,negative
sad/sad-look/im4247.png,negative
sad/sad-look/im4249.png,negative
sad/sad-look/im4263.png,negative
sad/sad-look/im4265.png,negative
sad/sad-look/im4266_1.png,negative
sad/sad-look/im4268.png,negative
sad/sad-look/im4270.png,negative
sad/sad-look/im4270_1.png,negative
sad/sad-look/im4277.png,negative
sad/sad-look/im4279.png,negative
sad/sad-look/im4283.png,negative
sad/sad-look/im4285.png,negative
sad/sad-look/im4296.png,negative
sad/sad-look/im4301.png,negative
sad/sad-look/im4309.png,negative
sad/sad-look/im4314.png,negative
sad/sad-look/im4316.png,negative
sad/sad-look/im4322.png,negative
sad/sad-look/im4323.png,negative
sad/sad-look/im4332.png,negative
sad/sad-look/im4334.png,negative
sad/sad-look/im4335.png,negative
sad/sad-look/im4339.png,negative
sad/sad-look/im4340.png,negative
sad/sad-look/im4348.png,negative
sad/sad-look/im4348_1.png,negative
sad/sad-look/im4349.png,negative
sad/sad-look/im4350.png,negative
sad/sad-look/im4360.png,negative
sad/sad-look/im4362.png,negative
sad/sad-look/im4364.png,negative
sad/sad-look/im4367.png,negative
sad/sad-look/im4368.png,negative
sad/sad-look/im4373.png,negative
sad/sad-look/im4377.png,negative
sad/sad-look/im4379.png,negative
sad/sad-look/im4386.png,negative
sad/sad-look/im4393.png,negative
sad/sad-look/im4394.png,negative
sad/sad-look/im4396.png,negative
sad/sad-look/im4397.png,negative
sad/sad-look/im4400.png,negative
sad/sad-look/im4402.png,negative
sad/sad-look/im4404.png,negative
sad/sad-look/im4405.png,negative
sad/sad-look/im4410.png,negative
sad/sad-look/im4413.png,negative
sad/sad-look/im4418_1.png,negative
sad/sad-look/im4424.png,negative
sad/sad-look/im4429.png,negative
sad/sad-look/im4430.png,negative
sad/sad-look/im4431.png,negative
sad/sad-look/im4432.png,negative
sad/sad-look/im4434.png,negative
sad/sad-look/im4438.png,negative
sad/sad-look/im4447.png,negative
sad/sad-look/im4449.png,negative
sad/sad-look/im4450.png,negative
sad/sad-look/im4456.png,negative
sad/sad-look/im4458.png,negative
sad/sad-look/im4464.png,negative
sad/sad-look/im4464_1.png,negative
sad/sad-look/im4467.png,negative
sad/sad-look/im4475.png,negative
sad/sad-look/im4477.png,negative
sad/sad-look/im4479.png,negative
sad/sad-look/im4481.png,negative
sad/sad-look/im4483.png,negative
sad/sad-look/im4486.png,negative
sad/sad-look/im4492.png,negative
sad/sad-look/im4499.png,negative
sad/sad-look/im4504.png,negative
sad/sad-look/im4516.png,negative
sad/sad-look/im4518.png,negative
sad/sad-look/im4522.png,negative
sad/sad-look/im4525.png,negative
sad/sad-look/im4527.png,negative
sad/sad-look/im4533.png,negative
sad/sad-look/im4534.png,negative
sad/sad-look/im4536.png,negative
sad/sad-look/im4541.png,negative
sad/sad-look/im4553.png,negative
sad/sad-look/im4554.png,negative
sad/sad-look/im4554_1.png,negative
sad/sad-look/im4560.png,negative
sad/sad-look/im4561.png,negative
sad/sad-look/im4564.png,negative
sad/sad-look/im4567.png,negative
sad/sad-look/im4573.png,negative
sad/sad-look/im4577.png,negative
sad/sad-look/im4579.png,negative
sad/sad-look/im4583.png,negative
sad/sad-look/im4602.png,negative
sad/sad-look/im4603.png,negative
sad/sad-look/im4606.png,negative
sad/sad-look/im4623.png,negative
sad/sad-look/im4626.png,negative
sad/sad-look/im4628_1.png,negative
sad/sad-look/im4630.png,negative
sad/sad-look/im4632.png,negative
sad/sad-look/im4639.png,negative
sad/sad-look/im4645.png,negative
sad/sad-look/im4652.png,negative
sad/sad-look/im4666.png,negative
sad/sad-look/im4673.png,negative
sad/sad-look/im4675.png,negative
sad/sad-look/im4684.png,negative
sad/sad-look/im4688.png,negative
sad/sad-look/im4693.png,negative
sad/sad-look/im4696.png,negative
sad/sad-look/im4699.png,negative
sad/sad-look/im4712.png,negative
sad/sad-look/im4714.png,negative
sad/sad-look/im4714_1.png,negative
sad/sad-look/im4718.png,negative
sad/sad-look/im4719.png,negative
sad/sad-look/im4722.png,negative
sad/sad-look/im4723_1.png,negative
sad/sad-look/im4728.png,negative
sad/sad-look/im4731.png,negative
sad/sad-look/im4732.png,negative
sad/sad-look/im4735.png,negative
sad/sad-look/im4738.png,negative
sad/sad-look/im4742.png,negative
sad/sad-look/im4744.png,negative
sad/sad-look/im4749.png,negative
sad/sad-look/im4750.png,negative
sad/sad-look/im4754.png,negative
sad/sad-look/im4757.png,negative
sad/sad-look/im4758.png,negative
sad/sad-look/im4759.png,negative
sad/sad-look/im4764.png,negative
sad/sad-look/im4766.png,negative
sad/sad-look/im4768.png,negative
sad/sad-look/im4770.png,negative
sad/sad-look/im4773.png,negative
sad/sad-look/im4779.png,negative
sad/sad-look/im4780.png,negative
sad/sad-look/im4784.png,negative
sad/sad-look/im4786.png,negative
sad/sad-look/im4794.png,negative
sad/sad-look/im4795.png,negative
sad/sad-look/im4796.png,negative
sad/sad-look/im4800.png,negative
sad/sad-look/im4802.png,negative
sad/sad-look/im4803.png,negative
sad/sad-look/im4804.png,negative
sad/sad-look/im4805_1.png,negative
sad/sad-look/im4810.png,negative
sad/sad-look/im4812_1.png,negative
sad/sad-look/im4814_1.png,negative
sad/sad-look/im4816_1.png,negative
sad/sad-look/im4817_1.png,negative
sad/sad-look/im4822.png,negative
sad/sad-look/im4829.png,negative
sad/sad-look/im4831_1.png,negative
sad/sad-look/im4832_1.png,negative
sad/sad-look/im4847_1.png,negative
sad/sad-look/im4869.png,negative
sad/sad-look/im4934_1.png,negative
sad/sad-look/im4944.png,negative
sad/sad-look/im5788_1.png,negative
sad/sad-look-down/im49.png,negative
sad/sad-look-down/im79.png,negative
sad/sad-look-down/im80_1.png,negative
sad/sad-look-down/im85.png,negative
sad/sad-look-down/im102.png,negative
sad/sad-look-down/im106.png,negative
sad/sad-look-down/im126.png,negative
sad/sad-look-down/im130.png,negative
sad/sad-look-down/im140.png,negative
sad/sad-look-down/im143_2.png,negative
sad/sad-look-down/im144.png,negative
sad/sad-look-down/im149.png,negative
sad/sad-look-down/im153.png,negative
sad/sad-look-down/im161.png,negative
sad/sad-look-down/im175.png,negative
sad/sad-look-down/im179.png,negative
sad/sad-look-down/im207.png,negative
sad/sad-look-down/im238.png,negative
sad/sad-look-down/im239.png,negative
sad/sad-look-down/im244.png,negative
sad/sad-look-down/im262.png,negative
sad/sad-look-down/im265.png,negative
sad/sad-look-down/im269.png,negative
sad/sad-look-down/im270.png,negative
sad/sad-look-down/im273.png,negative
sad/sad-look-down/im281.png,negative
sad/sad-look-down/im281_1.png,negative
sad/sad-look-down/im285.png,negative
sad/sad-look-down/im287_1.png,negative
sad/sad-look-down/im288.png,negative
sad/sad-look-down/im310.png,negative
sad/sad-look-down/im313.png,negative
sad/sad-look-down/im314.png,negative
sad/sad-look-down/im315.png,negative
sad/sad-look-down/im320.png,negative
sad/sad-look-down/im325.png,negative
sad/sad-look-down/im329.png,negative
sad/sad-look-down/im346.png,negative
sad/sad-look-down/im348_1.png,negative
sad/sad-look-down/im377.png,negative
sad/sad-look-down/im400.png,negative
sad/sad-look-down/im409.png,negative
sad/sad-look-down/im413.png,negative
sad/sad-look-down/im418.png,negative
sad/sad-look-down/im437.png,negative
sad/sad-look-down/im452.png,negative
sad/sad-look-down/im453.png,negative
sad/sad-look-down/im455.png,negative
sad/sad-look-down/im456.png,negative
sad/sad-look-down/im458.png,negative
sad/sad-look-down/im464.png,negative
sad/sad-look-down/im473.png,negative
sad/sad-look-down/im477.png,negative
sad/sad-look-down/im482.png,negative
sad/sad-look-down/im495.png,negative
sad/sad-look-down/im501_2.png,negative
sad/sad-look-down/im502.png,negative
sad/sad-look-down/im510.png,negative
sad/sad-look-down/im519_1.png,negative
sad/sad-look-down/im530.png,negative
sad/sad-look-down/im535.png,negative
sad/sad-look-down/im548.png,negative
sad/sad-look-down/im548_1.png,negative
sad/sad-look-down/im550.png,negative
sad/sad-look-down/im554.png,negative
sad/sad-look-down/im559.png,negative
sad/sad-look-down/im597.png,negative
sad/sad-look-down/im601.png,negative
sad/sad-look-down/im603.png,negative
sad/sad-look-down/im605.png,negative
sad/sad-look-down/im605_1.png,negative
sad/sad-look-down/im614.png,negative
sad/sad-look-down/im616.png,negative
sad/sad-look-down/im619_2.png,negative
sad/sad-look-down/im623.png,negative
sad/sad-look-down/im629.png,negative
sad/sad-look-down/im635.png,negative
sad/sad-look-down/im636.png,negative
sad/sad-look-down/im639.png,negative
sad/sad-look-down/im641.png,negative
sad/sad-look-down/im648.png,negative
sad/sad-look-down/im650.png,negative
sad/sad-look-down/im663.png,negative
sad/sad-look-down/im671.png,negative
sad/sad-look-down/im672_2.png,negative
sad/sad-look-down/im681.png,negative
sad/sad-look-down/im697.png,negative
sad/sad-look-down/im706.png,negative
sad/sad-look-down/im713.png,negative
sad/sad-look-down/im720.png,negative
sad/sad-look-down/im732.png,negative
sad/sad-look-down/im733.png,negative
sad/sad-look-down/im742.png,negative
sad/sad-look-down/im755.png,negative
sad/sad-look-down/im761.png,negative
sad/sad-look-down/im765.png,negative
sad/sad-look-down/im766.png,negative
sad/sad-look-down/im768.png,negative
sad/sad-look-down/im779.png,negative
sad/sad-look-down/im782.png,negative
sad/sad-look-down/im787.png,negative
sad/sad-look-down/im791_2.png,negative
sad/sad-look-down/im798.png,negative
sad/sad-look-down/im802.png,negative
sad/sad-look-down/im804.png,negative
sad/sad-look-down/im827.png,negative
sad/sad-look-down/im848.png,negative
sad/sad-look-down/im852.png,negative
sad/sad-look-down/im858.png,negative
sad/sad-look-down/im872_1.png,negative
sad/sad-look-down/im873.png,negative
sad/sad-look-down/im875.png,negative
sad/sad-look-down/im881.png,negative
sad/sad-look-down/im888.png,negative
sad/sad-look-down/im893.png,negative
sad/sad-look-down/im897.png,negative
sad/sad-look-down/im898.png,negative
sad/sad-look-down/im903.png,negative
sad/sad-look-down/im908.png,negative
sad/sad-look-down/im909.png,negative
sad/sad-look-down/im909_2.png,negative
sad/sad-look-down/im914.png,negative
sad/sad-look-down/im917.png,negative
sad/sad-look-down/im927.png,negative
sad/sad-look-down/im940.png,negative
sad/sad-look-down/im962.png,negative
sad/sad-look-down/im963.png,negative
sad/sad-look-down/im965.png,negative
sad/sad-look-down/im968_2.png,negative
sad/sad-look-down/im976_1.png,negative
sad/sad-look-down/im979_1.png,negative
sad/sad-look-down/im997.png,negative
sad/sad-look-down/im1004.png,negative
sad/sad-look-down/im1023.png,negative
sad/sad-look-down/im1026.png,negative
sad/sad-look-down/im1040.png,negative
sad/sad-look-down/im1047_1.png,negative
sad/sad-look-down/im1060.png,negative
sad/sad-look-down/im1083.png,negative
sad/sad-look-down/im1088.png,negative
sad/sad-look-down/im1095.png,negative
sad/sad-look-down/im1114_1.png,negative
sad/sad-look-down/im1118_1.png,negative
sad/sad-look-down/im1125.png,negative
sad/sad-look-down/im1126.png,negative
sad/sad-look-down/im1129.png,negative
sad/sad-look-down/im1134.png,negative
sad/sad-look-down/im1142.png,negative
sad/sad-look-down/im1146.png,negative
sad/sad-look-down/im1151.png,negative
sad/sad-look-down/im1156.png,negative
sad/sad-look-down/im1158.png,negative
sad/sad-look-down/im1162_1.png,negative
sad/sad-look-down/im1169.png,negative
sad/sad-look-down/im1182_1.png,negative
sad/sad-look-down/im1187.png,negative
sad/sad-look-down/im1192.png,negative
sad/sad-look-down/im1199.png,negative
sad/sad-look-down/im1212.png,negative
sad/sad-look-down/im1217.png,negative
sad/sad-look-down/im1222.png,negative
sad/sad-look-down/im1225.png,negative
sad/sad-look-down/im1233.png,negative
sad/sad-look-down/im1234.png,negative
sad/sad-look-down/im1251.png,negative
sad/sad-look-down/im1252_2.png,negative
sad/sad-look-down/im1253.png,negative
sad/sad-look-down/im1257_1.png,negative
sad/sad-look-down/im1274_1.png,negative
sad/sad-look-down/im1275.png,negative
sad/sad-look-down/im1278.png,negative
sad/sad-look-down/im1280.png,negative
sad/sad-look-down/im1281.png,negative
sad/sad-look-down/im1318.png,negative
sad/sad-look-down/im1318_1.png,negative
sad/sad-look-down/im1336.png,negative
sad/sad-look-down/im1352.png,negative
sad/sad-look-down/im1377.png,negative
sad/sad-look-down/im1378.png,negative
sad/sad-look-down/im1379.png,negative
sad/sad-look-down/im1386.png,negative
sad/sad-look-down/im1420.png,negative
sad/sad-look-down/im1430.png,negative
sad/sad-look-down/im1431_1.png,negative
sad/sad-look-down/im1432.png,negative
sad/sad-look-down/im1435.png,negative
sad/sad-look-down/im1441.png,negative
sad/sad-look-down/im1446.png,negative
sad/sad-look-down/im1468.png,negative
sad/sad-look-down/im1480_1.png,negative
sad/sad-look-down/im1500.png,negative
sad/sad-look-down/im1502.png,negative
sad/sad-look-down/im1503_1.png,negative
sad/sad-look-down/im1509_1.png,negative
sad/sad-look-down/im1523.png,negative
sad/sad-look-down/im1527.png,negative
sad/sad-look-down/im1532_1.png,negative
sad/sad-look-down/im1533.png,negative
sad/sad-look-down/im1536.png,negative
sad/sad-look-down/im1540_2.png,negative
sad/sad-look-down/im1550.png,negative
sad/sad-look-down/im1553.png,negative
sad/sad-look-down/im1560_1.png,negative
sad/sad-look-down/im1564_2.png,negative
sad/sad-look-down/im1570.png,negative
sad/sad-look-down/im1576.png,negative
sad/sad-look-down/im1580.png,negative
sad/sad-look-down/im1580_1.png,negative
sad/sad-look-down/im1593_1.png,negative
sad/sad-look-down/im1595.png,negative
sad/sad-look-down/im1596.png,negative
sad/sad-look-down/im1604.png,negative
sad/sad-look-down/im1609.png,negative
sad/sad-look-down/im1620.png,negative
sad/sad-look-down/im1635.png,negative
sad/sad-look-down/im1638.png,negative
sad/sad-look-down/im1640.png,negative
sad/sad-look-down/im1642.png,negative
sad/sad-look-down/im1643.png,negative
sad/sad-look-down/im1649.png,negative
sad/sad-look-down/im1652_1.png,negative
sad/sad-look-down/im1653.png,negative
sad/sad-look-down/im1655.png,negative
sad/sad-look-down/im1659.png,negative
sad/sad-look-down/im1662.png,negative
sad/sad-look-down/im1665.png,negative
sad/sad-look-down/im1666.png,negative
sad/sad-look-down/im1671.png,negative
sad/sad-look-down/im1684.png,negative
sad/sad-look-down/im1687.png,negative
sad/sad-look-down/im1710.png,negative
sad/sad-look-down/im1726.png,negative
sad/sad-look-down/im1735.png,negative
sad/sad-look-down/im1750_1.png,negative
sad/sad-look-down/im1755.png,negative
sad/sad-look-down/im1761.png,negative
sad/sad-look-down/im1763_1.png,negative
sad/sad-look-down/im1765_1.png,negative
sad/sad-look-down/im1776_1.png,negative
sad/sad-look-down/im1779.png,negative
sad/sad-look-down/im1781.png,negative
sad/sad-look-down/im1785.png,negative
sad/sad-look-down/im1818.png,negative
sad/sad-look-down/im1832.png,negative
sad/sad-look-down/im1837_1.png,negative
sad/sad-look-down/im1848.png,negative
sad/sad-look-down/im1860.png,negative
sad/sad-look-down/im1861_1.png,negative
sad/sad-look-down/im1863.png,negative
sad/sad-look-down/im1867.png,negative
sad/sad-look-down/im1873.png,negative
sad/sad-look-down/im1878.png,negative
sad/sad-look-down/im1883.png,negative
sad/sad-look-down/im1893.png,negative
sad/sad-look-down/im1894.png,negative
sad/sad-look-down/im1899.png,negative
sad/sad-look-down/im1909_1.png,negative
sad/sad-look-down/im1930.png,negative
sad/sad-look-down/im1940.png,negative
sad/sad-look-down/im1958.png,negative
sad/sad-look-down/im1961.png,negative
sad/sad-look-down/im1973.png,negative
sad/sad-look-down/im1976_2.png,negative
sad/sad-look-down/im1977.png,negative
sad/sad-look-down/im1982.png,negative
sad/sad-look-down/im1985.png,negative
sad/sad-look-down/im1992.png,negative
sad/sad-look-down/im1994.png,negative
sad/sad-look-down/im1997_1.png,negative
sad/sad-look-down/im2002.png,negative
sad/sad-look-down/im2006.png,negative
sad/sad-look-down/im2012.png,negative
sad/sad-look-down/im2027.png,negative
sad/sad-look-down/im2028.png,negative
sad/sad-look-down/im2034.png,negative
sad/sad-look-down/im2060_2.png,negative
sad/sad-look-down/im2087_1.png,negative
sad/sad-look-down/im2091.png,negative
sad/sad-look-down/im2091_1.png,negative
sad/sad-look-down/im2101.png,negative
sad/sad-look-down/im2123.png,negative
sad/sad-look-down/im2137.png,negative
sad/sad-look-down/im2138_1.png,negative
sad/sad-look-down/im2151_1.png,negative
sad/sad-look-down/im2154.png,negative
sad/sad-look-down/im2156.png,negative
sad/sad-look-down/im2161.png,negative
sad/sad-look-down/im2168_1.png,negative
sad/sad-look-down/im2174.png,negative
sad/sad-look-down/im2180_2.png,negative
sad/sad-look-down/im2190.png,negative
sad/sad-look-down/im2193.png,negative
sad/sad-look-down/im2198.png,negative
sad/sad-look-down/im2241.png,negative
sad/sad-look-down/im2256.png,negative
sad/sad-look-down/im2257.png,negative
sad/sad-look-down/im2266.png,negative
sad/sad-look-down/im2275.png,negative
sad/sad-look-down/im2289_1.png,negative
sad/sad-look-down/im2294.png,negative
sad/sad-look-down/im2298.png,negative
sad/sad-look-down/im2327.png,negative
sad/sad-look-down/im2328.png,negative
sad/sad-look-down/im2336.png,negative
sad/sad-look-down/im2339.png,negative
sad/sad-look-down/im2351.png,negative
sad/sad-look-down/im2355.png,negative
sad/sad-look-down/im2357.png,negative
sad/sad-look-down/im2357_1.png,negative
sad/sad-look-down/im2363_1.png,negative
sad/sad-look-down/im2368.png,negative
sad/sad-look-down/im2415.png,negative
sad/sad-look-down/im2415_2.png,negative
sad/sad-look-down/im2425.png,negative
sad/sad-look-down/im2437.png,negative
sad/sad-look-down/im2438_2.png,negative
sad/sad-look-down/im2443.png,negative
sad/sad-look-down/im2464_3.png,negative
sad/sad-look-down/im2468_1.png,negative
sad/sad-look-down/im2485_1.png,negative
sad/sad-look-down/im2493.png,negative
sad/sad-look-down/im2503.png,negative
sad/sad-look-down/im2504.png,negative
sad/sad-look-down/im2523_1.png,negative
sad/sad-look-down/im2528_2.png,negative
sad/sad-look-down/im2530.png,negative
sad/sad-look-down/im2533.png,negative
sad/sad-look-down/im2546.png,negative
sad/sad-look-down/im2555.png,negative
sad/sad-look-down/im2566.png,negative
sad/sad-look-down/im2567.png,negative
sad/sad-look-down/im2576.png,negative
sad/sad-look-down/im2577.png,negative
sad/sad-look-down/im2578.png,negative
sad/sad-look-down/im2607.png,negative
sad/sad-look-down/im2612.png,negative
sad/sad-look-down/im2617.png,negative
sad/sad-look-down/im2640.png,negative
sad/sad-look-down/im2644.png,negative
sad/sad-look-down/im2648.png,negative
sad/sad-look-down/im2660.png,negative
sad/sad-look-down/im2664.png,negative
sad/sad-look-down/im2673.png,negative
sad/sad-look-down/im2677_1.png,negative
sad/sad-look-down/im2687_2.png,negative
sad/sad-look-down/im2688_1.png,negative
sad/sad-look-down/im2697.png,negative
sad/sad-look-down/im2701.png,negative
sad/sad-look-down/im2711_1.png,negative
sad/sad-look-down/im2712.png,negative
sad/sad-look-down/im2720.png,negative
sad/sad-look-down/im2724_1.png,negative
sad/sad-look-down/im2726_2.png,negative
sad/sad-look-down/im2727.png,negative
sad/sad-look-down/im2727_1.png,negative
sad/sad-look-down/im2730.png,negative
sad/sad-look-down/im2733.png,negative
sad/sad-look-down/im2735_1.png,negative
sad/sad-look-down/im2741.png,negative
sad/sad-look-down/im2745.png,negative
sad/sad-look-down/im2773.png,negative
sad/sad-look-down/im2777.png,negative
sad/sad-look-down/im2780.png,negative
sad/sad-look-down/im2786.png,negative
sad/sad-look-down/im2787.png,negative
sad/sad-look-down/im2788.png,negative
sad/sad-look-down/im2796.png,negative
sad/sad-look-down/im2805.png,negative
sad/sad-look-down/im2806.png,negative
sad/sad-look-down/im2809.png,negative
sad/sad-look-down/im2840.png,negative
sad/sad-look-down/im2863.png,negative
sad/sad-look-down/im2868.png,negative
sad/sad-look-down/im2877.png,negative
sad/sad-look-down/im2884_1.png,negative
sad/sad-look-down/im2915_2.png,negative
sad/sad-look-down/im2931.png,negative
sad/sad-look-down/im2935.png,negative
sad/sad-look-down/im2942_2.png,negative
sad/sad-look-down/im2949.png,negative
sad/sad-look-down/im2966.png,negative
sad/sad-look-down/im2969.png,negative
sad/sad-look-down/im2979.png,negative
sad/sad-look-down/im2981_1.png,negative
sad/sad-look-down/im2988.png,negative
sad/sad-look-down/im2996.png,negative
sad/sad-look-down/im2998_1.png,negative
sad/sad-look-down/im3001.png,negative
sad/sad-look-down/im3029.png,negative
sad/sad-look-down/im3050.png,negative
sad/sad-look-down/im3071.png,negative
sad/sad-look-down/im3076.png,negative
sad/sad-look-down/im3084.png,negative
sad/sad-look-down/im3086.png,negative
sad/sad-look-down/im3107.png,negative
sad/sad-look-down/im3116.png,negative
sad/sad-look-down/im3132.png,negative
sad/sad-look-down/im3138.png,negative
sad/sad-look-down/im3145.png,negative
sad/sad-look-down/im3147.png,negative
sad/sad-look-down/im3149.png,negative
sad/sad-look-down/im3151.png,negative
sad/sad-look-down/im3158.png,negative
sad/sad-look-down/im3161.png,negative
sad/sad-look-down/im3172.png,negative
sad/sad-look-down/im3217.png,negative
sad/sad-look-down/im3225.png,negative
sad/sad-look-down/im3254.png,negative
sad/sad-look-down/im3267.png,negative
sad/sad-look-down/im3270.png,negative
sad/sad-look-down/im3291.png,negative
sad/sad-look-down/im3308.png,negative
sad/sad-look-down/im3319.png,negative
sad/sad-look-down/im3332.png,negative
sad/sad-look-down/im3364.png,negative
sad/sad-look-down/im3367.png,negative
sad/sad-look-down/im3392.png,negative
sad/sad-look-down/im3400_1.png,negative
sad/sad-look-down/im3401.png,negative
sad/sad-look-down/im3412.png,negative
sad/sad-look-down/im3417.png,negative
sad/sad-look-down/im3436.png,negative
sad/sad-look-down/im3437_1.png,negative
sad/sad-look-down/im3449.png,negative
sad/sad-look-down/im3459.png,negative
sad/sad-look-down/im3459_2.png,negative
sad/sad-look-down/im3464.png,negative
sad/sad-look-down/im3471.png,negative
sad/sad-look-down/im3475.png,negative
sad/sad-look-down/im3533.png,negative
sad/sad-look-down/im3543.png,negative
sad/sad-look-down/im3552.png,negative
sad/sad-look-down/im3554.png,negative
sad/sad-look-down/im3563.png,negative
sad/sad-look-down/im3566.png,negative
sad/sad-look-down/im3612_2.png,negative
sad/sad-look-down/im3617.png,negative
sad/sad-look-down/im3619_1.png,negative
sad/sad-look-down/im3634.png,negative
sad/sad-look-down/im3637.png,negative
sad/sad-look-down/im3642.png,negative
sad/sad-look-down/im3661.png,negative
sad/sad-look-down/im3666.png,negative
sad/sad-look-down/im3667.png,negative
sad/sad-look-down/im3679.png,negative
sad/sad-look-down/im3710_1.png,negative
sad/sad-look-down/im3720.png,negative
sad/sad-look-down/im3735.png,negative
sad/sad-look-down/im3736.png,negative
sad/sad-look-down/im3737.png,negative
sad/sad-look-down/im3745.png,negative
sad/sad-look-down/im3794.png,negative
sad/sad-look-down/im3816.png,negative
sad/sad-look-down/im3835.png,negative
sad/sad-look-down/im3838.png,negative
sad/sad-look-down/im3850_1.png,negative
sad/sad-look-down/im3860.png,negative
sad/sad-look-down/im3874.png,negative
sad/sad-look-down/im3874_1.png,negative
sad/sad-look-down/im3876.png,negative
sad/sad-look-down/im3882.png,negative
sad/sad-look-down/im3897.png,negative
sad/sad-look-down/im3910.png,negative
sad/sad-look-down/im3914.png,negative
sad/sad-look-down/im3921.png,negative
sad/sad-look-down/im3933.png,negative
sad/sad-look-down/im3949_1.png,negative
sad/sad-look-down/im3971.png,negative
sad/sad-look-down/im3973.png,negative
sad/sad-look-down/im3976.png,negative
sad/sad-look-down/im4003.png,negative
sad/sad-look-down/im4027.png,negative
sad/sad-look-down/im4035.png,negative
sad/sad-look-down/im4049_1.png,negative
sad/sad-look-down/im4073.png,negative
sad/sad-look-down/im4078_1.png,negative
sad/sad-look-down/im4079_1.png,negative
sad/sad-look-down/im4096.png,negative
sad/sad-look-down/im4110.png,negative
sad/sad-look-down/im4114.png,negative
sad/sad-look-down/im4124.png,negative
sad/sad-look-down/im4126.png,negative
sad/sad-look-down/im4136.png,negative
sad/sad-look-down/im4147.png,negative
sad/sad-look-down/im4179.png,negative
sad/sad-look-down/im4186.png,negative
sad/sad-look-down/im4201.png,negative
sad/sad-look-down/im4202.png,negative
sad/sad-look-down/im4206.png,negative
sad/sad-look-down/im4243_1.png,negative
sad/sad-look-down/im4255.png,negative
sad/sad-look-down/im4259.png,negative
sad/sad-look-down/im4299.png,negative
sad/sad-look-down/im4327.png,negative
sad/sad-look-down/im4336.png,negative
sad/sad-look-down/im4341.png,negative
sad/sad-look-down/im4342.png,negative
sad/sad-look-down/im4381.png,negative
sad/sad-look-down/im4426.png,negative
sad/sad-look-down/im4427.png,negative
sad/sad-look-down/im4448.png,negative
sad/sad-look-down/im4455.png,negative
sad/sad-look-down/im4459_1.png,negative
sad/sad-look-down/im4555.png,negative
sad/sad-look-down/im4570.png,negative
sad/sad-look-down/im4574.png,negative
sad/sad-look-down/im4576.png,negative
sad/sad-look-down/im4586.png,negative
sad/sad-look-down/im4589.png,negative
sad/sad-look-down/im4593.png,negative
sad/sad-look-down/im4598.png,negative
sad/sad-look-down/im4600.png,negative
sad/sad-look-down/im4607.png,negative
sad/sad-look-down/im4611.png,negative
sad/sad-look-down/im4625.png,negative
sad/sad-look-down/im4665.png,negative
sad/sad-look-down/im4667.png,negative
sad/sad-look-down/im4672_1.png,negative
sad/sad-look-down/im4680.png,negative
sad/sad-look-down/im4704.png,negative
sad/sad-look-down/im4706.png,negative
sad/sad-look-down/im4715.png,negative
sad/sad-look-down/im4720.png,negative
sad/sad-look-down/im4774.png,negative
sad/sad-look-down/im4775.png,negative
sad/sad-look-down/im4806.png,negative
sad/sad-look-down/im4826.png,negative
sad/sad-look-down/im4827.png,negative
sad/sad-other/im415.png,negative
sad/sad-other/im760.png,negative
sad/sad-other/im785_1.png,negative
sad/sad-other/im1126.png,negative
sad/sad-other/im1947.png,negative
sad/sad-other/im2503.png,negative
sad/sad-other/im2750.png,negative
sad/sad-other/im2820.png,negative
sad/sad-other/im2915.png,negative
sad/sad-other/im3102.png,negative
sad/sad-other/im3407.png,negative
sad/sad-other/im3718.png,negative
sad/sad-other/im3750.png,negative
sad/sad-other/im3855_2.png,negative
sad/sad-other/im4240.png,negative
sad/sad-other/im4437.png,negative
sad/sad-other/im4508.png,negative
sad/sad-other/im4610.png,negative
sad/sad-other/im4655.png,negative
sad/sad-other/im4685.png,negative
sad/worried-sad/im9_1.png,negative
sad/worried-sad/im12.png,negative
sad/worried-sad/im18_1.png,negative
sad/worried-sad/im21.png,negative
sad/worried-sad/im22_1.png,negative
sad/worried-sad/im32.png,negative
sad/worried-sad/im34.png,negative
sad/worried-sad/im64.png,negative
sad/worried-sad/im73.png,negative
sad/worried-sad/im82.png,negative
sad/worried-sad/im87.png,negative
sad/worried-sad/im110.png,negative
sad/worried-sad/im167.png,negative
sad/worried-sad/im183.png,negative
sad/worried-sad/im188.png,negative
sad/worried-sad/im316.png,negative
sad/worried-sad/im333.png,negative
sad/worried-sad/im423.png,negative
sad/worried-sad/im424.png,negative
sad/worried-sad/im430.png,negative
sad/worried-sad/im473_2.png,negative
sad/worried-sad/im519.png,negative
sad/worried-sad/im526.png,negative
sad/worried-sad/im546_2.png,negative
sad/worried-sad/im596.png,negative
sad/worried-sad/im632.png,negative
sad/worried-sad/im647.png,negative
sad/worried-sad/im656_2.png,negative
sad/worried-sad/im709.png,negative
sad/worried-sad/im712.png,negative
sad/worried-sad/im866.png,negative
sad/worried-sad/im912_2.png,negative
sad/worried-sad/im925.png,negative
sad/worried-sad/im926.png,negative
sad/worried-sad/im942.png,negative
sad/worried-sad/im943.png,negative
sad/worried-sad/im953.png,negative
sad/worried-sad/im966.png,negative
sad/worried-sad/im972.png,negative
sad/worried-sad/im1001.png,negative
sad/worried-sad/im1009.png,negative
sad/worried-sad/im1059.png,negative
sad/worried-sad/im1084.png,negative
sad/worried-sad/im1103.png,negative
sad/worried-sad/im1111.png,negative
sad/worried-sad/im1145.png,negative
sad/worried-sad/im1147.png,negative
sad/worried-sad/im1154.png,negative
sad/worried-sad/im1159.png,negative
sad/worried-sad/im1206.png,negative
sad/worried-sad/im1215.png,negative
sad/worried-sad/im1264.png,negative
sad/worried-sad/im1266.png,negative
sad/worried-sad/im1280.png,negative
sad/worried-sad/im1287.png,negative
sad/worried-sad/im1329_2.png,negative
sad/worried-sad/im1335_1.png,negative
sad/worried-sad/im1359.png,negative
sad/worried-sad/im1365.png,negative
sad/worried-sad/im1382.png,negative
sad/worried-sad/im1403.png,negative
sad/worried-sad/im1407.png,negative
sad/worried-sad/im1425.png,negative
sad/worried-sad/im1428.png,negative
sad/worried-sad/im1439.png,negative
sad/worried-sad/im1483.png,negative
sad/worried-sad/im1489.png,negative
sad/worried-sad/im1493.png,negative
sad/worried-sad/im1522.png,negative
sad/worried-sad/im1547.png,negative
sad/worried-sad/im1731.png,negative
sad/worried-sad/im1737.png,negative
sad/worried-sad/im1742.png,negative
sad/worried-sad/im1813.png,negative
sad/worried-sad/im1817_1.png,negative
sad/worried-sad/im1826.png,negative
sad/worried-sad/im1857.png,negative
sad/worried-sad/im1865.png,negative
sad/worried-sad/im1896.png,negative
sad/worried-sad/im1920.png,negative
sad/worried-sad/im1939.png,negative
sad/worried-sad/im1968.png,negative
sad/worried-sad/im1988_1.png,negative
sad/worried-sad/im2005.png,negative
sad/worried-sad/im2016.png,negative
sad/worried-sad/im2024.png,negative
sad/worried-sad/im2062.png,negative
sad/worried-sad/im2069.png,negative
sad/worried-sad/im2070.png,negative
sad/worried-sad/im2075.png,negative
sad/worried-sad/im2083.png,negative
sad/worried-sad/im2086.png,negative
sad/worried-sad/im2095.png,negative
sad/worried-sad/im2135.png,negative
sad/worried-sad/im2152.png,negative
sad/worried-sad/im2181.png,negative
sad/worried-sad/im2197.png,negative
sad/worried-sad/im2215.png,negative
sad/worried-sad/im2220.png,negative
sad/worried-sad/im2222.png,negative
sad/worried-sad/im2255.png,negative
sad/worried-sad/im2280.png,negative
sad/worried-sad/im2297.png,negative
sad/worried-sad/im2331.png,negative
sad/worried-sad/im2335.png,negative
sad/worried-sad/im2342.png,negative
sad/worried-sad/im2395.png,negative
sad/worried-sad/im2462.png,negative
sad/worried-sad/im2483.png,negative
sad/worried-sad/im2499_1.png,negative
sad/worried-sad/im2537.png,negative
sad/worried-sad/im2546.png,negative
sad/worried-sad/im2548_1.png,negative
sad/worried-sad/im2625.png,negative
sad/worried-sad/im2672.png,negative
sad/worried-sad/im2705.png,negative
sad/worried-sad/im2708.png,negative
sad/worried-sad/im2715.png,negative
sad/worried-sad/im2755.png,negative
sad/worried-sad/im2757.png,negative
sad/worried-sad/im2761.png,negative
sad/worried-sad/im2766.png,negative
sad/worried-sad/im2799.png,negative
sad/worried-sad/im2825.png,negative
sad/worried-sad/im2827.png,negative
sad/worried-sad/im2833.png,negative
sad/worried-sad/im2860.png,negative
sad/worried-sad/im2865.png,negative
sad/worried-sad/im2885.png,negative
sad/worried-sad/im2902.png,negative
sad/worried-sad/im2927.png,negative
sad/worried-sad/im2947.png,negative
sad/worried-sad/im3009.png,negative
sad/worried-sad/im3015.png,negative
sad/worried-sad/im3018.png,negative
sad/worried-sad/im3022.png,negative
sad/worried-sad/im3057.png,negative
sad/worried-sad/im3064.png,negative
sad/worried-sad/im3090.png,negative
sad/worried-sad/im3091.png,negative
sad/worried-sad/im3122.png,negative
sad/worried-sad/im3144.png,negative
sad/worried-sad/im3163.png,negative
sad/worried-sad/im3181.png,negative
sad/worried-sad/im3304.png,negative
sad/worried-sad/im3395.png,negative
sad/worried-sad/im3411.png,negative
sad/worried-sad/im3446.png,negative
sad/worried-sad/im3460.png,negative
sad/worried-sad/im3595.png,negative
sad/worried-sad/im3609.png,negative
sad/worried-sad/im3655.png,negative
sad/worried-sad/im3699.png,negative
sad/worried-sad/im3775.png,negative
sad/worried-sad/im3895_2.png,negative
sad/worried-sad/im3911.png,negative
sad/worried-sad/im4113.png,negative
sad/worried-sad/im4359.png,negative
sad/worried-sad/im4407.png,negative
sad/worried-sad/im4476.png,negative
sad/worried-sad/im4590.png,negative
surprised/surprised-fearful/im4.png,negative
surprised/surprised-fearful/im7.png,negative
surprised/surprised-fearful/im12.png,negative
surprised/surprised-fearful/im14.png,negative
surprised/surprised-fearful/im19_1.png,negative
surprised/surprised-fearful/im25_2.png,negative
surprised/surprised-fearful/im26.png,negative
surprised/surprised-fearful/im28.png,negative
surprised/surprised-fearful/im52.png,negative
surprised/surprised-fearful/im60_1.png,negative
surprised/surprised-fearful/im69_1.png,negative
surprised/surprised-fearful/im72.png,negative
surprised/surprised-fearful/im76_1.png,negative
surprised/surprised-fearful/im79.png,negative
surprised/surprised-fearful/im87.png,negative
surprised/surprised-fearful/im91_1.png,negative
surprised/surprised-fearful/im92.png,negative
surprised/surprised-fearful/im131_1.png,negative
surprised/surprised-fearful/im135_1.png,negative
surprised/surprised-fearful/im138_1.png,negative
surprised/surprised-fearful/im140.png,negative
surprised/surprised-fearful/im141.png,negative
surprised/surprised-fearful/im142.png,negative
surprised/surprised-fearful/im155_1.png,negative
surprised/surprised-fearful/im171.png,negative
surprised/surprised-fearful/im172.png,negative
surprised/surprised-fearful/im186.png,negative
surprised/surprised-fearful/im186_1.png,negative
surprised/surprised-fearful/im189.png,negative
surprised/surprised-fearful/im197_2.png,negative
surprised/surprised-fearful/im198_1.png,negative
surprised/surprised-fearful/im201_2.png,negative
surprised/surprised-fearful/im202_1.png,negative
surprised/surprised-fearful/im208.png,negative
surprised/surprised-fearful/im223_1.png,negative
surprised/surprised-fearful/im231_1.png,negative
surprised/surprised-fearful/im244.png,negative
surprised/surprised-fearful/im254.png,negative
surprised/surprised-fearful/im259.png,negative
surprised/surprised-fearful/im261.png,negative
surprised/surprised-fearful/im262_1.png,negative
surprised/surprised-fearful/im266_2.png,negative
surprised/surprised-fearful/im281.png,negative
surprised/surprised-fearful/im288.png,negative
surprised/surprised-fearful/im295.png,negative
surprised/surprised-fearful/im297.png,negative
surprised/surprised-fearful/im298_2.png,negative
surprised/surprised-fearful/im308.png,negative
surprised/surprised-fearful/im315.png,negative
surprised/surprised-fearful/im339_2.png,negative
surprised/surprised-fearful/im347_1.png,negative
surprised/surprised-fearful/im349.png,negative
surprised/surprised-fearful/im352.png,negative
surprised/surprised-fearful/im353.png,negative
surprised/surprised-fearful/im353_2.png,negative
surprised/surprised-fearful/im358.png,negative
surprised/surprised-fearful/im361.png,negative
surprised/surprised-fearful/im365_1.png,negative
surprised/surprised-fearful/im372_2.png,negative
surprised/surprised-fearful/im373.png,negative
surprised/surprised-fearful/im384_2.png,negative
surprised/surprised-fearful/im385.png,negative
surprised/surprised-fearful/im388_1.png,negative
surprised/surprised-fearful/im401_2.png,negative
surprised/surprised-fearful/im407.png,negative
surprised/surprised-fearful/im409.png,negative
surprised/surprised-fearful/im420.png,negative
surprised/surprised-fearful/im441.png,negative
surprised/surprised-fearful/im444_1.png,negative
surprised/surprised-fearful/im461.png,negative
surprised/surprised-fearful/im464_2.png,negative
surprised/surprised-fearful/im465.png,negative
surprised/surprised-fearful/im476.png,negative
surprised/surprised-fearful/im489_1.png,negative
surprised/surprised-fearful/im502.png,negative
surprised/surprised-fearful/im507_1.png,negative
surprised/surprised-fearful/im517_1.png,negative
surprised/surprised-fearful/im520.png,negative
surprised/surprised-fearful/im521.png,negative
surprised/surprised-fearful/im526_2.png,negative
surprised/surprised-fearful/im533.png,negative
surprised/surprised-fearful/im533_1.png,negative
surprised/surprised-fearful/im541.png,negative
surprised/surprised-fearful/im550_1.png,negative
surprised/surprised-fearful/im556.png,negative
surprised/surprised-fearful/im560_1.png,negative
surprised/surprised-fearful/im564.png,negative
surprised/surprised-fearful/im564_1.png,negative
surprised/surprised-fearful/im575_1.png,negative
surprised/surprised-fearful/im579.png,negative
surprised/surprised-fearful/im585.png,negative
surprised/surprised-fearful/im586.png,negative
surprised/surprised-fearful/im606.png,negative
surprised/surprised-fearful/im607.png,negative
surprised/surprised-fearful/im613_1.png,negative
surprised/surprised-fearful/im618.png,negative
surprised/surprised-fearful/im632.png,negative
surprised/surprised-fearful/im639.png,negative
surprised/surprised-fearful/im644_1.png,negative
surprised/surprised-fearful/im645.png,negative
surprised/surprised-fearful/im662.png,negative
surprised/surprised-fearful/im663.png,negative
surprised/surprised-fearful/im682.png,negative
surprised/surprised-fearful/im702_1.png,negative
surprised/surprised-fearful/im704_1.png,negative
surprised/surprised-fearful/im720.png,negative
surprised/surprised-fearful/im728.png,negative
surprised/surprised-fearful/im728_1.png,negative
surprised/surprised-fearful/im729.png,negative
surprised/surprised-fearful/im731.png,negative
surprised/surprised-fearful/im742.png,negative
surprised/surprised-fearful/im748.png,negative
surprised/surprised-fearful/im776.png,negative
surprised/surprised-fearful/im780.png,negative
surprised/surprised-fearful/im780_2.png,negative
surprised/surprised-fearful/im784.png,negative
surprised/surprised-fearful/im792.png,negative
surprised/surprised-fearful/im794_1.png,negative
surprised/surprised-fearful/im803.png,negative
surprised/surprised-fearful/im811_1.png,negative
surprised/surprised-fearful/im824.png,negative
surprised/surprised-fearful/im826.png,negative
surprised/surprised-fearful/im826_1.png,negative
surprised/surprised-fearful/im846_1.png,negative
surprised/surprised-fearful/im890.png,negative
surprised/surprised-fearful/im891_1.png,negative
surprised/surprised-fearful/im902_1.png,negative
surprised/surprised-fearful/im917.png,negative
surprised/surprised-fearful/im938_1.png,negative
surprised/surprised-fearful/im956.png,negative
surprised/surprised-fearful/im964.png,negative
surprised/surprised-fearful/im967.png,negative
surprised/surprised-fearful/im972.png,negative
surprised/surprised-fearful/im972_1.png,negative
surprised/surprised-fearful/im978_1.png,negative
surprised/surprised-fearful/im999_1.png,negative
surprised/surprised-fearful/im1001.png,negative
surprised/surprised-fearful/im1001_1.png,negative
surprised/surprised-fearful/im1003.png,negative
surprised/surprised-fearful/im1006.png,negative
surprised/surprised-fearful/im1008.png,negative
surprised/surprised-fearful/im1009.png,negative
surprised/surprised-fearful/im1022.png,negative
surprised/surprised-fearful/im1023.png,negative
surprised/surprised-fearful/im1031.png,negative
surprised/surprised-fearful/im1039.png,negative
surprised/surprised-fearful/im1050_2.png,negative
surprised/surprised-fearful/im1057.png,negative
surprised/surprised-fearful/im1067_1.png,negative
surprised/surprised-fearful/im1072_1.png,negative
surprised/surprised-fearful/im1076.png,negative
surprised/surprised-fearful/im1077.png,negative
surprised/surprised-fearful/im1078_1.png,negative
surprised/surprised-fearful/im1079.png,negative
surprised/surprised-fearful/im1079_1.png,negative
surprised/surprised-fearful/im1083_1.png,negative
surprised/surprised-fearful/im1094.png,negative
surprised/surprised-fearful/im1094_1.png,negative
surprised/surprised-fearful/im1124.png,negative
surprised/surprised-fearful/im1130.png,negative
surprised/surprised-fearful/im1140_1.png,negative
surprised/surprised-fearful/im1149_1.png,negative
surprised/surprised-fearful/im1153.png,negative
surprised/surprised-fearful/im1153_1.png,negative
surprised/surprised-fearful/im1161.png,negative
surprised/surprised-fearful/im1169_2.png,negative
surprised/surprised-fearful/im1177.png,negative
surprised/surprised-fearful/im1177_1.png,negative
surprised/surprised-fearful/im1178.png,negative
surprised/surprised-fearful/im1193_2.png,negative
surprised/surprised-fearful/im1207_1.png,negative
surprised/surprised-fearful/im1223.png,negative
surprised/surprised-fearful/im1224_2.png,negative
surprised/surprised-fearful/im1227.png,negative
surprised/surprised-fearful/im1231.png,negative
surprised/surprised-fearful/im1235.png,negative
surprised/surprised-fearful/im1243.png,negative
surprised/surprised-fearful/im1264_1.png,negative
surprised/surprised-fearful/im1265.png,negative
surprised/surprised-fearful/im1269.png,negative
surprised/surprised-fearful/im1276.png,negative
surprised/surprised-fearful/im1289_1.png,negative
surprised/surprised-fearful/im1312.png,negative
surprised/surprised-fearful/im1317.png,negative
surprised/surprised-fearful/im1320_1.png,negative
surprised/surprised-fearful/im1323.png,negative
surprised/surprised-fearful/im1323_1.png,negative
surprised/surprised-fearful/im1324_1.png,negative
surprised/surprised-fearful/im1334.png,negative
surprised/surprised-fearful/im1341.png,negative
surprised/surprised-fearful/im1351_1.png,negative
surprised/surprised-fearful/im1353.png,negative
surprised/surprised-fearful/im1356.png,negative
surprised/surprised-fearful/im1359_1.png,negative
surprised/surprised-fearful/im1363.png,negative
surprised/surprised-fearful/im1368.png,negative
surprised/surprised-fearful/im1371.png,negative
surprised/surprised-fearful/im1373_1.png,negative
surprised/surprised-fearful/im1385_2_1.png,negative
surprised/surprised-fearful/im1392_1.png,negative
surprised/surprised-fearful/im1403_1.png,negative
surprised/surprised-fearful/im1407_1.png,negative
surprised/surprised-fearful/im1410_1.png,negative
surprised/surprised-fearful/im1411_1.png,negative
surprised/surprised-fearful/im1433_2.png,negative
surprised/surprised-fearful/im1453.png,negative
surprised/surprised-fearful/im1454_2.png,negative
surprised/surprised-fearful/im1455.png,negative
surprised/surprised-fearful/im1456.png,negative
surprised/surprised-fearful/im1467.png,negative
surprised/surprised-fearful/im1475.png,negative
surprised/surprised-fearful/im1483.png,negative
surprised/surprised-fearful/im1483_1.png,negative
surprised/surprised-fearful/im1488.png,negative
surprised/surprised-fearful/im1494_1.png,negative
surprised/surprised-fearful/im1501.png,negative
surprised/surprised-fearful/im1502_1.png,negative
surprised/surprised-fearful/im1511.png,negative
surprised/surprised-fearful/im1516.png,negative
surprised/surprised-fearful/im1522.png,negative
surprised/surprised-fearful/im1524.png,negative
surprised/surprised-fearful/im1525.png,negative
surprised/surprised-fearful/im1530_1.png,negative
surprised/surprised-fearful/im1538_2.png,negative
surprised/surprised-fearful/im1549.png,negative
surprised/surprised-fearful/im1549_2.png,negative
surprised/surprised-fearful/im1557.png,negative
surprised/surprised-fearful/im1558.png,negative
surprised/surprised-fearful/im1577.png,negative
surprised/surprised-fearful/im1577_1.png,negative
surprised/surprised-fearful/im1577_2.png,negative
surprised/surprised-fearful/im1580.png,negative
surprised/surprised-fearful/im1582.png,negative
surprised/surprised-fearful/im1593.png,negative
surprised/surprised-fearful/im1605_1.png,negative
surprised/surprised-fearful/im1606.png,negative
surprised/surprised-fearful/im1612.png,negative
surprised/surprised-fearful/im1613.png,negative
surprised/surprised-fearful/im1618_2_1.png,negative
surprised/surprised-fearful/im1619_1.png,negative
surprised/surprised-fearful/im1623_1.png,negative
surprised/surprised-fearful/im1626_1.png,negative
surprised/surprised-fearful/im1628.png,negative
surprised/surprised-fearful/im1628_1.png,negative
surprised/surprised-fearful/im1631.png,negative
surprised/surprised-fearful/im1641_2_1.png,negative
surprised/surprised-fearful/im1651.png,negative
surprised/surprised-fearful/im1652.png,negative
surprised/surprised-fearful/im1656.png,negative
surprised/surprised-fearful/im1661_1.png,negative
surprised/surprised-fearful/im1664_1.png,negative
surprised/surprised-fearful/im1666_1.png,negative
surprised/surprised-fearful/im1671.png,negative
surprised/surprised-fearful/im1672.png,negative
surprised/surprised-fearful/im1673.png,negative
surprised/surprised-fearful/im1674_1.png,negative
surprised/surprised-fearful/im1678.png,negative
surprised/surprised-fearful/im1681_2.png,negative
surprised/surprised-fearful/im1685.png,negative
surprised/surprised-fearful/im1687.png,negative
surprised/surprised-fearful/im1690.png,negative
surprised/surprised-fearful/im1691.png,negative
surprised/surprised-fearful/im1701.png,negative
surprised/surprised-fearful/im1707.png,negative
surprised/surprised-fearful/im1714.png,negative
surprised/surprised-fearful/im1729.png,negative
surprised/surprised-fearful/im1730.png,negative
surprised/surprised-fearful/im1739.png,negative
surprised/surprised-fearful/im1756.png,negative
surprised/surprised-fearful/im1766.png,negative
surprised/surprised-fearful/im1768.png,negative
surprised/surprised-fearful/im1771.png,negative
surprised/surprised-fearful/im1792.png,negative
surprised/surprised-fearful/im1808_1.png,negative
surprised/surprised-fearful/im1821_2.png,negative
surprised/surprised-fearful/im1828.png,negative
surprised/surprised-fearful/im1832_1.png,negative
surprised/surprised-fearful/im1838_1.png,negative
surprised/surprised-fearful/im1839.png,negative
surprised/surprised-fearful/im1840.png,negative
surprised/surprised-fearful/im1840_1.png,negative
surprised/surprised-fearful/im1857.png,negative
surprised/surprised-fearful/im1859_2.png,negative
surprised/surprised-fearful/im1865.png,negative
surprised/surprised-fearful/im1877.png,negative
surprised/surprised-fearful/im1886.png,negative
surprised/surprised-fearful/im1889.png,negative
surprised/surprised-fearful/im1889_1.png,negative
surprised/surprised-fearful/im1890.png,negative
surprised/surprised-fearful/im1898.png,negative
surprised/surprised-fearful/im1905_1.png,negative
surprised/surprised-fearful/im1909.png,negative
surprised/surprised-fearful/im1920.png,negative
surprised/surprised-fearful/im1922.png,negative
surprised/surprised-fearful/im1933.png,negative
surprised/surprised-fearful/im1937.png,negative
surprised/surprised-fearful/im1942.png,negative
surprised/surprised-fearful/im1944.png,negative
surprised/surprised-fearful/im1950.png,negative
surprised/surprised-fearful/im1953.png,negative
surprised/surprised-fearful/im1962.png,negative
surprised/surprised-fearful/im1968.png,negative
surprised/surprised-fearful/im1970_1.png,negative
surprised/surprised-fearful/im1972.png,negative
surprised/surprised-fearful/im1974_1.png,negative
surprised/surprised-fearful/im1982.png,negative
surprised/surprised-fearful/im1986.png,negative
surprised/surprised-fearful/im1993.png,negative
surprised/surprised-fearful/im1994.png,negative
surprised/surprised-fearful/im1995.png,negative
surprised/surprised-fearful/im1999.png,negative
surprised/surprised-fearful/im2001_1.png,negative
surprised/surprised-fearful/im2004.png,negative
surprised/surprised-fearful/im2005.png,negative
surprised/surprised-fearful/im2007.png,negative
surprised/surprised-fearful/im2008.png,negative
surprised/surprised-fearful/im2033_1.png,negative
surprised/surprised-fearful/im2038_1.png,negative
surprised/surprised-fearful/im2044.png,negative
surprised/surprised-fearful/im2046.png,negative
surprised/surprised-fearful/im2070.png,negative
surprised/surprised-fearful/im2073.png,negative
surprised/surprised-fearful/im2081.png,negative
surprised/surprised-fearful/im2085.png,negative
surprised/surprised-fearful/im2086_1.png,negative
surprised/surprised-fearful/im2092.png,negative
surprised/surprised-fearful/im2101.png,negative
surprised/surprised-fearful/im2122.png,negative
surprised/surprised-fearful/im2124.png,negative
surprised/surprised-fearful/im2126.png,negative
surprised/surprised-fearful/im2128_2.png,negative
surprised/surprised-fearful/im2133.png,negative
surprised/surprised-fearful/im2149_1.png,negative
surprised/surprised-fearful/im2154.png,negative
surprised/surprised-fearful/im2155.png,negative
surprised/surprised-fearful/im2160.png,negative
surprised/surprised-fearful/im2162_2.png,negative
surprised/surprised-fearful/im2165_1.png,negative
surprised/surprised-fearful/im2175_1.png,negative
surprised/surprised-fearful/im2185.png,negative
surprised/surprised-fearful/im2196.png,negative
surprised/surprised-fearful/im2205.png,negative
surprised/surprised-fearful/im2214_1.png,negative
surprised/surprised-fearful/im2234.png,negative
surprised/surprised-fearful/im2240.png,negative
surprised/surprised-fearful/im2252.png,negative
surprised/surprised-fearful/im2253.png,negative
surprised/surprised-fearful/im2255.png,negative
surprised/surprised-fearful/im2261.png,negative
surprised/surprised-fearful/im2273_1.png,negative
surprised/surprised-fearful/im2277_2.png,negative
surprised/surprised-fearful/im2278.png,negative
surprised/surprised-fearful/im2278_1.png,negative
surprised/surprised-fearful/im2290.png,negative
surprised/surprised-fearful/im2299.png,negative
surprised/surprised-fearful/im2300_1.png,negative
surprised/surprised-fearful/im2302.png,negative
surprised/surprised-fearful/im2309.png,negative
surprised/surprised-fearful/im2317.png,negative
surprised/surprised-fearful/im2323_1.png,negative
surprised/surprised-fearful/im2326.png,negative
surprised/surprised-fearful/im2330.png,negative
surprised/surprised-fearful/im2330_1.png,negative
surprised/surprised-fearful/im2331.png,negative
surprised/surprised-fearful/im2332_1.png,negative
surprised/surprised-fearful/im2333_1.png,negative
surprised/surprised-fearful/im2334_1.png,negative
surprised/surprised-fearful/im2335_1.png,negative
surprised/surprised-fearful/im2336_1.png,negative
surprised/surprised-fearful/im2337_2.png,negative
surprised/surprised-fearful/im2341_1.png,negative
surprised/surprised-fearful/im2351.png,negative
surprised/surprised-fearful/im2357.png,negative
surprised/surprised-fearful/im2362.png,negative
surprised/surprised-fearful/im2370_2.png,negative
surprised/surprised-fearful/im2378.png,negative
surprised/surprised-fearful/im2386.png,negative
surprised/surprised-fearful/im2389_1.png,negative
surprised/surprised-fearful/im2390.png,negative
surprised/surprised-fearful/im2391.png,negative
surprised/surprised-fearful/im2393.png,negative
surprised/surprised-fearful/im2402.png,negative
surprised/surprised-fearful/im2405.png,negative
surprised/surprised-fearful/im2410.png,negative
surprised/surprised-fearful/im2437.png,negative
surprised/surprised-fearful/im2449_1.png,negative
surprised/surprised-fearful/im2454.png,negative
surprised/surprised-fearful/im2460_1.png,negative
surprised/surprised-fearful/im2461.png,negative
surprised/surprised-fearful/im2469.png,negative
surprised/surprised-fearful/im2477_1.png,negative
surprised/surprised-fearful/im2485.png,negative
surprised/surprised-fearful/im2492.png,negative
surprised/surprised-fearful/im2496.png,negative
surprised/surprised-fearful/im2503_2.png,negative
surprised/surprised-fearful/im2508.png,negative
surprised/surprised-fearful/im2515.png,negative
surprised/surprised-fearful/im2523.png,negative
surprised/surprised-fearful/im2524.png,negative
surprised/surprised-fearful/im2525.png,negative
surprised/surprised-fearful/im2530.png,negative
surprised/surprised-fearful/im2535.png,negative
surprised/surprised-fearful/im2536_2.png,negative
surprised/surprised-fearful/im2538_1.png,negative
surprised/surprised-fearful/im2553.png,negative
surprised/surprised-fearful/im2563.png,negative
surprised/surprised-fearful/im2569.png,negative
surprised/surprised-fearful/im2573.png,negative
surprised/surprised-fearful/im2577.png,negative
surprised/surprised-fearful/im2588_1.png,negative
surprised/surprised-fearful/im2589.png,negative
surprised/surprised-fearful/im2590_1.png,negative
surprised/surprised-fearful/im2592_1.png,negative
surprised/surprised-fearful/im2594.png,negative
surprised/surprised-fearful/im2595.png,negative
surprised/surprised-fearful/im2598.png,negative
surprised/surprised-fearful/im2599_1.png,negative
surprised/surprised-fearful/im2605.png,negative
surprised/surprised-fearful/im2613.png,negative
surprised/surprised-fearful/im2628_1.png,negative
surprised/surprised-fearful/im2631.png,negative
surprised/surprised-fearful/im2633_1.png,negative
surprised/surprised-fearful/im2634_1.png,negative
surprised/surprised-fearful/im2635_1.png,negative
surprised/surprised-fearful/im2637_2.png,negative
surprised/surprised-fearful/im2639_2.png,negative
surprised/surprised-fearful/im2640.png,negative
surprised/surprised-fearful/im2640_2.png,negative
surprised/surprised-fearful/im2655.png,negative
surprised/surprised-fearful/im2657.png,negative
surprised/surprised-fearful/im2671.png,negative
surprised/surprised-fearful/im2673.png,negative
surprised/surprised-fearful/im2676.png,negative
surprised/surprised-fearful/im2681.png,negative
surprised/surprised-fearful/im2694.png,negative
surprised/surprised-fearful/im2700.png,negative
surprised/surprised-fearful/im2710.png,negative
surprised/surprised-fearful/im2722_2.png,negative
surprised/surprised-fearful/im2723.png,negative
surprised/surprised-fearful/im2731.png,negative
surprised/surprised-fearful/im2738.png,negative
surprised/surprised-fearful/im2746.png,negative
surprised/surprised-fearful/im2748.png,negative
surprised/surprised-fearful/im2757.png,negative
surprised/surprised-fearful/im2758.png,negative
surprised/surprised-fearful/im2758_1.png,negative
surprised/surprised-fearful/im2766.png,negative
surprised/surprised-fearful/im2789.png,negative
surprised/surprised-fearful/im2789_1.png,negative
surprised/surprised-fearful/im2794.png,negative
surprised/surprised-fearful/im2795_1.png,negative
surprised/surprised-fearful/im2796.png,negative
surprised/surprised-fearful/im2804_1.png,negative
surprised/surprised-fearful/im2805.png,negative
surprised/surprised-fearful/im2806.png,negative
surprised/surprised-fearful/im2812.png,negative
surprised/surprised-fearful/im2815_2.png,negative
surprised/surprised-fearful/im2823.png,negative
surprised/surprised-fearful/im2830.png,negative
surprised/surprised-fearful/im2832.png,negative
surprised/surprised-fearful/im2838.png,negative
surprised/surprised-fearful/im2846_1.png,negative
surprised/surprised-fearful/im2852.png,negative
surprised/surprised-fearful/im2855.png,negative
surprised/surprised-fearful/im2861.png,negative
surprised/surprised-fearful/im2871.png,negative
surprised/surprised-fearful/im2873.png,negative
surprised/surprised-fearful/im2884.png,negative
surprised/surprised-fearful/im2902_1.png,negative
surprised/surprised-fearful/im2904_1.png,negative
surprised/surprised-fearful/im2905.png,negative
surprised/surprised-fearful/im2910.png,negative
surprised/surprised-fearful/im2911.png,negative
surprised/surprised-fearful/im2914.png,negative
surprised/surprised-fearful/im2916_2.png,negative
surprised/surprised-fearful/im2927.png,negative
surprised/surprised-fearful/im2930.png,negative
surprised/surprised-fearful/im2931.png,negative
surprised/surprised-fearful/im2932_1.png,negative
surprised/surprised-fearful/im2938.png,negative
surprised/surprised-fearful/im2942.png,negative
surprised/surprised-fearful/im2943_1.png,negative
surprised/surprised-fearful/im2943_2.png,negative
surprised/surprised-fearful/im2945.png,negative
surprised/surprised-fearful/im2959.png,negative
surprised/surprised-fearful/im2964.png,negative
surprised/surprised-fearful/im2965.png,negative
surprised/surprised-fearful/im2967_1.png,negative
surprised/surprised-fearful/im2971.png,negative
surprised/surprised-fearful/im2977.png,negative
surprised/surprised-fearful/im2977_1.png,negative
surprised/surprised-fearful/im2979_2.png,negative
surprised/surprised-fearful/im2982_2.png,negative
surprised/surprised-fearful/im2986.png,negative
surprised/surprised-fearful/im2994.png,negative
surprised/surprised-fearful/im2997.png,negative
surprised/surprised-fearful/im2999.png,negative
surprised/surprised-fearful/im3004.png,negative
surprised/surprised-fearful/im3009.png,negative
surprised/surprised-fearful/im3011_1.png,negative
surprised/surprised-fearful/im3012.png,negative
surprised/surprised-fearful/im3012_1.png,negative
surprised/surprised-fearful/im3015.png,negative
surprised/surprised-fearful/im3018_1.png,negative
surprised/surprised-fearful/im3018_2.png,negative
surprised/surprised-fearful/im3034.png,negative
surprised/surprised-fearful/im3035_1.png,negative
surprised/surprised-fearful/im3036.png,negative
surprised/surprised-fearful/im3036_2.png,negative
surprised/surprised-fearful/im3039.png,negative
surprised/surprised-fearful/im3041.png,negative
surprised/surprised-fearful/im3053_1.png,negative
surprised/surprised-fearful/im3057.png,negative
surprised/surprised-fearful/im3058.png,negative
surprised/surprised-fearful/im3059.png,negative
surprised/surprised-fearful/im3064.png,negative
surprised/surprised-fearful/im3069.png,negative
surprised/surprised-fearful/im3075.png,negative
surprised/surprised-fearful/im3078_1.png,negative
surprised/surprised-fearful/im3079.png,negative
surprised/surprised-fearful/im3080.png,negative
surprised/surprised-fearful/im3084_1.png,negative
surprised/surprised-fearful/im3089.png,negative
surprised/surprised-fearful/im3096.png,negative
surprised/surprised-fearful/im3098.png,negative
surprised/surprised-fearful/im3099_1.png,negative
surprised/surprised-fearful/im3107.png,negative
surprised/surprised-fearful/im3109.png,negative
surprised/surprised-fearful/im3113.png,negative
surprised/surprised-fearful/im3123.png,negative
surprised/surprised-fearful/im3125.png,negative
surprised/surprised-fearful/im3126_2.png,negative
surprised/surprised-fearful/im3130.png,negative
surprised/surprised-fearful/im3136_1.png,negative
surprised/surprised-fearful/im3138.png,negative
surprised/surprised-fearful/im3143.png,negative
surprised/surprised-fearful/im3149.png,negative
surprised/surprised-fearful/im3157.png,negative
surprised/surprised-fearful/im3183_1.png,negative
surprised/surprised-fearful/im3183_2.png,negative
surprised/surprised-fearful/im3194_1.png,negative
surprised/surprised-fearful/im3202.png,negative
surprised/surprised-fearful/im3236_1.png,negative
surprised/surprised-fearful/im3249_2.png,negative
surprised/surprised-fearful/im3257_1.png,negative
surprised/surprised-fearful/im3295_1.png,negative
surprised/surprised-fearful/im3301_2.png,negative
surprised/surprised-fearful/im3322_1.png,negative
surprised/surprised-fearful/im3337_1.png,negative
surprised/surprised-fearful/im3338_1.png,negative
surprised/surprised-fearful/im3356_2.png,negative
surprised/surprised-fearful/im3366_2.png,negative
surprised/surprised-fearful/im3381_1.png,negative
surprised/surprised-fearful/im3383_1.png,negative
surprised/surprised-fearful/im3386.png,negative
surprised/surprised-fearful/im3387_1.png,negative
surprised/surprised-fearful/im3448_2.png,negative
surprised/surprised-fearful/im3449_1.png,negative
surprised/surprised-fearful/im3452_1.png,negative
surprised/surprised-fearful/im3456_1.png,negative
surprised/surprised-fearful/im3461_1.png,negative
surprised/surprised-fearful/im3476.png,negative
surprised/surprised-fearful/im3478_1.png,negative
surprised/surprised-fearful/im3502_1.png,negative
surprised/surprised-fearful/im3511_1.png,negative
surprised/surprised-fearful/im3513_1.png,negative
surprised/surprised-fearful/im3517.png,negative
surprised/surprised-fearful/im3520_1.png,negative
surprised/surprised-fearful/im3523.png,negative
surprised/surprised-fearful/im3538_1.png,negative
surprised/surprised-fearful/im3566_1.png,negative
surprised/surprised-fearful/im3566_2.png,negative
surprised/surprised-fearful/im3571_1.png,negative
surprised/surprised-fearful/im3601.png,negative
surprised/surprised-fearful/im3650_1.png,negative
surprised/surprised-fearful/im3653_1.png,negative
surprised/surprised-fearful/im3673_1.png,negative
surprised/surprised-fearful/im3679_2.png,negative
surprised/surprised-fearful/im3715.png,negative
surprised/surprised-fearful/im3726.png,negative
surprised/surprised-fearful/im3734_1.png,negative
surprised/surprised-fearful/im3742_1.png,negative
surprised/surprised-fearful/im3745_1.png,negative
surprised/surprised-fearful/im3747_2.png,negative
surprised/surprised-fearful/im3751_1.png,negative
surprised/surprised-fearful/im3762_1.png,negative
surprised/surprised-fearful/im3771_1.png,negative
surprised/surprised-fearful/im3777_2.png,negative
surprised/surprised-fearful/im3778_2.png,negative
surprised/surprised-fearful/im3785.png,negative
surprised/surprised-fearful/im3790_1.png,negative
surprised/surprised-fearful/im3803_1.png,negative
surprised/surprised-fearful/im3805.png,negative
surprised/surprised-fearful/im3814_1.png,negative
surprised/surprised-fearful/im3842_1.png,negative
surprised/surprised-fearful/im3876_1.png,negative
surprised/surprised-fearful/im3894_2.png,negative
surprised/surprised-fearful/im3901.png,negative
surprised/surprised-fearful/im3910_2.png,negative
surprised/surprised-fearful/im3913_1.png,negative
surprised/surprised-fearful/im3992_1.png,negative
surprised/surprised-fearful/im4002_1.png,negative
surprised/surprised-fearful/im4009_1.png,negative
surprised/surprised-fearful/im4034_1.png,negative
surprised/surprised-fearful/im4037_1.png,negative
surprised/surprised-fearful/im4053_1.png,negative
surprised/surprised-fearful/im4059_1.png,negative
surprised/surprised-fearful/im4061_1.png,negative
surprised/surprised-fearful/im4064_1.png,negative
surprised/surprised-fearful/im4095_1.png,negative
surprised/surprised-fearful/im4117.png,negative
surprised/surprised-fearful/im4638.png,negative
surprised/surprised-fearful/im4651.png,negative
surprised/surprised-fearful/im6235_1.png,negative
surprised/surprised-neutral/im17.png,negative
surprised/surprised-neutral/im46.png,negative
surprised/surprised-neutral/im68.png,negative
surprised/surprised-neutral/im81_3.png,negative
surprised/surprised-neutral/im109_2.png,negative
surprised/surprised-neutral/im148_2.png,negative
surprised/surprised-neutral/im173.png,negative
surprised/surprised-neutral/im200.png,negative
surprised/surprised-neutral/im234.png,negative
surprised/surprised-neutral/im266.png,negative
surprised/surprised-neutral/im292.png,negative
surprised/surprised-neutral/im293.png,negative
surprised/surprised-neutral/im302.png,negative
surprised/surprised-neutral/im309_1.png,negative
surprised/surprised-neutral/im381.png,negative
surprised/surprised-neutral/im492.png,negative
surprised/surprised-neutral/im528_1.png,negative
surprised/surprised-neutral/im715_1.png,negative
surprised/surprised-neutral/im875.png,negative
surprised/surprised-neutral/im922.png,negative
surprised/surprised-neutral/im1007.png,negative
surprised/surprised-neutral/im1010.png,negative
surprised/surprised-neutral/im1027.png,negative
surprised/surprised-neutral/im1076_1.png,negative
surprised/surprised-neutral/im1100.png,negative
surprised/surprised-neutral/im1114_2.png,negative
surprised/surprised-neutral/im1159.png,negative
surprised/surprised-neutral/im1172.png,negative
surprised/surprised-neutral/im1219.png,negative
surprised/surprised-neutral/im1236_2.png,negative
surprised/surprised-neutral/im1297.png,negative
surprised/surprised-neutral/im1317.png,negative
surprised/surprised-neutral/im1381_1.png,negative
surprised/surprised-neutral/im1430.png,negative
surprised/surprised-neutral/im1542.png,negative
surprised/surprised-neutral/im1581.png,negative
surprised/surprised-neutral/im1584.png,negative
surprised/surprised-neutral/im1676.png,negative
surprised/surprised-neutral/im1693_1.png,negative
surprised/surprised-neutral/im1723.png,negative
surprised/surprised-neutral/im1752.png,negative
surprised/surprised-neutral/im1807.png,negative
surprised/surprised-neutral/im1812.png,negative
surprised/surprised-neutral/im1885.png,negative
surprised/surprised-neutral/im1889_2.png,negative
surprised/surprised-neutral/im1895.png,negative
surprised/surprised-neutral/im1902_2.png,negative
surprised/surprised-neutral/im2019.png,negative
surprised/surprised-neutral/im2051.png,negative
surprised/surprised-neutral/im2110.png,negative
surprised/surprised-neutral/im2112.png,negative
surprised/surprised-neutral/im2172_1.png,negative
surprised/surprised-neutral/im2269.png,negative
surprised/surprised-neutral/im2291_1.png,negative
surprised/surprised-neutral/im2321.png,negative
surprised/surprised-neutral/im2394.png,negative
surprised/surprised-neutral/im2402.png,negative
surprised/surprised-neutral/im2432.png,negative
surprised/surprised-neutral/im2448_1.png,negative
surprised/surprised-neutral/im2459.png,negative
surprised/surprised-neutral/im2590.png,negative
surprised/surprised-neutral/im2590_1.png,negative
surprised/surprised-neutral/im2594.png,negative
surprised/surprised-neutral/im2604.png,negative
surprised/surprised-neutral/im2619_1.png,negative
surprised/surprised-neutral/im2640_1.png,negative
surprised/surprised-neutral/im2648_1.png,negative
surprised/surprised-neutral/im2655.png,negative
surprised/surprised-neutral/im2721.png,negative
surprised/surprised-neutral/im2743.png,negative
surprised/surprised-neutral/im2764.png,negative
surprised/surprised-neutral/im2819_1.png,negative
surprised/surprised-neutral/im2838.png,negative
surprised/surprised-neutral/im3013.png,negative
surprised/surprised-neutral/im3024_2.png,negative
surprised/surprised-neutral/im3076_1.png,negative
surprised/surprised-neutral/im3166.png,negative
surprised/surprised-neutral/im3180.png,negative
surprised/surprised-neutral/im3188.png,negative
surprised/surprised-neutral/im3232.png,negative
surprised/surprised-neutral/im3241_2.png,negative
surprised/surprised-neutral/im3342.png,negative
surprised/surprised-neutral/im3346.png,negative
surprised/surprised-neutral/im3421.png,negative
surprised/surprised-neutral/im3491.png,negative
surprised/surprised-neutral/im3547.png,negative
surprised/surprised-neutral/im3643.png,negative
surprised/surprised-neutral/im3686.png,negative
surprised/surprised-neutral/im3765_2.png,negative
surprised/surprised-neutral/im3781.png,negative
surprised/surprised-neutral/surprised-jeez/im0.png,negative
surprised/surprised-neutral/surprised-jeez/im86.png,negative
surprised/surprised-neutral/surprised-jeez/im91.png,negative
surprised/surprised-neutral/surprised-jeez/im98.png,negative
surprised/surprised-neutral/surprised-jeez/im99.png,negative
surprised/surprised-neutral/surprised-jeez/im112.png,negative
surprised/surprised-neutral/surprised-jeez/im122.png,negative
surprised/surprised-neutral/surprised-jeez/im137.png,negative
surprised/surprised-neutral/surprised-jeez/im144.png,negative
surprised/surprised-neutral/surprised-jeez/im145.png,negative
surprised/surprised-neutral/surprised-jeez/im159.png,negative
surprised/surprised-neutral/surprised-jeez/im163_2.png,negative
surprised/surprised-neutral/surprised-jeez/im192.png,negative
surprised/surprised-neutral/surprised-jeez/im194.png,negative
surprised/surprised-neutral/surprised-jeez/im204.png,negative
surprised/surprised-neutral/surprised-jeez/im206.png,negative
surprised/surprised-neutral/surprised-jeez/im209.png,negative
surprised/surprised-neutral/surprised-jeez/im225.png,negative
surprised/surprised-neutral/surprised-jeez/im226.png,negative
surprised/surprised-neutral/surprised-jeez/im245.png,negative
surprised/surprised-neutral/surprised-jeez/im255.png,negative
surprised/surprised-neutral/surprised-jeez/im264.png,negative
surprised/surprised-neutral/surprised-jeez/im265.png,negative
surprised/surprised-neutral/surprised-jeez/im266.png,negative
surprised/surprised-neutral/surprised-jeez/im278.png,negative
surprised/surprised-neutral/surprised-jeez/im279.png,negative
surprised/surprised-neutral/surprised-jeez/im292.png,negative
surprised/surprised-neutral/surprised-jeez/im328.png,negative
surprised/surprised-neutral/surprised-jeez/im342.png,negative
surprised/surprised-neutral/surprised-jeez/im369.png,negative
surprised/surprised-neutral/surprised-jeez/im380.png,negative
surprised/surprised-neutral/surprised-jeez/im383.png,negative
surprised/surprised-neutral/surprised-jeez/im386.png,negative
surprised/surprised-neutral/surprised-jeez/im433.png,negative
surprised/surprised-neutral/surprised-jeez/im452.png,negative
surprised/surprised-neutral/surprised-jeez/im487.png,negative
surprised/surprised-neutral/surprised-jeez/im504.png,negative
surprised/surprised-neutral/surprised-jeez/im509.png,negative
surprised/surprised-neutral/surprised-jeez/im514.png,negative
surprised/surprised-neutral/surprised-jeez/im515.png,negative
surprised/surprised-neutral/surprised-jeez/im518.png,negative
surprised/surprised-neutral/surprised-jeez/im557.png,negative
surprised/surprised-neutral/surprised-jeez/im563.png,negative
surprised/surprised-neutral/surprised-jeez/im567.png,negative
surprised/surprised-neutral/surprised-jeez/im579_2.png,negative
surprised/surprised-neutral/surprised-jeez/im599.png,negative
surprised/surprised-neutral/surprised-jeez/im614.png,negative
surprised/surprised-neutral/surprised-jeez/im617.png,negative
surprised/surprised-neutral/surprised-jeez/im622.png,negative
surprised/surprised-neutral/surprised-jeez/im655.png,negative
surprised/surprised-neutral/surprised-jeez/im667.png,negative
surprised/surprised-neutral/surprised-jeez/im680.png,negative
surprised/surprised-neutral/surprised-jeez/im700.png,negative
surprised/surprised-neutral/surprised-jeez/im708.png,negative
surprised/surprised-neutral/surprised-jeez/im716.png,negative
surprised/surprised-neutral/surprised-jeez/im717.png,negative
surprised/surprised-neutral/surprised-jeez/im725.png,negative
surprised/surprised-neutral/surprised-jeez/im757.png,negative
surprised/surprised-neutral/surprised-jeez/im770.png,negative
surprised/surprised-neutral/surprised-jeez/im786.png,negative
surprised/surprised-neutral/surprised-jeez/im809.png,negative
surprised/surprised-neutral/surprised-jeez/im833.png,negative
surprised/surprised-neutral/surprised-jeez/im881.png,negative
surprised/surprised-neutral/surprised-jeez/im890.png,negative
surprised/surprised-neutral/surprised-jeez/im906.png,negative
surprised/surprised-neutral/surprised-jeez/im907.png,negative
surprised/surprised-neutral/surprised-jeez/im931.png,negative
surprised/surprised-neutral/surprised-jeez/im954.png,negative
surprised/surprised-neutral/surprised-jeez/im960.png,negative
surprised/surprised-neutral/surprised-jeez/im1026.png,negative
surprised/surprised-neutral/surprised-jeez/im1032.png,negative
surprised/surprised-neutral/surprised-jeez/im1074.png,negative
surprised/surprised-neutral/surprised-jeez/im1092.png,negative
surprised/surprised-neutral/surprised-jeez/im1097.png,negative
surprised/surprised-neutral/surprised-jeez/im1114.png,negative
surprised/surprised-neutral/surprised-jeez/im1151.png,negative
surprised/surprised-neutral/surprised-jeez/im1152.png,negative
surprised/surprised-neutral/surprised-jeez/im1157.png,negative
surprised/surprised-neutral/surprised-jeez/im1189.png,negative
surprised/surprised-neutral/surprised-jeez/im1203.png,negative
surprised/surprised-neutral/surprised-jeez/im1232_2.png,negative
surprised/surprised-neutral/surprised-jeez/im1234.png,negative
surprised/surprised-neutral/surprised-jeez/im1236.png,negative
surprised/surprised-neutral/surprised-jeez/im1255.png,negative
surprised/surprised-neutral/surprised-jeez/im1263.png,negative
surprised/surprised-neutral/surprised-jeez/im1273.png,negative
surprised/surprised-neutral/surprised-jeez/im1320.png,negative
surprised/surprised-neutral/surprised-jeez/im1330.png,negative
surprised/surprised-neutral/surprised-jeez/im1336_2.png,negative
surprised/surprised-neutral/surprised-jeez/im1343.png,negative
surprised/surprised-neutral/surprised-jeez/im1352.png,negative
surprised/surprised-neutral/surprised-jeez/im1389.png,negative
surprised/surprised-neutral/surprised-jeez/im1414.png,negative
surprised/surprised-neutral/surprised-jeez/im1419.png,negative
surprised/surprised-neutral/surprised-jeez/im1427.png,negative
surprised/surprised-neutral/surprised-jeez/im1481.png,negative
surprised/surprised-neutral/surprised-jeez/im1496.png,negative
surprised/surprised-neutral/surprised-jeez/im1519.png,negative
surprised/surprised-neutral/surprised-jeez/im1544.png,negative
surprised/surprised-neutral/surprised-jeez/im1562.png,negative
surprised/surprised-neutral/surprised-jeez/im1565.png,negative
surprised/surprised-neutral/surprised-jeez/im1599.png,negative
surprised/surprised-neutral/surprised-jeez/im1603_2.png,negative
surprised/surprised-neutral/surprised-jeez/im1638.png,negative
surprised/surprised-neutral/surprised-jeez/im1663_1.png,negative
surprised/surprised-neutral/surprised-jeez/im1668_1.png,negative
surprised/surprised-neutral/surprised-jeez/im1692.png,negative
surprised/surprised-neutral/surprised-jeez/im1709.png,negative
surprised/surprised-neutral/surprised-jeez/im1753.png,negative
surprised/surprised-neutral/surprised-jeez/im1780.png,negative
surprised/surprised-neutral/surprised-jeez/im1789.png,negative
surprised/surprised-neutral/surprised-jeez/im1795.png,negative
surprised/surprised-neutral/surprised-jeez/im1812.png,negative
surprised/surprised-neutral/surprised-jeez/im1838.png,negative
surprised/surprised-neutral/surprised-jeez/im1867.png,negative
surprised/surprised-neutral/surprised-jeez/im1876.png,negative
surprised/surprised-neutral/surprised-jeez/im1878.png,negative
surprised/surprised-neutral/surprised-jeez/im1924.png,negative
surprised/surprised-neutral/surprised-jeez/im1946.png,negative
surprised/surprised-neutral/surprised-jeez/im1947.png,negative
surprised/surprised-neutral/surprised-jeez/im1960.png,negative
surprised/surprised-neutral/surprised-jeez/im1970.png,negative
surprised/surprised-neutral/surprised-jeez/im1989.png,negative
surprised/surprised-neutral/surprised-jeez/im2022.png,negative
surprised/surprised-neutral/surprised-jeez/im2029.png,negative
surprised/surprised-neutral/surprised-jeez/im2030.png,negative
surprised/surprised-neutral/surprised-jeez/im2036.png,negative
surprised/surprised-neutral/surprised-jeez/im2045.png,negative
surprised/surprised-neutral/surprised-jeez/im2060.png,negative
surprised/surprised-neutral/surprised-jeez/im2072.png,negative
surprised/surprised-neutral/surprised-jeez/im2097.png,negative
surprised/surprised-neutral/surprised-jeez/im2104.png,negative
surprised/surprised-neutral/surprised-jeez/im2128.png,negative
surprised/surprised-neutral/surprised-jeez/im2156.png,negative
surprised/surprised-neutral/surprised-jeez/im2157_2.png,negative
surprised/surprised-neutral/surprised-jeez/im2162.png,negative
surprised/surprised-neutral/surprised-jeez/im2184.png,negative
surprised/surprised-neutral/surprised-jeez/im2190.png,negative
surprised/surprised-neutral/surprised-jeez/im2198.png,negative
surprised/surprised-neutral/surprised-jeez/im2202.png,negative
surprised/surprised-neutral/surprised-jeez/im2228.png,negative
surprised/surprised-neutral/surprised-jeez/im2240_1.png,negative
surprised/surprised-neutral/surprised-jeez/im2254_1.png,negative
surprised/surprised-neutral/surprised-jeez/im2256.png,negative
surprised/surprised-neutral/surprised-jeez/im2258.png,negative
surprised/surprised-neutral/surprised-jeez/im2279.png,negative
surprised/surprised-neutral/surprised-jeez/im2314_2.png,negative
surprised/surprised-neutral/surprised-jeez/im2345.png,negative
surprised/surprised-neutral/surprised-jeez/im2365.png,negative
surprised/surprised-neutral/surprised-jeez/im2377.png,negative
surprised/surprised-neutral/surprised-jeez/im2384_1.png,negative
surprised/surprised-neutral/surprised-jeez/im2414.png,negative
surprised/surprised-neutral/surprised-jeez/im2460.png,negative
surprised/surprised-neutral/surprised-jeez/im2512.png,negative
surprised/surprised-neutral/surprised-jeez/im2517.png,negative
surprised/surprised-neutral/surprised-jeez/im2528.png,negative
surprised/surprised-neutral/surprised-jeez/im2571.png,negative
surprised/surprised-neutral/surprised-jeez/im2593.png,negative
surprised/surprised-neutral/surprised-jeez/im2604.png,negative
surprised/surprised-neutral/surprised-jeez/im2637_1.png,negative
surprised/surprised-neutral/surprised-jeez/im2663.png,negative
surprised/surprised-neutral/surprised-jeez/im2667.png,negative
surprised/surprised-neutral/surprised-jeez/im2684.png,negative
surprised/surprised-neutral/surprised-jeez/im2703.png,negative
surprised/surprised-neutral/surprised-jeez/im2715.png,negative
surprised/surprised-neutral/surprised-jeez/im2755.png,negative
surprised/surprised-neutral/surprised-jeez/im2768.png,negative
surprised/surprised-neutral/surprised-jeez/im2778.png,negative
surprised/surprised-neutral/surprised-jeez/im2795.png,negative
surprised/surprised-neutral/surprised-jeez/im2804.png,negative
surprised/surprised-neutral/surprised-jeez/im2809.png,negative
surprised/surprised-neutral/surprised-jeez/im2827.png,negative
surprised/surprised-neutral/surprised-jeez/im2837.png,negative
surprised/surprised-neutral/surprised-jeez/im2849.png,negative
surprised/surprised-neutral/surprised-jeez/im2860.png,negative
surprised/surprised-neutral/surprised-jeez/im2874.png,negative
surprised/surprised-neutral/surprised-jeez/im2990.png,negative
surprised/surprised-neutral/surprised-jeez/im3055.png,negative
surprised/surprised-neutral/surprised-jeez/im3083.png,negative
surprised/surprised-neutral/surprised-jeez/im3122.png,negative
surprised/surprised-neutral/surprised-jeez/im3310_1.png,negative
surprised/surprised-neutral/surprised-jeez/im3386.png,negative
surprised/surprised-neutral/surprised-jeez/im3527_2.png,negative
surprised/surprised-neutral/surprised-jeez/im3544_2.png,negative
surprised/surprised-neutral/surprised-no-way/im2931_2.png,negative
surprised/surprised-neutral/surprised-no-way/im3062.png,negative
surprised/surprised-neutral/surprised-no-way/im3068_2.png,negative
surprised/surprised-neutral/surprised-no-way/im4050_1.png,negative
surprised/surprised-neutral/surprised-no-way/im4298.png,negative
surprised/surprised-neutral/surprised-ooh-aah/im15.png,negative
surprised/surprised-neutral/surprised-ooh-aah/im17.png,negative
surprised/surprised-neutral/surprised-ooh-aah/im54.png,negative
surprised/surprised-neutral/surprised-ooh-aah/im84.png,negative
surprised/surprised-neutral/surprised-ooh-aah/im85.png,negative
surprised/surprised-neutral/surprised-ooh-aah/im92_2.png,negative
surprised/surprised-neutral/surprised-ooh-aah/im93.png,negative
surprised/surprised-neutral/surprised-ooh-aah/im102.png,negative
surprised/surprised-neutral/surprised-ooh-aah/im133.png,negative
surprised/surprised-neutral/surprised-ooh-aah/im134.png,negative
surprised/surprised-neutral/surprised-ooh-aah/im148.png,negative
surprised/surprised-neutral/surprised-ooh-aah/im150.png,negative
surprised/surprised-neutral/surprised-ooh-aah/im184.png,negative
surprised/surprised-neutral/surprised-ooh-aah/im193.png,negative
surprised/surprised-neutral/surprised-ooh-aah/im212.png,negative
surprised/surprised-neutral/surprised-ooh-aah/im214.png,negative
surprised/surprised-neutral/surprised-ooh-aah/im217.png,negative
surprised/surprised-neutral/surprised-ooh-aah/im220.png,negative
surprised/surprised-neutral/surprised-ooh-aah/im247.png,negative
surprised/surprised-neutral/surprised-ooh-aah/im258.png,negative
surprised/surprised-neutral/surprised-ooh-aah/im262.png,negative
surprised/surprised-neutral/surprised-ooh-aah/im269.png,negative
surprised/surprised-neutral/surprised-ooh-aah/im307.png,negative
surprised/surprised-neutral/surprised-ooh-aah/im312.png,negative
surprised/surprised-neutral/surprised-ooh-aah/im314.png,negative
surprised/surprised-neutral/surprised-ooh-aah/im316.png,negative
surprised/surprised-neutral/surprised-ooh-aah/im332.png,negative
surprised/surprised-neutral/surprised-ooh-aah/im339.png,negative
surprised/surprised-neutral/surprised-ooh-aah/im348.png,negative
surprised/surprised-neutral/surprised-ooh-aah/im357.png,negative
surprised/surprised-neutral/surprised-ooh-aah/im362.png,negative
surprised/surprised-neutral/surprised-ooh-aah/im370.png,negative
surprised/surprised-neutral/surprised-ooh-aah/im375.png,negative
surprised/surprised-neutral/surprised-ooh-aah/im400.png,negative
surprised/surprised-neutral/surprised-ooh-aah/im402.png,negative
surprised/surprised-neutral/surprised-ooh-aah/im435.png,negative
surprised/surprised-neutral/surprised-ooh-aah/im473.png,negative
surprised/surprised-neutral/surprised-ooh-aah/im482.png,negative
surprised/surprised-neutral/surprised-ooh-aah/im486.png,negative
surprised/surprised-neutral/surprised-ooh-aah/im512.png,negative
surprised/surprised-neutral/surprised-ooh-aah/im531.png,negative
surprised/surprised-neutral/surprised-ooh-aah/im535.png,negative
surprised/surprised-neutral/surprised-ooh-aah/im560.png,negative
surprised/surprised-neutral/surprised-ooh-aah/im568.png,negative
surprised/surprised-neutral/surprised-ooh-aah/im571.png,negative
surprised/surprised-neutral/surprised-ooh-aah/im575_1.png,negative
surprised/surprised-neutral/surprised-ooh-aah/im600.png,negative
surprised/surprised-neutral/surprised-ooh-aah/im610.png,negative
surprised/surprised-neutral/surprised-ooh-aah/im615.png,negative
surprised/surprised-neutral/surprised-ooh-aah/im633.png,negative
surprised/surprised-neutral/surprised-ooh-aah/im646.png,negative
surprised/surprised-neutral/surprised-ooh-aah/im662_1.png,negative
surprised/surprised-neutral/surprised-ooh-aah/im671.png,negative
surprised/surprised-neutral/surprised-ooh-aah/im722.png,negative
surprised/surprised-neutral/surprised-ooh-aah/im733.png,negative
surprised/surprised-neutral/surprised-ooh-aah/im747.png,negative
surprised/surprised-neutral/surprised-ooh-aah/im752.png,negative
surprised/surprised-neutral/surprised-ooh-aah/im758_1.png,negative
surprised/surprised-neutral/surprised-ooh-aah/im760.png,negative
surprised/surprised-neutral/surprised-ooh-aah/im768.png,negative
surprised/surprised-neutral/surprised-ooh-aah/im788.png,negative
surprised/surprised-neutral/surprised-ooh-aah/im798.png,negative
surprised/surprised-neutral/surprised-ooh-aah/im801.png,negative
surprised/surprised-neutral/surprised-ooh-aah/im830.png,negative
surprised/surprised-neutral/surprised-ooh-aah/im832.png,negative
surprised/surprised-neutral/surprised-ooh-aah/im845.png,negative
surprised/surprised-neutral/surprised-ooh-aah/im854.png,negative
surprised/surprised-neutral/surprised-ooh-aah/im863.png,negative
surprised/surprised-neutral/surprised-ooh-aah/im921.png,negative
surprised/surprised-neutral/surprised-ooh-aah/im961.png,negative
surprised/surprised-neutral/surprised-ooh-aah/im986.png,negative
surprised/surprised-neutral/surprised-ooh-aah/im990.png,negative
surprised/surprised-neutral/surprised-ooh-aah/im998.png,negative
surprised/surprised-neutral/surprised-ooh-aah/im1004.png,negative
surprised/surprised-neutral/surprised-ooh-aah/im1069.png,negative
surprised/surprised-neutral/surprised-ooh-aah/im1098.png,negative
surprised/surprised-neutral/surprised-ooh-aah/im1102.png,negative
surprised/surprised-neutral/surprised-ooh-aah/im1107.png,negative
surprised/surprised-neutral/surprised-ooh-aah/im1128.png,negative
surprised/surprised-neutral/surprised-ooh-aah/im1138.png,negative
surprised/surprised-neutral/surprised-ooh-aah/im1142.png,negative
surprised/surprised-neutral/surprised-ooh-aah/im1145.png,negative
surprised/surprised-neutral/surprised-ooh-aah/im1158.png,negative
surprised/surprised-neutral/surprised-ooh-aah/im1159.png,negative
surprised/surprised-neutral/surprised-ooh-aah/im1163.png,negative
surprised/surprised-neutral/surprised-ooh-aah/im1164.png,negative
surprised/surprised-neutral/surprised-ooh-aah/im1168.png,negative
surprised/surprised-neutral/surprised-ooh-aah/im1171.png,negative
surprised/surprised-neutral/surprised-ooh-aah/im1172.png,negative
surprised/surprised-neutral/surprised-ooh-aah/im1173.png,negative
surprised/surprised-neutral/surprised-ooh-aah/im1195.png,negative
surprised/surprised-neutral/surprised-ooh-aah/im1198.png,negative
surprised/surprised-neutral/surprised-ooh-aah/im1213.png,negative
surprised/surprised-neutral/surprised-ooh-aah/im1217.png,negative
surprised/surprised-neutral/surprised-ooh-aah/im1219.png,negative
surprised/surprised-neutral/surprised-ooh-aah/im1229.png,negative
surprised/surprised-neutral/surprised-ooh-aah/im1231_2.png,negative
surprised/surprised-neutral/surprised-ooh-aah/im1240.png,negative
surprised/surprised-neutral/surprised-ooh-aah/im1262.png,negative
surprised/surprised-neutral/surprised-ooh-aah/im1271.png,negative
surprised/surprised-neutral/surprised-ooh-aah/im1276_1.png,negative
surprised/surprised-neutral/surprised-ooh-aah/im1278.png,negative
surprised/surprised-neutral/surprised-ooh-aah/im1280.png,negative
surprised/surprised-neutral/surprised-ooh-aah/im1285.png,negative
surprised/surprised-neutral/surprised-ooh-aah/im1285_1.png,negative
surprised/surprised-neutral/surprised-ooh-aah/im1286.png,negative
surprised/surprised-neutral/surprised-ooh-aah/im1289.png,negative
surprised/surprised-neutral/surprised-ooh-aah/im1293.png,negative
surprised/surprised-neutral/surprised-ooh-aah/im1301.png,negative
surprised/surprised-neutral/surprised-ooh-aah/im1303.png,negative
surprised/surprised-neutral/surprised-ooh-aah/im1305.png,negative
surprised/surprised-neutral/surprised-ooh-aah/im1306.png,negative
surprised/surprised-neutral/surprised-ooh-aah/im1311.png,negative
surprised/surprised-neutral/surprised-ooh-aah/im1313.png,negative
surprised/surprised-neutral/surprised-ooh-aah/im1319.png,negative
surprised/surprised-neutral/surprised-ooh-aah/im1321.png,negative
surprised/surprised-neutral/surprised-ooh-aah/im1325.png,negative
surprised/surprised-neutral/surprised-ooh-aah/im1337.png,negative
surprised/surprised-neutral/surprised-ooh-aah/im1345.png,negative
surprised/surprised-neutral/surprised-ooh-aah/im1351.png,negative
surprised/surprised-neutral/surprised-ooh-aah/im1355_1.png,negative
surprised/surprised-neutral/surprised-ooh-aah/im1364.png,negative
surprised/surprised-neutral/surprised-ooh-aah/im1366.png,negative
surprised/surprised-neutral/surprised-ooh-aah/im1367.png,negative
surprised/surprised-neutral/surprised-ooh-aah/im1372.png,negative
surprised/surprised-neutral/surprised-ooh-aah/im1387.png,negative
surprised/surprised-neutral/surprised-ooh-aah/im1390.png,negative
surprised/surprised-neutral/surprised-ooh-aah/im1396.png,negative
surprised/surprised-neutral/surprised-ooh-aah/im1397.png,negative
surprised/surprised-neutral/surprised-ooh-aah/im1398.png,negative
surprised/surprised-neutral/surprised-ooh-aah/im1402.png,negative
surprised/surprised-neutral/surprised-ooh-aah/im1418.png,negative
surprised/surprised-neutral/surprised-ooh-aah/im1426.png,negative
surprised/surprised-neutral/surprised-ooh-aah/im1429.png,negative
surprised/surprised-neutral/surprised-ooh-aah/im1432.png,negative
surprised/surprised-neutral/surprised-ooh-aah/im1433.png,negative
surprised/surprised-neutral/surprised-ooh-aah/im1438.png,negative
surprised/surprised-neutral/surprised-ooh-aah/im1439.png,negative
surprised/surprised-neutral/surprised-ooh-aah/im1449.png,negative
surprised/surprised-neutral/surprised-ooh-aah/im1465.png,negative
surprised/surprised-neutral/surprised-ooh-aah/im1465_1.png,negative
surprised/surprised-neutral/surprised-ooh-aah/im1468.png,negative
surprised/surprised-neutral/surprised-ooh-aah/im1473.png,negative
surprised/surprised-neutral/surprised-ooh-aah/im1490.png,negative
surprised/surprised-neutral/surprised-ooh-aah/im1497.png,negative
surprised/surprised-neutral/surprised-ooh-aah/im1498.png,negative
surprised/surprised-neutral/surprised-ooh-aah/im1506.png,negative
surprised/surprised-neutral/surprised-ooh-aah/im1514.png,negative
surprised/surprised-neutral/surprised-ooh-aah/im1521.png,negative
surprised/surprised-neutral/surprised-ooh-aah/im1522.png,negative
surprised/surprised-neutral/surprised-ooh-aah/im1528.png,negative
surprised/surprised-neutral/surprised-ooh-aah/im1534.png,negative
surprised/surprised-neutral/surprised-ooh-aah/im1539.png,negative
surprised/surprised-neutral/surprised-ooh-aah/im1547.png,negative
surprised/surprised-neutral/surprised-ooh-aah/im1552.png,negative
surprised/surprised-neutral/surprised-ooh-aah/im1553.png,negative
surprised/surprised-neutral/surprised-ooh-aah/im1571.png,negative
surprised/surprised-neutral/surprised-ooh-aah/im1578.png,negative
surprised/surprised-neutral/surprised-ooh-aah/im1584.png,negative
surprised/surprised-neutral/surprised-ooh-aah/im1586.png,negative
surprised/surprised-neutral/surprised-ooh-aah/im1596.png,negative
surprised/surprised-neutral/surprised-ooh-aah/im1597.png,negative
surprised/surprised-neutral/surprised-ooh-aah/im1600.png,negative
surprised/surprised-neutral/surprised-ooh-aah/im1610.png,negative
surprised/surprised-neutral/surprised-ooh-aah/im1614.png,negative
surprised/surprised-neutral/surprised-ooh-aah/im1618.png,negative
surprised/surprised-neutral/surprised-ooh-aah/im1620.png,negative
surprised/surprised-neutral/surprised-ooh-aah/im1627.png,negative
surprised/surprised-neutral/surprised-ooh-aah/im1630.png,negative
surprised/surprised-neutral/surprised-ooh-aah/im1634.png,negative
surprised/surprised-neutral/surprised-ooh-aah/im1635.png,negative
surprised/surprised-neutral/surprised-ooh-aah/im1639.png,negative
surprised/surprised-neutral/surprised-ooh-aah/im1641.png,negative
surprised/surprised-neutral/surprised-ooh-aah/im1645.png,negative
surprised/surprised-neutral/surprised-ooh-aah/im1649.png,negative
surprised/surprised-neutral/surprised-ooh-aah/im1660.png,negative
surprised/surprised-neutral/surprised-ooh-aah/im1674.png,negative
surprised/surprised-neutral/surprised-ooh-aah/im1676.png,negative
surprised/surprised-neutral/surprised-ooh-aah/im1683.png,negative
surprised/surprised-neutral/surprised-ooh-aah/im1688.png,negative
surprised/surprised-neutral/surprised-ooh-aah/im1696.png,negative
surprised/surprised-neutral/surprised-ooh-aah/im1703.png,negative
surprised/surprised-neutral/surprised-ooh-aah/im1705.png,negative
surprised/surprised-neutral/surprised-ooh-aah/im1719.png,negative
surprised/surprised-neutral/surprised-ooh-aah/im1725.png,negative
surprised/surprised-neutral/surprised-ooh-aah/im1740.png,negative
surprised/surprised-neutral/surprised-ooh-aah/im1741.png,negative
surprised/surprised-neutral/surprised-ooh-aah/im1743.png,negative
surprised/surprised-neutral/surprised-ooh-aah/im1745.png,negative
surprised/surprised-neutral/surprised-ooh-aah/im1749.png,negative
surprised/surprised-neutral/surprised-ooh-aah/im1752.png,negative
surprised/surprised-neutral/surprised-ooh-aah/im1758.png,negative
surprised/surprised-neutral/surprised-ooh-aah/im1761.png,negative
surprised/surprised-neutral/surprised-ooh-aah/im1781.png,negative
surprised/surprised-neutral/surprised-ooh-aah/im1788.png,negative
surprised/surprised-neutral/surprised-ooh-aah/im1799.png,negative
surprised/surprised-neutral/surprised-ooh-aah/im1810.png,negative
surprised/surprised-neutral/surprised-ooh-aah/im1811.png,negative
surprised/surprised-neutral/surprised-ooh-aah/im1827.png,negative
surprised/surprised-neutral/surprised-ooh-aah/im1829.png,negative
surprised/surprised-neutral/surprised-ooh-aah/im1833.png,negative
surprised/surprised-neutral/surprised-ooh-aah/im1845.png,negative
surprised/surprised-neutral/surprised-ooh-aah/im1847.png,negative
surprised/surprised-neutral/surprised-ooh-aah/im1860.png,negative
surprised/surprised-neutral/surprised-ooh-aah/im1869_1.png,negative
surprised/surprised-neutral/surprised-ooh-aah/im1871.png,negative
surprised/surprised-neutral/surprised-ooh-aah/im1879.png,negative
surprised/surprised-neutral/surprised-ooh-aah/im1888.png,negative
surprised/surprised-neutral/surprised-ooh-aah/im1895.png,negative
surprised/surprised-neutral/surprised-ooh-aah/im1901.png,negative
surprised/surprised-neutral/surprised-ooh-aah/im1907.png,negative
surprised/surprised-neutral/surprised-ooh-aah/im1914.png,negative
surprised/surprised-neutral/surprised-ooh-aah/im1919.png,negative
surprised/surprised-neutral/surprised-ooh-aah/im1934.png,negative
surprised/surprised-neutral/surprised-ooh-aah/im1946.png,negative
surprised/surprised-neutral/surprised-ooh-aah/im1948.png,negative
surprised/surprised-neutral/surprised-ooh-aah/im1959.png,negative
surprised/surprised-neutral/surprised-ooh-aah/im1961.png,negative
surprised/surprised-neutral/surprised-ooh-aah/im1973.png,negative
surprised/surprised-neutral/surprised-ooh-aah/im1982_2.png,negative
surprised/surprised-neutral/surprised-ooh-aah/im1984.png,negative
surprised/surprised-neutral/surprised-ooh-aah/im1987.png,negative
surprised/surprised-neutral/surprised-ooh-aah/im1988.png,negative
surprised/surprised-neutral/surprised-ooh-aah/im1996.png,negative
surprised/surprised-neutral/surprised-ooh-aah/im2016.png,negative
surprised/surprised-neutral/surprised-ooh-aah/im2017.png,negative
surprised/surprised-neutral/surprised-ooh-aah/im2027.png,negative
surprised/surprised-neutral/surprised-ooh-aah/im2037.png,negative
surprised/surprised-neutral/surprised-ooh-aah/im2044.png,negative
surprised/surprised-neutral/surprised-ooh-aah/im2049.png,negative
surprised/surprised-neutral/surprised-ooh-aah/im2050.png,negative
surprised/surprised-neutral/surprised-ooh-aah/im2056.png,negative
surprised/surprised-neutral/surprised-ooh-aah/im2061.png,negative
surprised/surprised-neutral/surprised-ooh-aah/im2069.png,negative
surprised/surprised-neutral/surprised-ooh-aah/im2088.png,negative
surprised/surprised-neutral/surprised-ooh-aah/im2089.png,negative
surprised/surprised-neutral/surprised-ooh-aah/im2090.png,negative
surprised/surprised-neutral/surprised-ooh-aah/im2093.png,negative
surprised/surprised-neutral/surprised-ooh-aah/im2102.png,negative
surprised/surprised-neutral/surprised-ooh-aah/im2105.png,negative
surprised/surprised-neutral/surprised-ooh-aah/im2106.png,negative
surprised/surprised-neutral/surprised-ooh-aah/im2115.png,negative
surprised/surprised-neutral/surprised-ooh-aah/im2118.png,negative
surprised/surprised-neutral/surprised-ooh-aah/im2131.png,negative
surprised/surprised-neutral/surprised-ooh-aah/im2136.png,negative
surprised/surprised-neutral/surprised-ooh-aah/im2141.png,negative
surprised/surprised-neutral/surprised-ooh-aah/im2144.png,negative
surprised/surprised-neutral/surprised-ooh-aah/im2145.png,negative
surprised/surprised-neutral/surprised-ooh-aah/im2147.png,negative
surprised/surprised-neutral/surprised-ooh-aah/im2153.png,negative
surprised/surprised-neutral/surprised-ooh-aah/im2157.png,negative
surprised/surprised-neutral/surprised-ooh-aah/im2159.png,negative
surprised/surprised-neutral/surprised-ooh-aah/im2166.png,negative
surprised/surprised-neutral/surprised-ooh-aah/im2167.png,negative
surprised/surprised-neutral/surprised-ooh-aah/im2168.png,negative
surprised/surprised-neutral/surprised-ooh-aah/im2189.png,negative
surprised/surprised-neutral/surprised-ooh-aah/im2200_1.png,negative
surprised/surprised-neutral/surprised-ooh-aah/im2207.png,negative
surprised/surprised-neutral/surprised-ooh-aah/im2211.png,negative
surprised/surprised-neutral/surprised-ooh-aah/im2217.png,negative
surprised/surprised-neutral/surprised-ooh-aah/im2226.png,negative
surprised/surprised-neutral/surprised-ooh-aah/im2227.png,negative
surprised/surprised-neutral/surprised-ooh-aah/im2231.png,negative
surprised/surprised-neutral/surprised-ooh-aah/im2235.png,negative
surprised/surprised-neutral/surprised-ooh-aah/im2238.png,negative
surprised/surprised-neutral/surprised-ooh-aah/im2238_1.png,negative
surprised/surprised-neutral/surprised-ooh-aah/im2244_2.png,negative
surprised/surprised-neutral/surprised-ooh-aah/im2250.png,negative
surprised/surprised-neutral/surprised-ooh-aah/im2260.png,negative
surprised/surprised-neutral/surprised-ooh-aah/im2266.png,negative
surprised/surprised-neutral/surprised-ooh-aah/im2268.png,negative
surprised/surprised-neutral/surprised-ooh-aah/im2274.png,negative
surprised/surprised-neutral/surprised-ooh-aah/im2278_2.png,negative
surprised/surprised-neutral/surprised-ooh-aah/im2280_1.png,negative
surprised/surprised-neutral/surprised-ooh-aah/im2280_2.png,negative
surprised/surprised-neutral/surprised-ooh-aah/im2282.png,negative
surprised/surprised-neutral/surprised-ooh-aah/im2295.png,negative
surprised/surprised-neutral/surprised-ooh-aah/im2296.png,negative
surprised/surprised-neutral/surprised-ooh-aah/im2300.png,negative
surprised/surprised-neutral/surprised-ooh-aah/im2320.png,negative
surprised/surprised-neutral/surprised-ooh-aah/im2322.png,negative
surprised/surprised-neutral/surprised-ooh-aah/im2334.png,negative
surprised/surprised-neutral/surprised-ooh-aah/im2348.png,negative
surprised/surprised-neutral/surprised-ooh-aah/im2353_2.png,negative
surprised/surprised-neutral/surprised-ooh-aah/im2357_2.png,negative
surprised/surprised-neutral/surprised-ooh-aah/im2358.png,negative
surprised/surprised-neutral/surprised-ooh-aah/im2361.png,negative
surprised/surprised-neutral/surprised-ooh-aah/im2392.png,negative
surprised/surprised-neutral/surprised-ooh-aah/im2399.png,negative
surprised/surprised-neutral/surprised-ooh-aah/im2400.png,negative
surprised/surprised-neutral/surprised-ooh-aah/im2409.png,negative
surprised/surprised-neutral/surprised-ooh-aah/im2409_1.png,negative
surprised/surprised-neutral/surprised-ooh-aah/im2414_1.png,negative
surprised/surprised-neutral/surprised-ooh-aah/im2427_1.png,negative
surprised/surprised-neutral/surprised-ooh-aah/im2439.png,negative
surprised/surprised-neutral/surprised-ooh-aah/im2440.png,negative
surprised/surprised-neutral/surprised-ooh-aah/im2444.png,negative
surprised/surprised-neutral/surprised-ooh-aah/im2446.png,negative
surprised/surprised-neutral/surprised-ooh-aah/im2450.png,negative
surprised/surprised-neutral/surprised-ooh-aah/im2452.png,negative
surprised/surprised-neutral/surprised-ooh-aah/im2457.png,negative
surprised/surprised-neutral/surprised-ooh-aah/im2458.png,negative
surprised/surprised-neutral/surprised-ooh-aah/im2465.png,negative
surprised/surprised-neutral/surprised-ooh-aah/im2471.png,negative
surprised/surprised-neutral/surprised-ooh-aah/im2477.png,negative
surprised/surprised-neutral/surprised-ooh-aah/im2487.png,negative
surprised/surprised-neutral/surprised-ooh-aah/im2490.png,negative
surprised/surprised-neutral/surprised-ooh-aah/im2498.png,negative
surprised/surprised-neutral/surprised-ooh-aah/im2499.png,negative
surprised/surprised-neutral/surprised-ooh-aah/im2500.png,negative
surprised/surprised-neutral/surprised-ooh-aah/im2512_2.png,negative
surprised/surprised-neutral/surprised-ooh-aah/im2520.png,negative
surprised/surprised-neutral/surprised-ooh-aah/im2540.png,negative
surprised/surprised-neutral/surprised-ooh-aah/im2541.png,negative
surprised/surprised-neutral/surprised-ooh-aah/im2558.png,negative
surprised/surprised-neutral/surprised-ooh-aah/im2565.png,negative
surprised/surprised-neutral/surprised-ooh-aah/im2566_2.png,negative
surprised/surprised-neutral/surprised-ooh-aah/im2567.png,negative
surprised/surprised-neutral/surprised-ooh-aah/im2572.png,negative
surprised/surprised-neutral/surprised-ooh-aah/im2581.png,negative
surprised/surprised-neutral/surprised-ooh-aah/im2582.png,negative
surprised/surprised-neutral/surprised-ooh-aah/im2597.png,negative
surprised/surprised-neutral/surprised-ooh-aah/im2597_1.png,negative
surprised/surprised-neutral/surprised-ooh-aah/im2601.png,negative
surprised/surprised-neutral/surprised-ooh-aah/im2617.png,negative
surprised/surprised-neutral/surprised-ooh-aah/im2625.png,negative
surprised/surprised-neutral/surprised-ooh-aah/im2633.png,negative
surprised/surprised-neutral/surprised-ooh-aah/im2645.png,negative
surprised/surprised-neutral/surprised-ooh-aah/im2661.png,negative
surprised/surprised-neutral/surprised-ooh-aah/im2661_1.png,negative
surprised/surprised-neutral/surprised-ooh-aah/im2674.png,negative
surprised/surprised-neutral/surprised-ooh-aah/im2688.png,negative
surprised/surprised-neutral/surprised-ooh-aah/im2713.png,negative
surprised/surprised-neutral/surprised-ooh-aah/im2732.png,negative
surprised/surprised-neutral/surprised-ooh-aah/im2740.png,negative
surprised/surprised-neutral/surprised-ooh-aah/im2764.png,negative
surprised/surprised-neutral/surprised-ooh-aah/im2775_2.png,negative
surprised/surprised-neutral/surprised-ooh-aah/im2787.png,negative
surprised/surprised-neutral/surprised-ooh-aah/im2807.png,negative
surprised/surprised-neutral/surprised-ooh-aah/im2816_1.png,negative
surprised/surprised-neutral/surprised-ooh-aah/im2820.png,negative
surprised/surprised-neutral/surprised-ooh-aah/im2836.png,negative
surprised/surprised-neutral/surprised-ooh-aah/im2852.png,negative
surprised/surprised-neutral/surprised-ooh-aah/im2866.png,negative
surprised/surprised-neutral/surprised-ooh-aah/im2874_1.png,negative
surprised/surprised-neutral/surprised-ooh-aah/im2881.png,negative
surprised/surprised-neutral/surprised-ooh-aah/im2899.png,negative
surprised/surprised-neutral/surprised-ooh-aah/im2926.png,negative
surprised/surprised-neutral/surprised-ooh-aah/im2939.png,negative
surprised/surprised-neutral/surprised-ooh-aah/im2957.png,negative
surprised/surprised-neutral/surprised-ooh-aah/im2960.png,negative
surprised/surprised-neutral/surprised-ooh-aah/im2993.png,negative
surprised/surprised-neutral/surprised-ooh-aah/im3025.png,negative
surprised/surprised-neutral/surprised-ooh-aah/im3026.png,negative
surprised/surprised-neutral/surprised-ooh-aah/im3046.png,negative
surprised/surprised-neutral/surprised-ooh-aah/im3047.png,negative
surprised/surprised-neutral/surprised-ooh-aah/im3104.png,negative
surprised/surprised-neutral/surprised-ooh-aah/im3133.png,negative
surprised/surprised-neutral/surprised-ooh-aah/im3140.png,negative
surprised/surprised-neutral/surprised-ooh-aah/im3148.png,negative
surprised/surprised-neutral/surprised-ooh-aah/im3150.png,negative
surprised/surprised-neutral/surprised-ooh-aah/im3163_1.png,negative
surprised/surprised-neutral/surprised-ooh-aah/im3662_1.png,negative
surprised/surprised-neutral/surprised-ooh-aah/im3726_1.png,negative
surprised/surprised-neutral/surprised-ooh-aah/im3745_2.png,negative
surprised/surprised-neutral/surprised-ooh-aah/im3784_1.png,negative
surprised/surprised-neutral/surprised-ooh-aah/im3812_1.png,negative
surprised/surprised-neutral/surprised-ooh-aah/im4688.png,negative
surprised/surprised-neutral/surprised-what/im1.png,negative
surprised/surprised-neutral/surprised-what/im5.png,negative
surprised/surprised-neutral/surprised-what/im21.png,negative
surprised/surprised-neutral/surprised-what/im32.png,negative
surprised/surprised-neutral/surprised-what/im34_1.png,negative
surprised/surprised-neutral/surprised-what/im35.png,negative
surprised/surprised-neutral/surprised-what/im46.png,negative
surprised/surprised-neutral/surprised-what/im50.png,negative
surprised/surprised-neutral/surprised-what/im60.png,negative
surprised/surprised-neutral/surprised-what/im64.png,negative
surprised/surprised-neutral/surprised-what/im69.png,negative
surprised/surprised-neutral/surprised-what/im76.png,negative
surprised/surprised-neutral/surprised-what/im78.png,negative
surprised/surprised-neutral/surprised-what/im90.png,negative
surprised/surprised-neutral/surprised-what/im111_2.png,negative
surprised/surprised-neutral/surprised-what/im113.png,negative
surprised/surprised-neutral/surprised-what/im174.png,negative
surprised/surprised-neutral/surprised-what/im177.png,negative
surprised/surprised-neutral/surprised-what/im235.png,negative
surprised/surprised-neutral/surprised-what/im236.png,negative
surprised/surprised-neutral/surprised-what/im242.png,negative
surprised/surprised-neutral/surprised-what/im248.png,negative
surprised/surprised-neutral/surprised-what/im253.png,negative
surprised/surprised-neutral/surprised-what/im326.png,negative
surprised/surprised-neutral/surprised-what/im327_2_1.png,negative
surprised/surprised-neutral/surprised-what/im336_1.png,negative
surprised/surprised-neutral/surprised-what/im367.png,negative
surprised/surprised-neutral/surprised-what/im388.png,negative
surprised/surprised-neutral/surprised-what/im394.png,negative
surprised/surprised-neutral/surprised-what/im470.png,negative
surprised/surprised-neutral/surprised-what/im478.png,negative
surprised/surprised-neutral/surprised-what/im490.png,negative
surprised/surprised-neutral/surprised-what/im496.png,negative
surprised/surprised-neutral/surprised-what/im560.png,negative
surprised/surprised-neutral/surprised-what/im567_2.png,negative
surprised/surprised-neutral/surprised-what/im572.png,negative
surprised/surprised-neutral/surprised-what/im581.png,negative
surprised/surprised-neutral/surprised-what/im601.png,negative
surprised/surprised-neutral/surprised-what/im672.png,negative
surprised/surprised-neutral/surprised-what/im678.png,negative
surprised/surprised-neutral/surprised-what/im683.png,negative
surprised/surprised-neutral/surprised-what/im846.png,negative
surprised/surprised-neutral/surprised-what/im865.png,negative
surprised/surprised-neutral/surprised-what/im869.png,negative
surprised/surprised-neutral/surprised-what/im885.png,negative
surprised/surprised-neutral/surprised-what/im886.png,negative
surprised/surprised-neutral/surprised-what/im901.png,negative
surprised/surprised-neutral/surprised-what/im977.png,negative
surprised/surprised-neutral/surprised-what/im983.png,negative
surprised/surprised-neutral/surprised-what/im1000.png,negative
surprised/surprised-neutral/surprised-what/im1005.png,negative
surprised/surprised-neutral/surprised-what/im1010_2.png,negative
surprised/surprised-neutral/surprised-what/im1015.png,negative
surprised/surprised-neutral/surprised-what/im1064.png,negative
surprised/surprised-neutral/surprised-what/im1170.png,negative
surprised/surprised-neutral/surprised-what/im1182.png,negative
surprised/surprised-neutral/surprised-what/im1204.png,negative
surprised/surprised-neutral/surprised-what/im1257.png,negative
surprised/surprised-neutral/surprised-what/im1295_1.png,negative
surprised/surprised-neutral/surprised-what/im1304.png,negative
surprised/surprised-neutral/surprised-what/im1310.png,negative
surprised/surprised-neutral/surprised-what/im1326.png,negative
surprised/surprised-neutral/surprised-what/im1335.png,negative
surprised/surprised-neutral/surprised-what/im1359.png,negative
surprised/surprised-neutral/surprised-what/im1411.png,negative
surprised/surprised-neutral/surprised-what/im1416.png,negative
surprised/surprised-neutral/surprised-what/im1441.png,negative
surprised/surprised-neutral/surprised-what/im1448.png,negative
surprised/surprised-neutral/surprised-what/im1457.png,negative
surprised/surprised-neutral/surprised-what/im1462_2.png,negative
surprised/surprised-neutral/surprised-what/im1464.png,negative
surprised/surprised-neutral/surprised-what/im1508.png,negative
surprised/surprised-neutral/surprised-what/im1517.png,negative
surprised/surprised-neutral/surprised-what/im1605.png,negative
surprised/surprised-neutral/surprised-what/im1607.png,negative
surprised/surprised-neutral/surprised-what/im1617.png,negative
surprised/surprised-neutral/surprised-what/im1632.png,negative
surprised/surprised-neutral/surprised-what/im1640.png,negative
surprised/surprised-neutral/surprised-what/im1670.png,negative
surprised/surprised-neutral/surprised-what/im1693.png,negative
surprised/surprised-neutral/surprised-what/im1713.png,negative
surprised/surprised-neutral/surprised-what/im1728.png,negative
surprised/surprised-neutral/surprised-what/im1746.png,negative
surprised/surprised-neutral/surprised-what/im1750.png,negative
surprised/surprised-neutral/surprised-what/im1759.png,negative
surprised/surprised-neutral/surprised-what/im1763.png,negative
surprised/surprised-neutral/surprised-what/im1765.png,negative
surprised/surprised-neutral/surprised-what/im1773.png,negative
surprised/surprised-neutral/surprised-what/im1803.png,negative
surprised/surprised-neutral/surprised-what/im1830.png,negative
surprised/surprised-neutral/surprised-what/im1976_1.png,negative
surprised/surprised-neutral/surprised-what/im2015.png,negative
surprised/surprised-neutral/surprised-what/im2038.png,negative
surprised/surprised-neutral/surprised-what/im2053.png,negative
surprised/surprised-neutral/surprised-what/im2057.png,negative
surprised/surprised-neutral/surprised-what/im2151.png,negative
surprised/surprised-neutral/surprised-what/im2152.png,negative
surprised/surprised-neutral/surprised-what/im2183.png,negative
surprised/surprised-neutral/surprised-what/im2194.png,negative
surprised/surprised-neutral/surprised-what/im2199.png,negative
surprised/surprised-neutral/surprised-what/im2208.png,negative
surprised/surprised-neutral/surprised-what/im2216.png,negative
surprised/surprised-neutral/surprised-what/im2244.png,negative
surprised/surprised-neutral/surprised-what/im2295_1.png,negative
surprised/surprised-neutral/surprised-what/im2324.png,negative
surprised/surprised-neutral/surprised-what/im2325.png,negative
surprised/surprised-neutral/surprised-what/im2347.png,negative
surprised/surprised-neutral/surprised-what/im2349.png,negative
surprised/surprised-neutral/surprised-what/im2353.png,negative
surprised/surprised-neutral/surprised-what/im2379.png,negative
surprised/surprised-neutral/surprised-what/im2381.png,negative
surprised/surprised-neutral/surprised-what/im2385.png,negative
surprised/surprised-neutral/surprised-what/im2426.png,negative
surprised/surprised-neutral/surprised-what/im2459_2.png,negative
surprised/surprised-neutral/surprised-what/im2473.png,negative
surprised/surprised-neutral/surprised-what/im2504.png,negative
surprised/surprised-neutral/surprised-what/im2554_2.png,negative
surprised/surprised-neutral/surprised-what/im2610.png,negative
surprised/surprised-neutral/surprised-what/im2635.png,negative
surprised/surprised-neutral/surprised-what/im2646.png,negative
surprised/surprised-neutral/surprised-what/im2650.png,negative
surprised/surprised-neutral/surprised-what/im2666.png,negative
surprised/surprised-neutral/surprised-what/im2675.png,negative
surprised/surprised-neutral/surprised-what/im2702.png,negative
surprised/surprised-neutral/surprised-what/im2712.png,negative
surprised/surprised-neutral/surprised-what/im2726.png,negative
surprised/surprised-neutral/surprised-what/im2797.png,negative
surprised/surprised-neutral/surprised-what/im2829_2.png,negative
surprised/surprised-neutral/surprised-what/im2868_1.png,negative
surprised/surprised-neutral/surprised-what/im2877.png,negative
surprised/surprised-neutral/surprised-what/im2880.png,negative
surprised/surprised-neutral/surprised-what/im2890.png,negative
surprised/surprised-neutral/surprised-what/im2948.png,negative
surprised/surprised-neutral/surprised-what/im2961.png,negative
surprised/surprised-neutral/surprised-what/im3020.png,negative
surprised/surprised-neutral/surprised-what/im3082.png,negative
surprised/surprised-neutral/surprised-what/im3088.png,negative
surprised/surprised-neutral/surprised-what/im3114_1.png,negative
surprised/surprised-neutral/surprised-what/im3486.png,negative
surprised/surprised-neutral/surprised-what/im3993_1.png,negative
surprised/surprised-neutral/surprised-wow/im25.png,negative
surprised/surprised-neutral/surprised-wow/im114.png,negative
surprised/surprised-neutral/surprised-wow/im126.png,negative
surprised/surprised-neutral/surprised-wow/im167.png,negative
surprised/surprised-neutral/surprised-wow/im169.png,negative
surprised/surprised-neutral/surprised-wow/im171.png,negative
surprised/surprised-neutral/surprised-wow/im191_1.png,negative
surprised/surprised-neutral/surprised-wow/im199.png,negative
surprised/surprised-neutral/surprised-wow/im202.png,negative
surprised/surprised-neutral/surprised-wow/im257.png,negative
surprised/surprised-neutral/surprised-wow/im259_1.png,negative
surprised/surprised-neutral/surprised-wow/im289.png,negative
surprised/surprised-neutral/surprised-wow/im305.png,negative
surprised/surprised-neutral/surprised-wow/im306.png,negative
surprised/surprised-neutral/surprised-wow/im366.png,negative
surprised/surprised-neutral/surprised-wow/im368.png,negative
surprised/surprised-neutral/surprised-wow/im372.png,negative
surprised/surprised-neutral/surprised-wow/im376.png,negative
surprised/surprised-neutral/surprised-wow/im378.png,negative
surprised/surprised-neutral/surprised-wow/im390.png,negative
surprised/surprised-neutral/surprised-wow/im410.png,negative
surprised/surprised-neutral/surprised-wow/im440.png,negative
surprised/surprised-neutral/surprised-wow/im447.png,negative
surprised/surprised-neutral/surprised-wow/im448.png,negative
surprised/surprised-neutral/surprised-wow/im455.png,negative
surprised/surprised-neutral/surprised-wow/im456.png,negative
surprised/surprised-neutral/surprised-wow/im460.png,negative
surprised/surprised-neutral/surprised-wow/im466.png,negative
surprised/surprised-neutral/surprised-wow/im479_2.png,negative
surprised/surprised-neutral/surprised-wow/im483.png,negative
surprised/surprised-neutral/surprised-wow/im494.png,negative
surprised/surprised-neutral/surprised-wow/im499.png,negative
surprised/surprised-neutral/surprised-wow/im526.png,negative
surprised/surprised-neutral/surprised-wow/im540.png,negative
surprised/surprised-neutral/surprised-wow/im542.png,negative
surprised/surprised-neutral/surprised-wow/im549.png,negative
surprised/surprised-neutral/surprised-wow/im552.png,negative
surprised/surprised-neutral/surprised-wow/im561.png,negative
surprised/surprised-neutral/surprised-wow/im566.png,negative
surprised/surprised-neutral/surprised-wow/im569.png,negative
surprised/surprised-neutral/surprised-wow/im574.png,negative
surprised/surprised-neutral/surprised-wow/im588.png,negative
surprised/surprised-neutral/surprised-wow/im597.png,negative
surprised/surprised-neutral/surprised-wow/im609.png,negative
surprised/surprised-neutral/surprised-wow/im629.png,negative
surprised/surprised-neutral/surprised-wow/im630.png,negative
surprised/surprised-neutral/surprised-wow/im641.png,negative
surprised/surprised-neutral/surprised-wow/im648.png,negative
surprised/surprised-neutral/surprised-wow/im660.png,negative
surprised/surprised-neutral/surprised-wow/im664.png,negative
surprised/surprised-neutral/surprised-wow/im673.png,negative
surprised/surprised-neutral/surprised-wow/im679.png,negative
surprised/surprised-neutral/surprised-wow/im681.png,negative
surprised/surprised-neutral/surprised-wow/im693.png,negative
surprised/surprised-neutral/surprised-wow/im698.png,negative
surprised/surprised-neutral/surprised-wow/im713.png,negative
surprised/surprised-neutral/surprised-wow/im718.png,negative
surprised/surprised-neutral/surprised-wow/im719.png,negative
surprised/surprised-neutral/surprised-wow/im721.png,negative
surprised/surprised-neutral/surprised-wow/im741.png,negative
surprised/surprised-neutral/surprised-wow/im755.png,negative
surprised/surprised-neutral/surprised-wow/im759.png,negative
surprised/surprised-neutral/surprised-wow/im769.png,negative
surprised/surprised-neutral/surprised-wow/im771.png,negative
surprised/surprised-neutral/surprised-wow/im778.png,negative
surprised/surprised-neutral/surprised-wow/im785.png,negative
surprised/surprised-neutral/surprised-wow/im790.png,negative
surprised/surprised-neutral/surprised-wow/im799.png,negative
surprised/surprised-neutral/surprised-wow/im807.png,negative
surprised/surprised-neutral/surprised-wow/im808.png,negative
surprised/surprised-neutral/surprised-wow/im810.png,negative
surprised/surprised-neutral/surprised-wow/im815.png,negative
surprised/surprised-neutral/surprised-wow/im822.png,negative
surprised/surprised-neutral/surprised-wow/im823_2.png,negative
surprised/surprised-neutral/surprised-wow/im828.png,negative
surprised/surprised-neutral/surprised-wow/im831.png,negative
surprised/surprised-neutral/surprised-wow/im837.png,negative
surprised/surprised-neutral/surprised-wow/im851_1.png,negative
surprised/surprised-neutral/surprised-wow/im856.png,negative
surprised/surprised-neutral/surprised-wow/im862.png,negative
surprised/surprised-neutral/surprised-wow/im873.png,negative
surprised/surprised-neutral/surprised-wow/im903.png,negative
surprised/surprised-neutral/surprised-wow/im904.png,negative
surprised/surprised-neutral/surprised-wow/im915.png,negative
surprised/surprised-neutral/surprised-wow/im920.png,negative
surprised/surprised-neutral/surprised-wow/im932.png,negative
surprised/surprised-neutral/surprised-wow/im939.png,negative
surprised/surprised-neutral/surprised-wow/im957.png,negative
surprised/surprised-neutral/surprised-wow/im968.png,negative
surprised/surprised-neutral/surprised-wow/im969.png,negative
surprised/surprised-neutral/surprised-wow/im974.png,negative
surprised/surprised-neutral/surprised-wow/im984.png,negative
surprised/surprised-neutral/surprised-wow/im989_2.png,negative
surprised/surprised-neutral/surprised-wow/im996.png,negative
surprised/surprised-neutral/surprised-wow/im999.png,negative
surprised/surprised-neutral/surprised-wow/im1011.png,negative
surprised/surprised-neutral/surprised-wow/im1013.png,negative
surprised/surprised-neutral/surprised-wow/im1016.png,negative
surprised/surprised-neutral/surprised-wow/im1019.png,negative
surprised/surprised-neutral/surprised-wow/im1025.png,negative
surprised/surprised-neutral/surprised-wow/im1027.png,negative
surprised/surprised-neutral/surprised-wow/im1029.png,negative
surprised/surprised-neutral/surprised-wow/im1030.png,negative
surprised/surprised-neutral/surprised-wow/im1042.png,negative
surprised/surprised-neutral/surprised-wow/im1043.png,negative
surprised/surprised-neutral/surprised-wow/im1055.png,negative
surprised/surprised-neutral/surprised-wow/im1056.png,negative
surprised/surprised-neutral/surprised-wow/im1063_1.png,negative
surprised/surprised-neutral/surprised-wow/im1083.png,negative
surprised/surprised-neutral/surprised-wow/im1104.png,negative
surprised/surprised-neutral/surprised-wow/im1108.png,negative
surprised/surprised-neutral/surprised-wow/im1167.png,negative
surprised/surprised-neutral/surprised-wow/im1174.png,negative
surprised/surprised-neutral/surprised-wow/im1176.png,negative
surprised/surprised-neutral/surprised-wow/im1188.png,negative
surprised/surprised-neutral/surprised-wow/im1193.png,negative
surprised/surprised-neutral/surprised-wow/im1197.png,negative
surprised/surprised-neutral/surprised-wow/im1201_2.png,negative
surprised/surprised-neutral/surprised-wow/im1214.png,negative
surprised/surprised-neutral/surprised-wow/im1215.png,negative
surprised/surprised-neutral/surprised-wow/im1254.png,negative
surprised/surprised-neutral/surprised-wow/im1261.png,negative
surprised/surprised-neutral/surprised-wow/im1274.png,negative
surprised/surprised-neutral/surprised-wow/im1277.png,negative
surprised/surprised-neutral/surprised-wow/im1302.png,negative
surprised/surprised-neutral/surprised-wow/im1308.png,negative
surprised/surprised-neutral/surprised-wow/im1339.png,negative
surprised/surprised-neutral/surprised-wow/im1358.png,negative
surprised/surprised-neutral/surprised-wow/im1421.png,negative
surprised/surprised-neutral/surprised-wow/im1423.png,negative
surprised/surprised-neutral/surprised-wow/im1472.png,negative
surprised/surprised-neutral/surprised-wow/im1495.png,negative
surprised/surprised-neutral/surprised-wow/im1518.png,negative
surprised/surprised-neutral/surprised-wow/im1520.png,negative
surprised/surprised-neutral/surprised-wow/im1537.png,negative
surprised/surprised-neutral/surprised-wow/im1560.png,negative
surprised/surprised-neutral/surprised-wow/im1561.png,negative
surprised/surprised-neutral/surprised-wow/im1644.png,negative
surprised/surprised-neutral/surprised-wow/im1706.png,negative
surprised/surprised-neutral/surprised-wow/im1736.png,negative
surprised/surprised-neutral/surprised-wow/im1821.png,negative
surprised/surprised-neutral/surprised-wow/im1854.png,negative
surprised/surprised-neutral/surprised-wow/im1866.png,negative
surprised/surprised-neutral/surprised-wow/im1958.png,negative
surprised/surprised-neutral/surprised-wow/im1980.png,negative
surprised/surprised-neutral/surprised-wow/im1985.png,negative
surprised/surprised-neutral/surprised-wow/im1997.png,negative
surprised/surprised-neutral/surprised-wow/im2024.png,negative
surprised/surprised-neutral/surprised-wow/im2033.png,negative
surprised/surprised-neutral/surprised-wow/im2042.png,negative
surprised/surprised-neutral/surprised-wow/im2096.png,negative
surprised/surprised-neutral/surprised-wow/im2143.png,negative
surprised/surprised-neutral/surprised-wow/im2146.png,negative
surprised/surprised-neutral/surprised-wow/im2254.png,negative
surprised/surprised-neutral/surprised-wow/im2338.png,negative
surprised/surprised-neutral/surprised-wow/im2344.png,negative
surprised/surprised-neutral/surprised-wow/im2346_2.png,negative
surprised/surprised-neutral/surprised-wow/im2359_1.png,negative
surprised/surprised-neutral/surprised-wow/im2380.png,negative
surprised/surprised-neutral/surprised-wow/im2404.png,negative
surprised/surprised-neutral/surprised-wow/im2418.png,negative
surprised/surprised-neutral/surprised-wow/im2534.png,negative
surprised/surprised-neutral/surprised-wow/im2618.png,negative
surprised/surprised-neutral/surprised-wow/im2630.png,negative
surprised/surprised-neutral/surprised-wow/im2682.png,negative
surprised/surprised-neutral/surprised-wow/im2729.png,negative
surprised/surprised-neutral/surprised-wow/im2730.png,negative
surprised/surprised-neutral/surprised-wow/im2745.png,negative
surprised/surprised-neutral/surprised-wow/im2752.png,negative
surprised/surprised-neutral/surprised-wow/im2753.png,negative
surprised/surprised-neutral/surprised-wow/im2756.png,negative
surprised/surprised-neutral/surprised-wow/im2760.png,negative
surprised/surprised-neutral/surprised-wow/im2878.png,negative
surprised/surprised-neutral/surprised-wow/im2892.png,negative
surprised/surprised-neutral/surprised-wow/im2896.png,negative
surprised/surprised-neutral/surprised-wow/im2912.png,negative
surprised/surprised-neutral/surprised-wow/im2923.png,negative
surprised/surprised-neutral/surprised-wow/im2953.png,negative
surprised/surprised-neutral/surprised-wow/im3013.png,negative
surprised/surprised-neutral/surprised-wow/im3022.png,negative
surprised/surprised-neutral/surprised-wow/im3091.png,negative
surprised/surprised-neutral/surprised-wow/im3121.png,negative
surprised/surprised-neutral/surprised-wow/im3129.png,negative
surprised/surprised-neutral/surprised-wow/im3165.png,negative
surprised/surprised-neutral/surprised-wow/im3652_1.png,negative
neutral/attention/im2_1.png,neutral
neutral/attention/im7.png,neutral
neutral/attention/im11.png,neutral
neutral/attention/im22_1.png,neutral
neutral/attention/im25.png,neutral
neutral/attention/im36.png,neutral
neutral/attention/im39.png,neutral
neutral/attention/im42_1.png,neutral
neutral/attention/im56.png,neutral
neutral/attention/im63.png,neutral
neutral/attention/im67.png,neutral
neutral/attention/im75_2.png,neutral
neutral/attention/im78.png,neutral
neutral/attention/im80.png,neutral
neutral/attention/im87.png,neutral
neutral/attention/im94_2.png,neutral
neutral/attention/im98.png,neutral
neutral/attention/im111.png,neutral
neutral/attention/im147.png,neutral
neutral/attention/im152_2.png,neutral
neutral/attention/im161.png,neutral
neutral/attention/im164.png,neutral
neutral/attention/im178_1.png,neutral
neutral/attention/im179.png,neutral
neutral/attention/im180.png,neutral
neutral/attention/im187.png,neutral
neutral/attention/im197.png,neutral
neutral/attention/im202.png,neutral
neutral/attention/im202_1.png,neutral
neutral/attention/im203.png,neutral
neutral/attention/im210_1.png,neutral
neutral/attention/im215.png,neutral
neutral/attention/im224_2.png,neutral
neutral/attention/im225.png,neutral
neutral/attention/im245.png,neutral
neutral/attention/im246.png,neutral
neutral/attention/im271.png,neutral
neutral/attention/im272_1.png,neutral
neutral/attention/im276.png,neutral
neutral/attention/im279_1.png,neutral
neutral/attention/im280.png,neutral
neutral/attention/im285.png,neutral
neutral/attention/im308_1.png,neutral
neutral/attention/im315_2.png,neutral
neutral/attention/im332.png,neutral
neutral/attention/im343_1.png,neutral
neutral/attention/im345.png,neutral
neutral/attention/im356.png,neutral
neutral/attention/im365.png,neutral
neutral/attention/im387.png,neutral
neutral/attention/im394.png,neutral
neutral/attention/im404.png,neutral
neutral/attention/im405.png,neutral
neutral/attention/im462.png,neutral
neutral/attention/im466.png,neutral
neutral/attention/im468.png,neutral
neutral/attention/im479.png,neutral
neutral/attention/im488.png,neutral
neutral/attention/im497.png,neutral
neutral/attention/im498.png,neutral
neutral/attention/im513.png,neutral
neutral/attention/im516.png,neutral
neutral/attention/im540.png,neutral
neutral/attention/im546.png,neutral
neutral/attention/im546_1.png,neutral
neutral/attention/im553_2.png,neutral
neutral/attention/im554.png,neutral
neutral/attention/im583.png,neutral
neutral/attention/im587.png,neutral
neutral/attention/im587_2.png,neutral
neutral/attention/im588_2.png,neutral
neutral/attention/im589.png,neutral
neutral/attention/im590.png,neutral
neutral/attention/im593.png,neutral
neutral/attention/im601.png,neutral
neutral/attention/im604_1.png,neutral
neutral/attention/im607_2.png,neutral
neutral/attention/im617.png,neutral
neutral/attention/im621_1.png,neutral
neutral/attention/im635.png,neutral
neutral/attention/im636.png,neutral
neutral/attention/im649.png,neutral
neutral/attention/im673.png,neutral
neutral/attention/im691.png,neutral
neutral/attention/im694.png,neutral
neutral/attention/im702.png,neutral
neutral/attention/im704.png,neutral
neutral/attention/im714_2.png,neutral
neutral/attention/im725_1.png,neutral
neutral/attention/im726_2.png,neutral
neutral/attention/im734.png,neutral
neutral/attention/im740.png,neutral
neutral/attention/im744.png,neutral
neutral/attention/im748.png,neutral
neutral/attention/im764_2.png,neutral
neutral/attention/im771.png,neutral
neutral/attention/im787.png,neutral
neutral/attention/im791.png,neutral
neutral/attention/im804.png,neutral
neutral/attention/im810_2.png,neutral
neutral/attention/im812.png,neutral
neutral/attention/im825.png,neutral
neutral/attention/im859_1.png,neutral
neutral/attention/im883.png,neutral
neutral/attention/im887_2.png,neutral
neutral/attention/im898.png,neutral
neutral/attention/im911_2.png,neutral
neutral/attention/im922.png,neutral
neutral/attention/im940.png,neutral
neutral/attention/im954.png,neutral
neutral/attention/im975_2.png,neutral
neutral/attention/im999.png,neutral
neutral/attention/im1008_1.png,neutral
neutral/attention/im1014.png,neutral
neutral/attention/im1016.png,neutral
neutral/attention/im1024.png,neutral
neutral/attention/im1038.png,neutral
neutral/attention/im1040_1.png,neutral
neutral/attention/im1042.png,neutral
neutral/attention/im1045.png,neutral
neutral/attention/im1053_2.png,neutral
neutral/attention/im1062_2.png,neutral
neutral/attention/im1066.png,neutral
neutral/attention/im1098_2.png,neutral
neutral/attention/im1121_2.png,neutral
neutral/attention/im1126.png,neutral
neutral/attention/im1127.png,neutral
neutral/attention/im1129.png,neutral
neutral/attention/im1145.png,neutral
neutral/attention/im1147.png,neutral
neutral/attention/im1150.png,neutral
neutral/attention/im1154_1.png,neutral
neutral/attention/im1156.png,neutral
neutral/attention/im1162.png,neutral
neutral/attention/im1166.png,neutral
neutral/attention/im1193.png,neutral
neutral/attention/im1205.png,neutral
neutral/attention/im1208.png,neutral
neutral/attention/im1230.png,neutral
neutral/attention/im1270_2.png,neutral
neutral/attention/im1278_1.png,neutral
neutral/attention/im1281.png,neutral
neutral/attention/im1298.png,neutral
neutral/attention/im1304_1.png,neutral
neutral/attention/im1309_2.png,neutral
neutral/attention/im1310_1.png,neutral
neutral/attention/im1314_2.png,neutral
neutral/attention/im1331_2.png,neutral
neutral/attention/im1333.png,neutral
neutral/attention/im1351.png,neutral
neutral/attention/im1352.png,neutral
neutral/attention/im1358_2.png,neutral
neutral/attention/im1359.png,neutral
neutral/attention/im1365_1.png,neutral
neutral/attention/im1374.png,neutral
neutral/attention/im1375_2.png,neutral
neutral/attention/im1392_2.png,neutral
neutral/attention/im1394_1.png,neutral
neutral/attention/im1429_2.png,neutral
neutral/attention/im1449.png,neutral
neutral/attention/im1452.png,neutral
neutral/attention/im1459.png,neutral
neutral/attention/im1463.png,neutral
neutral/attention/im1488.png,neutral
neutral/attention/im1498.png,neutral
neutral/attention/im1506.png,neutral
neutral/attention/im1509.png,neutral
neutral/attention/im1516.png,neutral
neutral/attention/im1517.png,neutral
neutral/attention/im1531_1.png,neutral
neutral/attention/im1536.png,neutral
neutral/attention/im1537.png,neutral
neutral/attention/im1552.png,neutral
neutral/attention/im1582.png,neutral
neutral/attention/im1597.png,neutral
neutral/attention/im1597_1.png,neutral
neutral/attention/im1598_1.png,neutral
neutral/attention/im1599.png,neutral
neutral/attention/im1599_1.png,neutral
neutral/attention/im1616.png,neutral
neutral/attention/im1625.png,neutral
neutral/attention/im1632.png,neutral
neutral/attention/im1665.png,neutral
neutral/attention/im1686_1.png,neutral
neutral/attention/im1691.png,neutral
neutral/attention/im1694_2.png,neutral
neutral/attention/im1706.png,neutral
neutral/attention/im1724.png,neutral
neutral/attention/im1730.png,neutral
neutral/attention/im1742.png,neutral
neutral/attention/im1749_2.png,neutral
neutral/attention/im1759_1.png,neutral
neutral/attention/im1767.png,neutral
neutral/attention/im1771_1.png,neutral
neutral/attention/im1773.png,neutral
neutral/attention/im1788_2.png,neutral
neutral/attention/im1789_2.png,neutral
neutral/attention/im1791.png,neutral
neutral/attention/im1809.png,neutral
neutral/attention/im1816.png,neutral
neutral/attention/im1820_2.png,neutral
neutral/attention/im1824_1.png,neutral
neutral/attention/im1828.png,neutral
neutral/attention/im1828_1.png,neutral
neutral/attention/im1834_2.png,neutral
neutral/attention/im1836.png,neutral
neutral/attention/im1840.png,neutral
neutral/attention/im1842.png,neutral
neutral/attention/im1876.png,neutral
neutral/attention/im1876_2.png,neutral
neutral/attention/im1879_2.png,neutral
neutral/attention/im1904_1.png,neutral
neutral/attention/im1908.png,neutral
neutral/attention/im1911.png,neutral
neutral/attention/im1946.png,neutral
neutral/attention/im1963_1.png,neutral
neutral/attention/im1976.png,neutral
neutral/attention/im1982.png,neutral
neutral/attention/im1996.png,neutral
neutral/attention/im2000.png,neutral
neutral/attention/im2001.png,neutral
neutral/attention/im2011.png,neutral
neutral/attention/im2020.png,neutral
neutral/attention/im2021_1.png,neutral
neutral/attention/im2022_2.png,neutral
neutral/attention/im2028_1.png,neutral
neutral/attention/im2036.png,neutral
neutral/attention/im2037.png,neutral
neutral/attention/im2056.png,neutral
neutral/attention/im2060.png,neutral
neutral/attention/im2067.png,neutral
neutral/attention/im2076_1.png,neutral
neutral/attention/im2078.png,neutral
neutral/attention/im2088.png,neutral
neutral/attention/im2103_1.png,neutral
neutral/attention/im2103_2.png,neutral
neutral/attention/im2122.png,neutral
neutral/attention/im2125.png,neutral
neutral/attention/im2128.png,neutral
neutral/attention/im2129_2.png,neutral
neutral/attention/im2139.png,neutral
neutral/attention/im2164.png,neutral
neutral/attention/im2183.png,neutral
neutral/attention/im2187.png,neutral
neutral/attention/im2197.png,neutral
neutral/attention/im2214.png,neutral
neutral/attention/im2214_3.png,neutral
neutral/attention/im2219.png,neutral
neutral/attention/im2222.png,neutral
neutral/attention/im2229.png,neutral
neutral/attention/im2230.png,neutral
neutral/attention/im2233.png,neutral
neutral/attention/im2250_1.png,neutral
neutral/attention/im2263.png,neutral
neutral/attention/im2279.png,neutral
neutral/attention/im2289_2.png,neutral
neutral/attention/im2322_2.png,neutral
neutral/attention/im2333_1.png,neutral
neutral/attention/im2334.png,neutral
neutral/attention/im2370.png,neutral
neutral/attention/im2374_1.png,neutral
neutral/attention/im2377.png,neutral
neutral/attention/im2381_1.png,neutral
neutral/attention/im2388_2.png,neutral
neutral/attention/im2394.png,neutral
neutral/attention/im2416.png,neutral
neutral/attention/im2416_2.png,neutral
neutral/attention/im2419.png,neutral
neutral/attention/im2420_2.png,neutral
neutral/attention/im2431.png,neutral
neutral/attention/im2431_1.png,neutral
neutral/attention/im2432.png,neutral
neutral/attention/im2438.png,neutral
neutral/attention/im2439_2.png,neutral
neutral/attention/im2448.png,neutral
neutral/attention/im2449.png,neutral
neutral/attention/im2453.png,neutral
neutral/attention/im2463.png,neutral
neutral/attention/im2470.png,neutral
neutral/attention/im2475.png,neutral
neutral/attention/im2495_2.png,neutral
neutral/attention/im2511_2.png,neutral
neutral/attention/im2525.png,neutral
neutral/attention/im2533.png,neutral
neutral/attention/im2537.png,neutral
neutral/attention/im2538_2.png,neutral
neutral/attention/im2577.png,neutral
neutral/attention/im2577_1.png,neutral
neutral/attention/im2578_2.png,neutral
neutral/attention/im2581_2.png,neutral
neutral/attention/im2602_1.png,neutral
neutral/attention/im2609.png,neutral
neutral/attention/im2621.png,neutral
neutral/attention/im2629.png,neutral
neutral/attention/im2641.png,neutral
neutral/attention/im2647.png,neutral
neutral/attention/im2660.png,neutral
neutral/attention/im2671.png,neutral
neutral/attention/im2681_1.png,neutral
neutral/attention/im2683_1.png,neutral
neutral/attention/im2687.png,neutral
neutral/attention/im2692.png,neutral
neutral/attention/im2700.png,neutral
neutral/attention/im2705_1.png,neutral
neutral/attention/im2707.png,neutral
neutral/attention/im2708_1.png,neutral
neutral/attention/im2725.png,neutral
neutral/attention/im2725_2.png,neutral
neutral/attention/im2736_2.png,neutral
neutral/attention/im2751.png,neutral
neutral/attention/im2758.png,neutral
neutral/attention/im2784.png,neutral
neutral/attention/im2785.png,neutral
neutral/attention/im2797.png,neutral
neutral/attention/im2811_1.png,neutral
neutral/attention/im2816_1.png,neutral
neutral/attention/im2818.png,neutral
neutral/attention/im2818_2.png,neutral
neutral/attention/im2827.png,neutral
neutral/attention/im2840.png,neutral
neutral/attention/im2858.png,neutral
neutral/attention/im2865.png,neutral
neutral/attention/im2867.png,neutral
neutral/attention/im2870.png,neutral
neutral/attention/im2877_2.png,neutral
neutral/attention/im2880.png,neutral
neutral/attention/im2895_2.png,neutral
neutral/attention/im2896.png,neutral
neutral/attention/im2897.png,neutral
neutral/attention/im2907.png,neutral
neutral/attention/im2917.png,neutral
neutral/attention/im2918.png,neutral
neutral/attention/im2927.png,neutral
neutral/attention/im2936.png,neutral
neutral/attention/im2949_3.png,neutral
neutral/attention/im2957.png,neutral
neutral/attention/im2961.png,neutral
neutral/attention/im2964.png,neutral
neutral/attention/im2964_1.png,neutral
neutral/attention/im2967.png,neutral
neutral/attention/im2986_2.png,neutral
neutral/attention/im2993.png,neutral
neutral/attention/im2993_1.png,neutral
neutral/attention/im3002.png,neutral
neutral/attention/im3004_3.png,neutral
neutral/attention/im3005_1.png,neutral
neutral/attention/im3016.png,neutral
neutral/attention/im3025.png,neutral
neutral/attention/im3030.png,neutral
neutral/attention/im3032_1.png,neutral
neutral/attention/im3040.png,neutral
neutral/attention/im3047_2.png,neutral
neutral/attention/im3048.png,neutral
neutral/attention/im3053_2.png,neutral
neutral/attention/im3061_2.png,neutral
neutral/attention/im3064_2.png,neutral
neutral/attention/im3068.png,neutral
neutral/attention/im3071.png,neutral
neutral/attention/im3072.png,neutral
neutral/attention/im3082.png,neutral
neutral/attention/im3085.png,neutral
neutral/attention/im3093_1.png,neutral
neutral/attention/im3111.png,neutral
neutral/attention/im3112.png,neutral
neutral/attention/im3124.png,neutral
neutral/attention/im3136_1.png,neutral
neutral/attention/im3157_1.png,neutral
neutral/attention/im3159_1.png,neutral
neutral/attention/im3172_2.png,neutral
neutral/attention/im3179.png,neutral
neutral/attention/im3180.png,neutral
neutral/attention/im3183_1.png,neutral
neutral/attention/im3204.png,neutral
neutral/attention/im3209.png,neutral
neutral/attention/im3216.png,neutral
neutral/attention/im3261.png,neutral
neutral/attention/im3262.png,neutral
neutral/attention/im3262_1.png,neutral
neutral/attention/im3263.png,neutral
neutral/attention/im3270_2.png,neutral
neutral/attention/im3279_2.png,neutral
neutral/attention/im3280.png,neutral
neutral/attention/im3280_1.png,neutral
neutral/attention/im3280_2.png,neutral
neutral/attention/im3282.png,neutral
neutral/attention/im3284.png,neutral
neutral/attention/im3291.png,neutral
neutral/attention/im3293.png,neutral
neutral/attention/im3300_2.png,neutral
neutral/attention/im3305.png,neutral
neutral/attention/im3327.png,neutral
neutral/attention/im3329.png,neutral
neutral/attention/im3333.png,neutral
neutral/attention/im3336_2.png,neutral
neutral/attention/im3339.png,neutral
neutral/attention/im3339_1.png,neutral
neutral/attention/im3340.png,neutral
neutral/attention/im3344_1.png,neutral
neutral/attention/im3350.png,neutral
neutral/attention/im3355.png,neutral
neutral/attention/im3365.png,neutral
neutral/attention/im3365_1.png,neutral
neutral/attention/im3370.png,neutral
neutral/attention/im3372.png,neutral
neutral/attention/im3381_1.png,neutral
neutral/attention/im3388.png,neutral
neutral/attention/im3393_2.png,neutral
neutral/attention/im3396.png,neutral
neutral/attention/im3398.png,neutral
neutral/attention/im3400_1.png,neutral
neutral/attention/im3400_2.png,neutral
neutral/attention/im3419.png,neutral
neutral/attention/im3422_2.png,neutral
neutral/attention/im3431.png,neutral
neutral/attention/im3450.png,neutral
neutral/attention/im3454.png,neutral
neutral/attention/im3458_2.png,neutral
neutral/attention/im3463.png,neutral
neutral/attention/im3493.png,neutral
neutral/attention/im3498_2.png,neutral
neutral/attention/im3531_2.png,neutral
neutral/attention/im3534_1.png,neutral
neutral/attention/im3539_2.png,neutral
neutral/attention/im3542.png,neutral
neutral/attention/im3551.png,neutral
neutral/attention/im3551_2.png,neutral
neutral/attention/im3557.png,neutral
neutral/attention/im3564.png,neutral
neutral/attention/im3578_2.png,neutral
neutral/attention/im3592_1.png,neutral
neutral/attention/im3602_2.png,neutral
neutral/attention/im3615_2.png,neutral
neutral/attention/im3616.png,neutral
neutral/attention/im3618.png,neutral
neutral/attention/im3619.png,neutral
neutral/attention/im3620.png,neutral
neutral/attention/im3621.png,neutral
neutral/attention/im3628.png,neutral
neutral/attention/im3634.png,neutral
neutral/attention/im3657.png,neutral
neutral/attention/im3658.png,neutral
neutral/attention/im3671.png,neutral
neutral/attention/im3671_1.png,neutral
neutral/attention/im3673.png,neutral
neutral/attention/im3674.png,neutral
neutral/attention/im3674_2.png,neutral
neutral/attention/im3677.png,neutral
neutral/attention/im3681.png,neutral
neutral/attention/im3681_1.png,neutral
neutral/attention/im3693_2.png,neutral
neutral/attention/im3701.png,neutral
neutral/attention/im3703.png,neutral
neutral/attention/im3717_2.png,neutral
neutral/attention/im3733.png,neutral
neutral/attention/im3739.png,neutral
neutral/attention/im3746.png,neutral
neutral/attention/im3753.png,neutral
neutral/attention/im3757_3.png,neutral
neutral/attention/im3773.png,neutral
neutral/attention/im3792.png,neutral
neutral/attention/im3802.png,neutral
neutral/attention/im3816_1.png,neutral
neutral/attention/im3818.png,neutral
neutral/attention/im3829.png,neutral
neutral/attention/im3835_2.png,neutral
neutral/attention/im3839_1.png,neutral
neutral/attention/im3843.png,neutral
neutral/attention/im3847.png,neutral
neutral/attention/im3847_1.png,neutral
neutral/attention/im3866.png,neutral
neutral/attention/im3867.png,neutral
neutral/attention/im3871.png,neutral
neutral/attention/im3876_1.png,neutral
neutral/attention/im3879_1.png,neutral
neutral/attention/im3880.png,neutral
neutral/attention/im3889.png,neutral
neutral/attention/im3892_2.png,neutral
neutral/attention/im3898.png,neutral
neutral/attention/im3899.png,neutral
neutral/attention/im3902.png,neutral
neutral/attention/im3902_2.png,neutral
neutral/attention/im3905_1.png,neutral
neutral/attention/im3909_1.png,neutral
neutral/attention/im3910.png,neutral
neutral/attention/im3918_1.png,neutral
neutral/attention/im3930.png,neutral
neutral/attention/im3930_2.png,neutral
neutral/attention/im3958.png,neutral
neutral/attention/im3969_1.png,neutral
neutral/attention/im3979.png,neutral
neutral/attention/im3996_1.png,neutral
neutral/attention/im4038.png,neutral
neutral/attention/im4045.png,neutral
neutral/attention/im4050_1.png,neutral
neutral/attention/im4052.png,neutral
neutral/attention/im4057_1.png,neutral
neutral/attention/im4087.png,neutral
neutral/attention/im4088.png,neutral
neutral/attention/im4144.png,neutral
neutral/attention/im4175.png,neutral
neutral/attention/im4188_1.png,neutral
neutral/attention/im4252.png,neutral
neutral/attention/im4254.png,neutral
neutral/attention/im4260.png,neutral
neutral/attention/im4273_1.png,neutral
neutral/attention/im4283.png,neutral
neutral/attention/im4293_1.png,neutral
neutral/attention/im4297_1.png,neutral
neutral/attention/im4301.png,neutral
neutral/attention/im4317.png,neutral
neutral/attention/im4319.png,neutral
neutral/attention/im4328.png,neutral
neutral/attention/im4344.png,neutral
neutral/attention/im4374.png,neutral
neutral/attention/im4392_1.png,neutral
neutral/attention/im4417.png,neutral
neutral/attention/im4451_1.png,neutral
neutral/attention/im4456.png,neutral
neutral/attention/im4477.png,neutral
neutral/attention/im4491.png,neutral
neutral/attention/im4492.png,neutral
neutral/attention/im4500.png,neutral
neutral/attention/im4520.png,neutral
neutral/attention/im4527.png,neutral
neutral/attention/im4562.png,neutral
neutral/attention/im4564.png,neutral
neutral/attention/im4566_1.png,neutral
neutral/attention/im4597_1.png,neutral
neutral/attention/im4621.png,neutral
neutral/attention/im4635_1.png,neutral
neutral/attention/im4665.png,neutral
neutral/attention/im4680.png,neutral
neutral/attention/im4680_1.png,neutral
neutral/attention/im4687_1.png,neutral
neutral/attention/im4737.png,neutral
neutral/attention/im4750.png,neutral
neutral/attention/im4751_1.png,neutral
neutral/attention/im4762.png,neutral
neutral/attention/im4781.png,neutral
neutral/attention/im4784.png,neutral
neutral/attention/im4788.png,neutral
neutral/attention/im4790.png,neutral
neutral/attention/im4801.png,neutral
neutral/attention/im4815.png,neutral
neutral/attention/im4846.png,neutral
neutral/attention/im4848.png,neutral
neutral/attention/im4888.png,neutral
neutral/attention/im4915_1.png,neutral
neutral/attention/im4939.png,neutral
neutral/attention/im4946.png,neutral
neutral/attention/im5001.png,neutral
neutral/attention/im5095.png,neutral
neutral/attention/im5191.png,neutral
neutral/attention/im5311.png,neutral
neutral/attention/im5324.png,neutral
neutral/attention/im5347.png,neutral
neutral/attention/im5486.png,neutral
neutral/attention/im5528.png,neutral
neutral/attention/im5597.png,neutral
neutral/attention/im5665.png,neutral
neutral/attention/im5668.png,neutral
neutral/attention/im5691.png,neutral
neutral/attention/im5715.png,neutral
neutral/attention/im5738.png,neutral
neutral/attention/im5945.png,neutral
neutral/attention/im6000.png,neutral
neutral/attention/im6002.png,neutral
neutral/attention/im6047.png,neutral
neutral/attention/im6095.png,neutral
neutral/attention/im6165.png,neutral
neutral/attention/im6213.png,neutral
neutral/attention/im6224.png,neutral
neutral/attention/im6230.png,neutral
neutral/attention/im6973.png,neutral
neutral/im1.png,neutral
neutral/im3.png,neutral
neutral/im5.png,neutral
neutral/im6.png,neutral
neutral/im7.png,neutral
neutral/im8.png,neutral
neutral/im8_1.png,neutral
neutral/im9.png,neutral
neutral/im10.png,neutral
neutral/im10_2.png,neutral
neutral/im12.png,neutral
neutral/im13.png,neutral
neutral/im14.png,neutral
neutral/im16.png,neutral
neutral/im17.png,neutral
neutral/im18.png,neutral
neutral/im19.png,neutral
neutral/im20.png,neutral
neutral/im21_2.png,neutral
neutral/im22.png,neutral
neutral/im22_2.png,neutral
neutral/im23.png,neutral
neutral/im23_2.png,neutral
neutral/im24_2.png,neutral
neutral/im25.png,neutral
neutral/im26.png,neutral
neutral/im28_2.png,neutral
neutral/im31_2.png,neutral
neutral/im32_2.png,neutral
neutral/im33.png,neutral
neutral/im34.png,neutral
neutral/im34_2.png,neutral
neutral/im35_2.png,neutral
neutral/im36.png,neutral
neutral/im36_1.png,neutral
neutral/im36_2.png,neutral
neutral/im37.png,neutral
neutral/im39.png,neutral
neutral/im39_1.png,neutral
neutral/im40.png,neutral
neutral/im41.png,neutral
neutral/im42.png,neutral
neutral/im43.png,neutral
neutral/im43_1.png,neutral
neutral/im44.png,neutral
neutral/im44_2.png,neutral
neutral/im45.png,neutral
neutral/im46.png,neutral
neutral/im47.png,neutral
neutral/im48.png,neutral
neutral/im49.png,neutral
neutral/im49_2.png,neutral
neutral/im50.png,neutral
neutral/im51.png,neutral
neutral/im52_1.png,neutral
neutral/im53.png,neutral
neutral/im54.png,neutral
neutral/im54_1.png,neutral
neutral/im55.png,neutral
neutral/im55_1.png,neutral
neutral/im58.png,neutral
neutral/im59.png,neutral
neutral/im59_2.png,neutral
neutral/im60.png,neutral
neutral/im61.png,neutral
neutral/im63.png,neutral
neutral/im64.png,neutral
neutral/im65.png,neutral
neutral/im65_2.png,neutral
neutral/im66.png,neutral
neutral/im68.png,neutral
neutral/im70.png,neutral
neutral/im70_1.png,neutral
neutral/im71.png,neutral
neutral/im74.png,neutral
neutral/im75.png,neutral
neutral/im76.png,neutral
neutral/im78_1.png,neutral
neutral/im79.png,neutral
neutral/im81.png,neutral
neutral/im81_2.png,neutral
neutral/im84.png,neutral
neutral/im86.png,neutral
neutral/im87.png,neutral
neutral/im88.png,neutral
neutral/im89.png,neutral
neutral/im90.png,neutral
neutral/im91.png,neutral
neutral/im94.png,neutral
neutral/im96.png,neutral
neutral/im96_1.png,neutral
neutral/im96_2.png,neutral
neutral/im102_1.png,neutral
neutral/im102_2.png,neutral
neutral/im104.png,neutral
neutral/im107.png,neutral
neutral/im108.png,neutral
neutral/im108_1.png,neutral
neutral/im109.png,neutral
neutral/im109_1.png,neutral
neutral/im110.png,neutral
neutral/im112.png,neutral
neutral/im113.png,neutral
neutral/im114_2.png,neutral
neutral/im115.png,neutral
neutral/im115_2.png,neutral
neutral/im116.png,neutral
neutral/im117.png,neutral
neutral/im118.png,neutral
neutral/im118_2.png,neutral
neutral/im119.png,neutral
neutral/im120.png,neutral
neutral/im121.png,neutral
neutral/im122.png,neutral
neutral/im124.png,neutral
neutral/im124_1.png,neutral
neutral/im125_2.png,neutral
neutral/im126.png,neutral
neutral/im127.png,neutral
neutral/im128.png,neutral
neutral/im129.png,neutral
neutral/im129_1.png,neutral
neutral/im130_2.png,neutral
neutral/im131.png,neutral
neutral/im132.png,neutral
neutral/im133.png,neutral
neutral/im134.png,neutral
neutral/im136.png,neutral
neutral/im136_1.png,neutral
neutral/im136_2.png,neutral
neutral/im139.png,neutral
neutral/im140.png,neutral
neutral/im141.png,neutral
neutral/im142.png,neutral
neutral/im143.png,neutral
neutral/im143_1.png,neutral
neutral/im144.png,neutral
neutral/im145.png,neutral
neutral/im146.png,neutral
neutral/im147.png,neutral
neutral/im147_2.png,neutral
neutral/im148.png,neutral
neutral/im152.png,neutral
neutral/im153.png,neutral
neutral/im155.png,neutral
neutral/im156.png,neutral
neutral/im157.png,neutral
neutral/im158.png,neutral
neutral/im159.png,neutral
neutral/im160.png,neutral
neutral/im161_1.png,neutral
neutral/im162.png,neutral
neutral/im163.png,neutral
neutral/im163_1.png,neutral
neutral/im164.png,neutral
neutral/im165.png,neutral
neutral/im165_2.png,neutral
neutral/im166.png,neutral
neutral/im168.png,neutral
neutral/im171.png,neutral
neutral/im171_1.png,neutral
neutral/im173.png,neutral
neutral/im174.png,neutral
neutral/im175.png,neutral
neutral/im177.png,neutral
neutral/im181.png,neutral
neutral/im181_1.png,neutral
neutral/im182.png,neutral
neutral/im183.png,neutral
neutral/im183_2.png,neutral
neutral/im184.png,neutral
neutral/im185.png,neutral
neutral/im185_1.png,neutral
neutral/im186_1.png,neutral
neutral/im187.png,neutral
neutral/im188_2.png,neutral
neutral/im189.png,neutral
neutral/im189_1.png,neutral
neutral/im189_2.png,neutral
neutral/im190.png,neutral
neutral/im191.png,neutral
neutral/im192.png,neutral
neutral/im193.png,neutral
neutral/im194.png,neutral
neutral/im195.png,neutral
neutral/im196_2.png,neutral
neutral/im198.png,neutral
neutral/im199.png,neutral
neutral/im200.png,neutral
neutral/im201.png,neutral
neutral/im203.png,neutral
neutral/im204.png,neutral
neutral/im205.png,neutral
neutral/im205_1.png,neutral
neutral/im206.png,neutral
neutral/im207.png,neutral
neutral/im207_1.png,neutral
neutral/im208.png,neutral
neutral/im208_2.png,neutral
neutral/im209.png,neutral
neutral/im209_2.png,neutral
neutral/im210.png,neutral
neutral/im211.png,neutral
neutral/im211_2.png,neutral
neutral/im212.png,neutral
neutral/im212_1.png,neutral
neutral/im212_2.png,neutral
neutral/im213.png,neutral
neutral/im214.png,neutral
neutral/im215.png,neutral
neutral/im216.png,neutral
neutral/im217.png,neutral
neutral/im218.png,neutral
neutral/im220.png,neutral
neutral/im222.png,neutral
neutral/im223.png,neutral
neutral/im225.png,neutral
neutral/im226.png,neutral
neutral/im227.png,neutral
neutral/im227_2.png,neutral
neutral/im228.png,neutral
neutral/im228_1.png,neutral
neutral/im229.png,neutral
neutral/im229_1.png,neutral
neutral/im230.png,neutral
neutral/im231.png,neutral
neutral/im231_2.png,neutral
neutral/im233.png,neutral
neutral/im235.png,neutral
neutral/im236.png,neutral
neutral/im238.png,neutral
neutral/im238_2.png,neutral
neutral/im239.png,neutral
neutral/im241_2.png,neutral
neutral/im243.png,neutral
neutral/im246.png,neutral
neutral/im248.png,neutral
neutral/im248_1.png,neutral
neutral/im252.png,neutral
neutral/im253_2.png,neutral
neutral/im254.png,neutral
neutral/im255.png,neutral
neutral/im256.png,neutral
neutral/im256_1.png,neutral
neutral/im256_2.png,neutral
neutral/im257.png,neutral
neutral/im258.png,neutral
neutral/im259.png,neutral
neutral/im260.png,neutral
neutral/im260_2.png,neutral
neutral/im261.png,neutral
neutral/im262.png,neutral
neutral/im263.png,neutral
neutral/im264.png,neutral
neutral/im264_1.png,neutral
neutral/im264_2.png,neutral
neutral/im265.png,neutral
neutral/im265_2.png,neutral
neutral/im268.png,neutral
neutral/im268_2.png,neutral
neutral/im270_2.png,neutral
neutral/im272.png,neutral
neutral/im273.png,neutral
neutral/im274.png,neutral
neutral/im275.png,neutral
neutral/im275_2.png,neutral
neutral/im277.png,neutral
neutral/im278.png,neutral
neutral/im279.png,neutral
neutral/im281.png,neutral
neutral/im281_2.png,neutral
neutral/im283.png,neutral
neutral/im284.png,neutral
neutral/im284_2.png,neutral
neutral/im285.png,neutral
neutral/im286_2.png,neutral
neutral/im287.png,neutral
neutral/im287_1.png,neutral
neutral/im288.png,neutral
neutral/im290.png,neutral
neutral/im290_1.png,neutral
neutral/im291.png,neutral
neutral/im291_1.png,neutral
neutral/im292.png,neutral
neutral/im293.png,neutral
neutral/im294.png,neutral
neutral/im295.png,neutral
neutral/im295_1.png,neutral
neutral/im296.png,neutral
neutral/im296_1.png,neutral
neutral/im297.png,neutral
neutral/im297_2.png,neutral
neutral/im298.png,neutral
neutral/im298_1.png,neutral
neutral/im300_2.png,neutral
neutral/im301.png,neutral
neutral/im301_1.png,neutral
neutral/im302.png,neutral
neutral/im303.png,neutral
neutral/im304.png,neutral
neutral/im305_2.png,neutral
neutral/im306.png,neutral
neutral/im307.png,neutral
neutral/im308.png,neutral
neutral/im309.png,neutral
neutral/im310_2.png,neutral
neutral/im311.png,neutral
neutral/im312.png,neutral
neutral/im315.png,neutral
neutral/im316.png,neutral
neutral/im317.png,neutral
neutral/im317_2.png,neutral
neutral/im318.png,neutral
neutral/im320.png,neutral
neutral/im321.png,neutral
neutral/im322.png,neutral
neutral/im323.png,neutral
neutral/im324.png,neutral
neutral/im324_2.png,neutral
neutral/im325.png,neutral
neutral/im325_2.png,neutral
neutral/im326.png,neutral
neutral/im326_2.png,neutral
neutral/im328.png,neutral
neutral/im328_1.png,neutral
neutral/im329.png,neutral
neutral/im329_2.png,neutral
neutral/im330.png,neutral
neutral/im331.png,neutral
neutral/im333.png,neutral
neutral/im334.png,neutral
neutral/im334_1.png,neutral
neutral/im335.png,neutral
neutral/im335_1.png,neutral
neutral/im335_2.png,neutral
neutral/im335_3.png,neutral
neutral/im336.png,neutral
neutral/im337.png,neutral
neutral/im337_2.png,neutral
neutral/im337_3.png,neutral
neutral/im338.png,neutral
neutral/im338_1.png,neutral
neutral/im338_2.png,neutral
neutral/im340.png,neutral
neutral/im342.png,neutral
neutral/im343_2.png,neutral
neutral/im344.png,neutral
neutral/im345.png,neutral
neutral/im346.png,neutral
neutral/im346_2.png,neutral
neutral/im347.png,neutral
neutral/im348.png,neutral
neutral/im349.png,neutral
neutral/im349_2.png,neutral
neutral/im350.png,neutral
neutral/im351.png,neutral
neutral/im352.png,neutral
neutral/im352_2.png,neutral
neutral/im353.png,neutral
neutral/im354.png,neutral
neutral/im357.png,neutral
neutral/im358.png,neutral
neutral/im360.png,neutral
neutral/im361.png,neutral
neutral/im361_1.png,neutral
neutral/im362.png,neutral
neutral/im363_2.png,neutral
neutral/im364.png,neutral
neutral/im364_2.png,neutral
neutral/im366.png,neutral
neutral/im367.png,neutral
neutral/im368.png,neutral
neutral/im370.png,neutral
neutral/im370_2.png,neutral
neutral/im372.png,neutral
neutral/im373.png,neutral
neutral/im374_3.png,neutral
neutral/im376.png,neutral
neutral/im377.png,neutral
neutral/im378.png,neutral
neutral/im379_1.png,neutral
neutral/im380.png,neutral
neutral/im380_1.png,neutral
neutral/im381.png,neutral
neutral/im383.png,neutral
neutral/im383_2.png,neutral
neutral/im384.png,neutral
neutral/im385.png,neutral
neutral/im386.png,neutral
neutral/im386_2.png,neutral
neutral/im387_1.png,neutral
neutral/im388.png,neutral
neutral/im391.png,neutral
neutral/im391_2.png,neutral
neutral/im394.png,neutral
neutral/im395.png,neutral
neutral/im395_1.png,neutral
neutral/im398.png,neutral
neutral/im398_1.png,neutral
neutral/im400.png,neutral
neutral/im400_2.png,neutral
neutral/im403.png,neutral
neutral/im403_1.png,neutral
neutral/im404.png,neutral
neutral/im406.png,neutral
neutral/im407.png,neutral
neutral/im408.png,neutral
neutral/im409.png,neutral
neutral/im410.png,neutral
neutral/im411.png,neutral
neutral/im411_2.png,neutral
neutral/im412.png,neutral
neutral/im413.png,neutral
neutral/im413_2.png,neutral
neutral/im415.png,neutral
neutral/im417.png,neutral
neutral/im417_1.png,neutral
neutral/im418.png,neutral
neutral/im419.png,neutral
neutral/im420_2.png,neutral
neutral/im421.png,neutral
neutral/im425.png,neutral
neutral/im425_2.png,neutral
neutral/im426.png,neutral
neutral/im426_1.png,neutral
neutral/im428.png,neutral
neutral/im429.png,neutral
neutral/im429_2.png,neutral
neutral/im431.png,neutral
neutral/im432.png,neutral
neutral/im432_1.png,neutral
neutral/im433.png,neutral
neutral/im434.png,neutral
neutral/im435.png,neutral
neutral/im435_1.png,neutral
neutral/im436.png,neutral
neutral/im438.png,neutral
neutral/im438_1.png,neutral
neutral/im439.png,neutral
neutral/im440.png,neutral
neutral/im441.png,neutral
neutral/im442.png,neutral
neutral/im443.png,neutral
neutral/im445.png,neutral
neutral/im445_1.png,neutral
neutral/im446.png,neutral
neutral/im446_1.png,neutral
neutral/im446_2.png,neutral
neutral/im447.png,neutral
neutral/im447_1.png,neutral
neutral/im449_1.png,neutral
neutral/im450_2.png,neutral
neutral/im452.png,neutral
neutral/im453.png,neutral
neutral/im454.png,neutral
neutral/im455.png,neutral
neutral/im457.png,neutral
neutral/im457_2.png,neutral
neutral/im458.png,neutral
neutral/im458_1.png,neutral
neutral/im460.png,neutral
neutral/im461_2.png,neutral
neutral/im462.png,neutral
neutral/im463.png,neutral
neutral/im464.png,neutral
neutral/im466_1.png,neutral
neutral/im467.png,neutral
neutral/im468.png,neutral
neutral/im468_1.png,neutral
neutral/im469.png,neutral
neutral/im469_2.png,neutral
neutral/im470_1.png,neutral
neutral/im470_2.png,neutral
neutral/im471.png,neutral
neutral/im471_1.png,neutral
neutral/im471_2.png,neutral
neutral/im472.png,neutral
neutral/im473.png,neutral
neutral/im474.png,neutral
neutral/im474_2.png,neutral
neutral/im476.png,neutral
neutral/im476_1.png,neutral
neutral/im476_2.png,neutral
neutral/im477.png,neutral
neutral/im478.png,neutral
neutral/im478_2.png,neutral
neutral/im479.png,neutral
neutral/im481.png,neutral
neutral/im483.png,neutral
neutral/im483_1.png,neutral
neutral/im483_2.png,neutral
neutral/im484.png,neutral
neutral/im485.png,neutral
neutral/im485_1.png,neutral
neutral/im486.png,neutral
neutral/im486_1.png,neutral
neutral/im486_2.png,neutral
neutral/im486_3.png,neutral
neutral/im488.png,neutral
neutral/im489_2.png,neutral
neutral/im490.png,neutral
neutral/im491.png,neutral
neutral/im492.png,neutral
neutral/im492_1.png,neutral
neutral/im493_2.png,neutral
neutral/im494.png,neutral
neutral/im495.png,neutral
neutral/im497_1.png,neutral
neutral/im498.png,neutral
neutral/im498_2.png,neutral
neutral/im499.png,neutral
neutral/im499_2.png,neutral
neutral/im500.png,neutral
neutral/im501.png,neutral
neutral/im502.png,neutral
neutral/im503_2.png,neutral
neutral/im504.png,neutral
neutral/im505.png,neutral
neutral/im506.png,neutral
neutral/im507.png,neutral
neutral/im507_1.png,neutral
neutral/im509.png,neutral
neutral/im509_1.png,neutral
neutral/im510.png,neutral
neutral/im511.png,neutral
neutral/im511_1.png,neutral
neutral/im512.png,neutral
neutral/im512_1.png,neutral
neutral/im514.png,neutral
neutral/im514_1.png,neutral
neutral/im515.png,neutral
neutral/im516.png,neutral
neutral/im517.png,neutral
neutral/im518.png,neutral
neutral/im519.png,neutral
neutral/im520.png,neutral
neutral/im521.png,neutral
neutral/im522.png,neutral
neutral/im523.png,neutral
neutral/im523_1.png,neutral
neutral/im524.png,neutral
neutral/im527.png,neutral
neutral/im527_1.png,neutral
neutral/im527_2.png,neutral
neutral/im528.png,neutral
neutral/im529.png,neutral
neutral/im529_1.png,neutral
neutral/im530.png,neutral
neutral/im531.png,neutral
neutral/im532.png,neutral
neutral/im533.png,neutral
neutral/im533_1.png,neutral
neutral/im534.png,neutral
neutral/im534_1.png,neutral
neutral/im535.png,neutral
neutral/im536.png,neutral
neutral/im537.png,neutral
neutral/im539.png,neutral
neutral/im540.png,neutral
neutral/im540_2.png,neutral
neutral/im541.png,neutral
neutral/im542.png,neutral
neutral/im543.png,neutral
neutral/im543_2.png,neutral
neutral/im545.png,neutral
neutral/im547.png,neutral
neutral/im547_1.png,neutral
neutral/im550.png,neutral
neutral/im550_2.png,neutral
neutral/im551.png,neutral
neutral/im552.png,neutral
neutral/im554.png,neutral
neutral/im555.png,neutral
neutral/im555_2.png,neutral
neutral/im556.png,neutral
neutral/im556_1.png,neutral
neutral/im556_2.png,neutral
neutral/im559.png,neutral
neutral/im562.png,neutral
neutral/im562_2.png,neutral
neutral/im563.png,neutral
neutral/im564_1.png,neutral
neutral/im565.png,neutral
neutral/im566.png,neutral
neutral/im567.png,neutral
neutral/im568.png,neutral
neutral/im569_2.png,neutral
neutral/im570.png,neutral
neutral/im572.png,neutral
neutral/im573.png,neutral
neutral/im578.png,neutral
neutral/im579.png,neutral
neutral/im581.png,neutral
neutral/im582_1.png,neutral
neutral/im584.png,neutral
neutral/im585.png,neutral
neutral/im585_1.png,neutral
neutral/im586.png,neutral
neutral/im588.png,neutral
neutral/im591.png,neutral
neutral/im593_1.png,neutral
neutral/im595.png,neutral
neutral/im595_1.png,neutral
neutral/im596.png,neutral
neutral/im596_2.png,neutral
neutral/im598_2.png,neutral
neutral/im599.png,neutral
neutral/im599_2.png,neutral
neutral/im600.png,neutral
neutral/im603_2.png,neutral
neutral/im603_3.png,neutral
neutral/im604.png,neutral
neutral/im604_2.png,neutral
neutral/im606.png,neutral
neutral/im606_2.png,neutral
neutral/im607.png,neutral
neutral/im608.png,neutral
neutral/im609.png,neutral
neutral/im611.png,neutral
neutral/im612.png,neutral
neutral/im613.png,neutral
neutral/im613_1.png,neutral
neutral/im614.png,neutral
neutral/im615.png,neutral
neutral/im615_2.png,neutral
neutral/im617.png,neutral
neutral/im618.png,neutral
neutral/im619.png,neutral
neutral/im620.png,neutral
neutral/im622.png,neutral
neutral/im623.png,neutral
neutral/im623_1.png,neutral
neutral/im625.png,neutral
neutral/im626.png,neutral
neutral/im627.png,neutral
neutral/im629.png,neutral
neutral/im630.png,neutral
neutral/im631.png,neutral
neutral/im632.png,neutral
neutral/im633.png,neutral
neutral/im634.png,neutral
neutral/im634_2.png,neutral
neutral/im636.png,neutral
neutral/im638.png,neutral
neutral/im638_1.png,neutral
neutral/im639.png,neutral
neutral/im641.png,neutral
neutral/im642.png,neutral
neutral/im643_1.png,neutral
neutral/im644.png,neutral
neutral/im644_2.png,neutral
neutral/im646_1.png,neutral
neutral/im647.png,neutral
neutral/im649.png,neutral
neutral/im650.png,neutral
neutral/im650_2.png,neutral
neutral/im652.png,neutral
neutral/im653.png,neutral
neutral/im653_2.png,neutral
neutral/im654.png,neutral
neutral/im655.png,neutral
neutral/im656.png,neutral
neutral/im656_1.png,neutral
neutral/im657.png,neutral
neutral/im657_1.png,neutral
neutral/im658.png,neutral
neutral/im659.png,neutral
neutral/im664_1.png,neutral
neutral/im665.png,neutral
neutral/im665_1.png,neutral
neutral/im665_2.png,neutral
neutral/im667.png,neutral
neutral/im667_2.png,neutral
neutral/im669_2.png,neutral
neutral/im670.png,neutral
neutral/im671.png,neutral
neutral/im671_1.png,neutral
neutral/im671_2.png,neutral
neutral/im672.png,neutral
neutral/im673.png,neutral
neutral/im673_2.png,neutral
neutral/im675.png,neutral
neutral/im676.png,neutral
neutral/im676_2.png,neutral
neutral/im677.png,neutral
neutral/im678.png,neutral
neutral/im679.png,neutral
neutral/im680.png,neutral
neutral/im680_2.png,neutral
neutral/im682.png,neutral
neutral/im683.png,neutral
neutral/im683_1.png,neutral
neutral/im684.png,neutral
neutral/im685.png,neutral
neutral/im686.png,neutral
neutral/im687.png,neutral
neutral/im688.png,neutral
neutral/im689.png,neutral
neutral/im690.png,neutral
neutral/im691.png,neutral
neutral/im691_2.png,neutral
neutral/im692.png,neutral
neutral/im693.png,neutral
neutral/im695.png,neutral
neutral/im696.png,neutral
neutral/im697_1.png,neutral
neutral/im698.png,neutral
neutral/im699.png,neutral
neutral/im700.png,neutral
neutral/im700_1.png,neutral
neutral/im701.png,neutral
neutral/im701_2.png,neutral
neutral/im703.png,neutral
neutral/im707.png,neutral
neutral/im709.png,neutral
neutral/im710.png,neutral
neutral/im710_1.png,neutral
neutral/im710_2.png,neutral
neutral/im711.png,neutral
neutral/im712_2.png,neutral
neutral/im714.png,neutral
neutral/im714_1.png,neutral
neutral/im715.png,neutral
neutral/im715_2.png,neutral
neutral/im716.png,neutral
neutral/im716_1.png,neutral
neutral/im717.png,neutral
neutral/im718_1.png,neutral
neutral/im719.png,neutral
neutral/im720.png,neutral
neutral/im720_2.png,neutral
neutral/im721.png,neutral
neutral/im722.png,neutral
neutral/im724.png,neutral
neutral/im724_1.png,neutral
neutral/im725.png,neutral
neutral/im726.png,neutral
neutral/im726_1.png,neutral
neutral/im727.png,neutral
neutral/im729.png,neutral
neutral/im730_1.png,neutral
neutral/im731.png,neutral
neutral/im732.png,neutral
neutral/im733.png,neutral
neutral/im734_1.png,neutral
neutral/im734_2.png,neutral
neutral/im737.png,neutral
neutral/im738.png,neutral
neutral/im739.png,neutral
neutral/im740.png,neutral
neutral/im740_2.png,neutral
neutral/im741_1.png,neutral
neutral/im743.png,neutral
neutral/im744.png,neutral
neutral/im744_1.png,neutral
neutral/im745.png,neutral
neutral/im745_1.png,neutral
neutral/im746.png,neutral
neutral/im746_1.png,neutral
neutral/im747.png,neutral
neutral/im749.png,neutral
neutral/im752.png,neutral
neutral/im753.png,neutral
neutral/im755.png,neutral
neutral/im756_1.png,neutral
neutral/im757.png,neutral
neutral/im758_1.png,neutral
neutral/im759.png,neutral
neutral/im760.png,neutral
neutral/im762.png,neutral
neutral/im762_1.png,neutral
neutral/im763.png,neutral
neutral/im764.png,neutral
neutral/im764_1.png,neutral
neutral/im765.png,neutral
neutral/im765_1.png,neutral
neutral/im766.png,neutral
neutral/im767.png,neutral
neutral/im769.png,neutral
neutral/im770.png,neutral
neutral/im772.png,neutral
neutral/im772_1.png,neutral
neutral/im773.png,neutral
neutral/im775_2.png,neutral
neutral/im777.png,neutral
neutral/im778.png,neutral
neutral/im778_1.png,neutral
neutral/im779.png,neutral
neutral/im780.png,neutral
neutral/im781.png,neutral
neutral/im781_2.png,neutral
neutral/im782.png,neutral
neutral/im783.png,neutral
neutral/im784.png,neutral
neutral/im784_1.png,neutral
neutral/im785.png,neutral
neutral/im786.png,neutral
neutral/im787.png,neutral
neutral/im788.png,neutral
neutral/im789.png,neutral
neutral/im790.png,neutral
neutral/im792.png,neutral
neutral/im795.png,neutral
neutral/im796.png,neutral
neutral/im798.png,neutral
neutral/im800.png,neutral
neutral/im801.png,neutral
neutral/im802.png,neutral
neutral/im803.png,neutral
neutral/im803_2.png,neutral
neutral/im805.png,neutral
neutral/im806.png,neutral
neutral/im807.png,neutral
neutral/im807_1.png,neutral
neutral/im807_2.png,neutral
neutral/im808_2.png,neutral
neutral/im809.png,neutral
neutral/im811.png,neutral
neutral/im813.png,neutral
neutral/im814.png,neutral
neutral/im814_1.png,neutral
neutral/im816.png,neutral
neutral/im816_2.png,neutral
neutral/im817.png,neutral
neutral/im817_2.png,neutral
neutral/im818.png,neutral
neutral/im818_1.png,neutral
neutral/im819.png,neutral
neutral/im822.png,neutral
neutral/im824.png,neutral
neutral/im825.png,neutral
neutral/im828.png,neutral
neutral/im829.png,neutral
neutral/im829_1.png,neutral
neutral/im830.png,neutral
neutral/im831.png,neutral
neutral/im832_2.png,neutral
neutral/im833.png,neutral
neutral/im833_2.png,neutral
neutral/im834.png,neutral
neutral/im835.png,neutral
neutral/im835_1.png,neutral
neutral/im836.png,neutral
neutral/im836_1.png,neutral
neutral/im837.png,neutral
neutral/im837_2.png,neutral
neutral/im838.png,neutral
neutral/im839.png,neutral
neutral/im840_2.png,neutral
neutral/im841.png,neutral
neutral/im842.png,neutral
neutral/im843.png,neutral
neutral/im843_1.png,neutral
neutral/im844.png,neutral
neutral/im844_1.png,neutral
neutral/im845.png,neutral
neutral/im846.png,neutral
neutral/im846_1.png,neutral
neutral/im847.png,neutral
neutral/im848.png,neutral
neutral/im849.png,neutral
neutral/im850.png,neutral
neutral/im850_2.png,neutral
neutral/im852.png,neutral
neutral/im853.png,neutral
neutral/im853_1.png,neutral
neutral/im854.png,neutral
neutral/im854_1.png,neutral
neutral/im855.png,neutral
neutral/im856.png,neutral
neutral/im857_1.png,neutral
neutral/im858.png,neutral
neutral/im858_2.png,neutral
neutral/im859.png,neutral
neutral/im860.png,neutral
neutral/im861.png,neutral
neutral/im862.png,neutral
neutral/im863.png,neutral
neutral/im864.png,neutral
neutral/im864_1.png,neutral
neutral/im867.png,neutral
neutral/im867_1.png,neutral
neutral/im868.png,neutral
neutral/im869.png,neutral
neutral/im870.png,neutral
neutral/im871.png,neutral
neutral/im873.png,neutral
neutral/im875.png,neutral
neutral/im876.png,neutral
neutral/im878.png,neutral
neutral/im879.png,neutral
neutral/im880.png,neutral
neutral/im881.png,neutral
neutral/im881_2.png,neutral
neutral/im882.png,neutral
neutral/im882_2.png,neutral
neutral/im884.png,neutral
neutral/im885.png,neutral
neutral/im885_1.png,neutral
neutral/im887.png,neutral
neutral/im888.png,neutral
neutral/im889.png,neutral
neutral/im890.png,neutral
neutral/im890_1.png,neutral
neutral/im891.png,neutral
neutral/im892.png,neutral
neutral/im893.png,neutral
neutral/im893_1.png,neutral
neutral/im894.png,neutral
neutral/im896.png,neutral
neutral/im897.png,neutral
neutral/im900.png,neutral
neutral/im901.png,neutral
neutral/im903.png,neutral
neutral/im907.png,neutral
neutral/im907_1.png,neutral
neutral/im908_2.png,neutral
neutral/im909.png,neutral
neutral/im914.png,neutral
neutral/im914_1.png,neutral
neutral/im916.png,neutral
neutral/im917.png,neutral
neutral/im918.png,neutral
neutral/im918_1.png,neutral
neutral/im918_2.png,neutral
neutral/im920.png,neutral
neutral/im922.png,neutral
neutral/im922_2.png,neutral
neutral/im923_2.png,neutral
neutral/im924.png,neutral
neutral/im927.png,neutral
neutral/im928.png,neutral
neutral/im929.png,neutral
neutral/im929_1.png,neutral
neutral/im930.png,neutral
neutral/im931.png,neutral
neutral/im932.png,neutral
neutral/im933.png,neutral
neutral/im934.png,neutral
neutral/im934_1.png,neutral
neutral/im935.png,neutral
neutral/im935_2.png,neutral
neutral/im936.png,neutral
neutral/im937_2.png,neutral
neutral/im938.png,neutral
neutral/im938_1.png,neutral
neutral/im938_2.png,neutral
neutral/im939.png,neutral
neutral/im939_1.png,neutral
neutral/im941.png,neutral
neutral/im941_2.png,neutral
neutral/im942.png,neutral
neutral/im943.png,neutral
neutral/im944.png,neutral
neutral/im944_1.png,neutral
neutral/im945.png,neutral
neutral/im945_1.png,neutral
neutral/im945_2.png,neutral
neutral/im945_3.png,neutral
neutral/im946.png,neutral
neutral/im947.png,neutral
neutral/im949.png,neutral
neutral/im950_2.png,neutral
neutral/im951.png,neutral
neutral/im951_1.png,neutral
neutral/im953.png,neutral
neutral/im955.png,neutral
neutral/im956_2.png,neutral
neutral/im957.png,neutral
neutral/im957_2.png,neutral
neutral/im958.png,neutral
neutral/im958_2.png,neutral
neutral/im959.png,neutral
neutral/im959_1.png,neutral
neutral/im959_3.png,neutral
neutral/im960.png,neutral
neutral/im961.png,neutral
neutral/im962.png,neutral
neutral/im963.png,neutral
neutral/im964.png,neutral
neutral/im967.png,neutral
neutral/im967_2.png,neutral
neutral/im970.png,neutral
neutral/im970_1.png,neutral
neutral/im971.png,neutral
neutral/im973.png,neutral
neutral/im973_2.png,neutral
neutral/im974.png,neutral
neutral/im975.png,neutral
neutral/im977.png,neutral
neutral/im977_1.png,neutral
neutral/im978.png,neutral
neutral/im978_1.png,neutral
neutral/im980.png,neutral
neutral/im980_2.png,neutral
neutral/im981.png,neutral
neutral/im982.png,neutral
neutral/im982_1.png,neutral
neutral/im983.png,neutral
neutral/im983_1.png,neutral
neutral/im984.png,neutral
neutral/im985.png,neutral
neutral/im985_2.png,neutral
neutral/im986.png,neutral
neutral/im987.png,neutral
neutral/im988.png,neutral
neutral/im989_1.png,neutral
neutral/im990.png,neutral
neutral/im991.png,neutral
neutral/im991_1.png,neutral
neutral/im992.png,neutral
neutral/im993.png,neutral
neutral/im993_1.png,neutral
neutral/im993_2.png,neutral
neutral/im994.png,neutral
neutral/im998.png,neutral
neutral/im998_1.png,neutral
neutral/im1000.png,neutral
neutral/im1002.png,neutral
neutral/im1002_2.png,neutral
neutral/im1003.png,neutral
neutral/im1004.png,neutral
neutral/im1005.png,neutral
neutral/im1005_1.png,neutral
neutral/im1006.png,neutral
neutral/im1008.png,neutral
neutral/im1009.png,neutral
neutral/im1010.png,neutral
neutral/im1011.png,neutral
neutral/im1011_1.png,neutral
neutral/im1012.png,neutral
neutral/im1013.png,neutral
neutral/im1014.png,neutral
neutral/im1015.png,neutral
neutral/im1017.png,neutral
neutral/im1018.png,neutral
neutral/im1020.png,neutral
neutral/im1021.png,neutral
neutral/im1022.png,neutral
neutral/im1023_1.png,neutral
neutral/im1025.png,neutral
neutral/im1027.png,neutral
neutral/im1029.png,neutral
neutral/im1029_2.png,neutral
neutral/im1031.png,neutral
neutral/im1032.png,neutral
neutral/im1033.png,neutral
neutral/im1033_2.png,neutral
neutral/im1034.png,neutral
neutral/im1034_2.png,neutral
neutral/im1034_3.png,neutral
neutral/im1036.png,neutral
neutral/im1036_1.png,neutral
neutral/im1037.png,neutral
neutral/im1038.png,neutral
neutral/im1039.png,neutral
neutral/im1041.png,neutral
neutral/im1042.png,neutral
neutral/im1043.png,neutral
neutral/im1044.png,neutral
neutral/im1044_2.png,neutral
neutral/im1045.png,neutral
neutral/im1046.png,neutral
neutral/im1047.png,neutral
neutral/im1048.png,neutral
neutral/im1048_1.png,neutral
neutral/im1049.png,neutral
neutral/im1049_2.png,neutral
neutral/im1050.png,neutral
neutral/im1051.png,neutral
neutral/im1052.png,neutral
neutral/im1053.png,neutral
neutral/im1054.png,neutral
neutral/im1055.png,neutral
neutral/im1056.png,neutral
neutral/im1060.png,neutral
neutral/im1060_1.png,neutral
neutral/im1061.png,neutral
neutral/im1062.png,neutral
neutral/im1063.png,neutral
neutral/im1064.png,neutral
neutral/im1064_1.png,neutral
neutral/im1065.png,neutral
neutral/im1065_2.png,neutral
neutral/im1067.png,neutral
neutral/im1068.png,neutral
neutral/im1069.png,neutral
neutral/im1070.png,neutral
neutral/im1072.png,neutral
neutral/im1075.png,neutral
neutral/im1075_2.png,neutral
neutral/im1076.png,neutral
neutral/im1077.png,neutral
neutral/im1077_1.png,neutral
neutral/im1078.png,neutral
neutral/im1080_1.png,neutral
neutral/im1081.png,neutral
neutral/im1082.png,neutral
neutral/im1082_1.png,neutral
neutral/im1083.png,neutral
neutral/im1083_2.png,neutral
neutral/im1084.png,neutral
neutral/im1085.png,neutral
neutral/im1086.png,neutral
neutral/im1087.png,neutral
neutral/im1088.png,neutral
neutral/im1089.png,neutral
neutral/im1089_1.png,neutral
neutral/im1090.png,neutral
neutral/im1091.png,neutral
neutral/im1091_1.png,neutral
neutral/im1091_2.png,neutral
neutral/im1092.png,neutral
neutral/im1093.png,neutral
neutral/im1093_1.png,neutral
neutral/im1095_2.png,neutral
neutral/im1096.png,neutral
neutral/im1096_1.png,neutral
neutral/im1097_2.png,neutral
neutral/im1098.png,neutral
neutral/im1099.png,neutral
neutral/im1099_1.png,neutral
neutral/im1099_2.png,neutral
neutral/im1102.png,neutral
neutral/im1103.png,neutral
neutral/im1104.png,neutral
neutral/im1104_1.png,neutral
neutral/im1105.png,neutral
neutral/im1107.png,neutral
neutral/im1107_1.png,neutral
neutral/im1108.png,neutral
neutral/im1108_1.png,neutral
neutral/im1108_2.png,neutral
neutral/im1110.png,neutral
neutral/im1111_2.png,neutral
neutral/im1112.png,neutral
neutral/im1115.png,neutral
neutral/im1116.png,neutral
neutral/im1116_1.png,neutral
neutral/im1116_2.png,neutral
neutral/im1117.png,neutral
neutral/im1117_2.png,neutral
neutral/im1119.png,neutral
neutral/im1120.png,neutral
neutral/im1121.png,neutral
neutral/im1122.png,neutral
neutral/im1122_1.png,neutral
neutral/im1123.png,neutral
neutral/im1124.png,neutral
neutral/im1126.png,neutral
neutral/im1127.png,neutral
neutral/im1128.png,neutral
neutral/im1128_2.png,neutral
neutral/im1129.png,neutral
neutral/im1130.png,neutral
neutral/im1131.png,neutral
neutral/im1132.png,neutral
neutral/im1133.png,neutral
neutral/im1133_2.png,neutral
neutral/im1135.png,neutral
neutral/im1137.png,neutral
neutral/im1138.png,neutral
neutral/im1139.png,neutral
neutral/im1140.png,neutral
neutral/im1141.png,neutral
neutral/im1142.png,neutral
neutral/im1144.png,neutral
neutral/im1146_1.png,neutral
neutral/im1146_2.png,neutral
neutral/im1147.png,neutral
neutral/im1148.png,neutral
neutral/im1148_1.png,neutral
neutral/im1149.png,neutral
neutral/im1151.png,neutral
neutral/im1152.png,neutral
neutral/im1152_1.png,neutral
neutral/im1153.png,neutral
neutral/im1154.png,neutral
neutral/im1155.png,neutral
neutral/im1156_2.png,neutral
neutral/im1157.png,neutral
neutral/im1157_1.png,neutral
neutral/im1158_2.png,neutral
neutral/im1159.png,neutral
neutral/im1161.png,neutral
neutral/im1163.png,neutral
neutral/im1163_1.png,neutral
neutral/im1164.png,neutral
neutral/im1166_1.png,neutral
neutral/im1167.png,neutral
neutral/im1167_1.png,neutral
neutral/im1168.png,neutral
neutral/im1170.png,neutral
neutral/im1170_1.png,neutral
neutral/im1170_2.png,neutral
neutral/im1171.png,neutral
neutral/im1172.png,neutral
neutral/im1174.png,neutral
neutral/im1175.png,neutral
neutral/im1175_2.png,neutral
neutral/im1176.png,neutral
neutral/im1177.png,neutral
neutral/im1179.png,neutral
neutral/im1179_1.png,neutral
neutral/im1180.png,neutral
neutral/im1180_2.png,neutral
neutral/im1181.png,neutral
neutral/im1182.png,neutral
neutral/im1182_2.png,neutral
neutral/im1183.png,neutral
neutral/im1183_2.png,neutral
neutral/im1184.png,neutral
neutral/im1184_2.png,neutral
neutral/im1185.png,neutral
neutral/im1185_1.png,neutral
neutral/im1187.png,neutral
neutral/im1188_2.png,neutral
neutral/im1189.png,neutral
neutral/im1190.png,neutral
neutral/im1190_1.png,neutral
neutral/im1192.png,neutral
neutral/im1193.png,neutral
neutral/im1195.png,neutral
neutral/im1196.png,neutral
neutral/im1198.png,neutral
neutral/im1198_2.png,neutral
neutral/im1199.png,neutral
neutral/im1200.png,neutral
neutral/im1201.png,neutral
neutral/im1201_1.png,neutral
neutral/im1202.png,neutral
neutral/im1203.png,neutral
neutral/im1204.png,neutral
neutral/im1204_2.png,neutral
neutral/im1205_2.png,neutral
neutral/im1206.png,neutral
neutral/im1209.png,neutral
neutral/im1210_2.png,neutral
neutral/im1212.png,neutral
neutral/im1213.png,neutral
neutral/im1214.png,neutral
neutral/im1215.png,neutral
neutral/im1216.png,neutral
neutral/im1218.png,neutral
neutral/im1218_1.png,neutral
neutral/im1219.png,neutral
neutral/im1219_2.png,neutral
neutral/im1220.png,neutral
neutral/im1221_2.png,neutral
neutral/im1222.png,neutral
neutral/im1222_1.png,neutral
neutral/im1222_2.png,neutral
neutral/im1223_2.png,neutral
neutral/im1224.png,neutral
neutral/im1226.png,neutral
neutral/im1227.png,neutral
neutral/im1228.png,neutral
neutral/im1230.png,neutral
neutral/im1231.png,neutral
neutral/im1231_1.png,neutral
neutral/im1232.png,neutral
neutral/im1233.png,neutral
neutral/im1234.png,neutral
neutral/im1234_1.png,neutral
neutral/im1235.png,neutral
neutral/im1235_2.png,neutral
neutral/im1236.png,neutral
neutral/im1237.png,neutral
neutral/im1238.png,neutral
neutral/im1239.png,neutral
neutral/im1240.png,neutral
neutral/im1241.png,neutral
neutral/im1242.png,neutral
neutral/im1242_2.png,neutral
neutral/im1244.png,neutral
neutral/im1245.png,neutral
neutral/im1246.png,neutral
neutral/im1246_1.png,neutral
neutral/im1247.png,neutral
neutral/im1248.png,neutral
neutral/im1249.png,neutral
neutral/im1249_1.png,neutral
neutral/im1250.png,neutral
neutral/im1251.png,neutral
neutral/im1252_1.png,neutral
neutral/im1253.png,neutral
neutral/im1254.png,neutral
neutral/im1255.png,neutral
neutral/im1255_2.png,neutral
neutral/im1256.png,neutral
neutral/im1256_1.png,neutral
neutral/im1256_2.png,neutral
neutral/im1257.png,neutral
neutral/im1258.png,neutral
neutral/im1259.png,neutral
neutral/im1260.png,neutral
neutral/im1260_2.png,neutral
neutral/im1262.png,neutral
neutral/im1263_2.png,neutral
neutral/im1264.png,neutral
neutral/im1265.png,neutral
neutral/im1268_2.png,neutral
neutral/im1269.png,neutral
neutral/im1270.png,neutral
neutral/im1272.png,neutral
neutral/im1274.png,neutral
neutral/im1276.png,neutral
neutral/im1277.png,neutral
neutral/im1281.png,neutral
neutral/im1283.png,neutral
neutral/im1283_2.png,neutral
neutral/im1284.png,neutral
neutral/im1285.png,neutral
neutral/im1286.png,neutral
neutral/im1287.png,neutral
neutral/im1288.png,neutral
neutral/im1288_1.png,neutral
neutral/im1288_2.png,neutral
neutral/im1290_1.png,neutral
neutral/im1291.png,neutral
neutral/im1291_1.png,neutral
neutral/im1292.png,neutral
neutral/im1292_1.png,neutral
neutral/im1293_2.png,neutral
neutral/im1294.png,neutral
neutral/im1294_2.png,neutral
neutral/im1295.png,neutral
neutral/im1296.png,neutral
neutral/im1297.png,neutral
neutral/im1297_2.png,neutral
neutral/im1298.png,neutral
neutral/im1299.png,neutral
neutral/im1300.png,neutral
neutral/im1300_1.png,neutral
neutral/im1301.png,neutral
neutral/im1302_1.png,neutral
neutral/im1303_2.png,neutral
neutral/im1304.png,neutral
neutral/im1305.png,neutral
neutral/im1305_1.png,neutral
neutral/im1306.png,neutral
neutral/im1306_1.png,neutral
neutral/im1307.png,neutral
neutral/im1307_2.png,neutral
neutral/im1307_3.png,neutral
neutral/im1308.png,neutral
neutral/im1309.png,neutral
neutral/im1312.png,neutral
neutral/im1314.png,neutral
neutral/im1314_1.png,neutral
neutral/im1315.png,neutral
neutral/im1316.png,neutral
neutral/im1317.png,neutral
neutral/im1319.png,neutral
neutral/im1319_1.png,neutral
neutral/im1320.png,neutral
neutral/im1323.png,neutral
neutral/im1324.png,neutral
neutral/im1325.png,neutral
neutral/im1326.png,neutral
neutral/im1328.png,neutral
neutral/im1329.png,neutral
neutral/im1330.png,neutral
neutral/im1330_2.png,neutral
neutral/im1331.png,neutral
neutral/im1332_1.png,neutral
neutral/im1333.png,neutral
neutral/im1334.png,neutral
neutral/im1335.png,neutral
neutral/im1336.png,neutral
neutral/im1338.png,neutral
neutral/im1338_1.png,neutral
neutral/im1338_2.png,neutral
neutral/im1339.png,neutral
neutral/im1339_1.png,neutral
neutral/im1340.png,neutral
neutral/im1341.png,neutral
neutral/im1342.png,neutral
neutral/im1343.png,neutral
neutral/im1344.png,neutral
neutral/im1345.png,neutral
neutral/im1346.png,neutral
neutral/im1347.png,neutral
neutral/im1348.png,neutral
neutral/im1349.png,neutral
neutral/im1349_2.png,neutral
neutral/im1354.png,neutral
neutral/im1354_1.png,neutral
neutral/im1355.png,neutral
neutral/im1355_2.png,neutral
neutral/im1356.png,neutral
neutral/im1356_1.png,neutral
neutral/im1357.png,neutral
neutral/im1357_1.png,neutral
neutral/im1358.png,neutral
neutral/im1358_1.png,neutral
neutral/im1360.png,neutral
neutral/im1361.png,neutral
neutral/im1362.png,neutral
neutral/im1363.png,neutral
neutral/im1363_2.png,neutral
neutral/im1364.png,neutral
neutral/im1364_2.png,neutral
neutral/im1365.png,neutral
neutral/im1366.png,neutral
neutral/im1367.png,neutral
neutral/im1368.png,neutral
neutral/im1369.png,neutral
neutral/im1369_1.png,neutral
neutral/im1369_2.png,neutral
neutral/im1370.png,neutral
neutral/im1371.png,neutral
neutral/im1371_2.png,neutral
neutral/im1373.png,neutral
neutral/im1374.png,neutral
neutral/im1375.png,neutral
neutral/im1378.png,neutral
neutral/im1378_1.png,neutral
neutral/im1379.png,neutral
neutral/im1380.png,neutral
neutral/im1381.png,neutral
neutral/im1381_2.png,neutral
neutral/im1382.png,neutral
neutral/im1383.png,neutral
neutral/im1384.png,neutral
neutral/im1384_2.png,neutral
neutral/im1385.png,neutral
neutral/im1386.png,neutral
neutral/im1388.png,neutral
neutral/im1389.png,neutral
neutral/im1389_2.png,neutral
neutral/im1390.png,neutral
neutral/im1390_1.png,neutral
neutral/im1390_2.png,neutral
neutral/im1391.png,neutral
neutral/im1391_2.png,neutral
neutral/im1392.png,neutral
neutral/im1394.png,neutral
neutral/im1394_1.png,neutral
neutral/im1394_2.png,neutral
neutral/im1395.png,neutral
neutral/im1396_1.png,neutral
neutral/im1397.png,neutral
neutral/im1398.png,neutral
neutral/im1399_2.png,neutral
neutral/im1400.png,neutral
neutral/im1401.png,neutral
neutral/im1401_2.png,neutral
neutral/im1402.png,neutral
neutral/im1403.png,neutral
neutral/im1404.png,neutral
neutral/im1405.png,neutral
neutral/im1405_2.png,neutral
neutral/im1406_1.png,neutral
neutral/im1406_2.png,neutral
neutral/im1408.png,neutral
neutral/im1409.png,neutral
neutral/im1409_1.png,neutral
neutral/im1409_2.png,neutral
neutral/im1410.png,neutral
neutral/im1410_1.png,neutral
neutral/im1411.png,neutral
neutral/im1412.png,neutral
neutral/im1412_2.png,neutral
neutral/im1412_3.png,neutral
neutral/im1413.png,neutral
neutral/im1414.png,neutral
neutral/im1414_2.png,neutral
neutral/im1415.png,neutral
neutral/im1417.png,neutral
neutral/im1417_1.png,neutral
neutral/im1417_2.png,neutral
neutral/im1418.png,neutral
neutral/im1419.png,neutral
neutral/im1419_2.png,neutral
neutral/im1420.png,neutral
neutral/im1421.png,neutral
neutral/im1422.png,neutral
neutral/im1422_1.png,neutral
neutral/im1423.png,neutral
neutral/im1424.png,neutral
neutral/im1425.png,neutral
neutral/im1425_1.png,neutral
neutral/im1427.png,neutral
neutral/im1427_2.png,neutral
neutral/im1428.png,neutral
neutral/im1429.png,neutral
neutral/im1429_1.png,neutral
neutral/im1430.png,neutral
neutral/im1431.png,neutral
neutral/im1432.png,neutral
neutral/im1433.png,neutral
neutral/im1438.png,neutral
neutral/im1438_2.png,neutral
neutral/im1439.png,neutral
neutral/im1440_1.png,neutral
neutral/im1440_2.png,neutral
neutral/im1441.png,neutral
neutral/im1442.png,neutral
neutral/im1442_2.png,neutral
neutral/im1444_1.png,neutral
neutral/im1446.png,neutral
neutral/im1447.png,neutral
neutral/im1448.png,neutral
neutral/im1449_1.png,neutral
neutral/im1451.png,neutral
neutral/im1452_2.png,neutral
neutral/im1453.png,neutral
neutral/im1454.png,neutral
neutral/im1454_1.png,neutral
neutral/im1455.png,neutral
neutral/im1456.png,neutral
neutral/im1457.png,neutral
neutral/im1458.png,neutral
neutral/im1459.png,neutral
neutral/im1460.png,neutral
neutral/im1460_2.png,neutral
neutral/im1461.png,neutral
neutral/im1462.png,neutral
neutral/im1462_1.png,neutral
neutral/im1463.png,neutral
neutral/im1463_2.png,neutral
neutral/im1464.png,neutral
neutral/im1464_1.png,neutral
neutral/im1465.png,neutral
neutral/im1466.png,neutral
neutral/im1466_1.png,neutral
neutral/im1467.png,neutral
neutral/im1467_1.png,neutral
neutral/im1468.png,neutral
neutral/im1469.png,neutral
neutral/im1469_2.png,neutral
neutral/im1470.png,neutral
neutral/im1471.png,neutral
neutral/im1471_1.png,neutral
neutral/im1472.png,neutral
neutral/im1472_1.png,neutral
neutral/im1472_2.png,neutral
neutral/im1474.png,neutral
neutral/im1475.png,neutral
neutral/im1476.png,neutral
neutral/im1477.png,neutral
neutral/im1477_1.png,neutral
neutral/im1477_2.png,neutral
neutral/im1478.png,neutral
neutral/im1478_2.png,neutral
neutral/im1479.png,neutral
neutral/im1479_2.png,neutral
neutral/im1480.png,neutral
neutral/im1480_1.png,neutral
neutral/im1481.png,neutral
neutral/im1484_2.png,neutral
neutral/im1485.png,neutral
neutral/im1486.png,neutral
neutral/im1487.png,neutral
neutral/im1487_1.png,neutral
neutral/im1490.png,neutral
neutral/im1491.png,neutral
neutral/im1492.png,neutral
neutral/im1493_2.png,neutral
neutral/im1494.png,neutral
neutral/im1494_1.png,neutral
neutral/im1495.png,neutral
neutral/im1496_1.png,neutral
neutral/im1498.png,neutral
neutral/im1499.png,neutral
neutral/im1501.png,neutral
neutral/im1503.png,neutral
neutral/im1504.png,neutral
neutral/im1505.png,neutral
neutral/im1505_2.png,neutral
neutral/im1507.png,neutral
neutral/im1508.png,neutral
neutral/im1509_2.png,neutral
neutral/im1510.png,neutral
neutral/im1511_2.png,neutral
neutral/im1512.png,neutral
neutral/im1514.png,neutral
neutral/im1514_2.png,neutral
neutral/im1515.png,neutral
neutral/im1518.png,neutral
neutral/im1519.png,neutral
neutral/im1520.png,neutral
neutral/im1520_1.png,neutral
neutral/im1521.png,neutral
neutral/im1522.png,neutral
neutral/im1524.png,neutral
neutral/im1525.png,neutral
neutral/im1526.png,neutral
neutral/im1526_1.png,neutral
neutral/im1526_2.png,neutral
neutral/im1527.png,neutral
neutral/im1528.png,neutral
neutral/im1528_1.png,neutral
neutral/im1529.png,neutral
neutral/im1531.png,neutral
neutral/im1534.png,neutral
neutral/im1534_1.png,neutral
neutral/im1535.png,neutral
neutral/im1536.png,neutral
neutral/im1537_1.png,neutral
neutral/im1538.png,neutral
neutral/im1539.png,neutral
neutral/im1539_2.png,neutral
neutral/im1540.png,neutral
neutral/im1541.png,neutral
neutral/im1542_1.png,neutral
neutral/im1543.png,neutral
neutral/im1544.png,neutral
neutral/im1545.png,neutral
neutral/im1546.png,neutral
neutral/im1547.png,neutral
neutral/im1548.png,neutral
neutral/im1548_1.png,neutral
neutral/im1549.png,neutral
neutral/im1549_1.png,neutral
neutral/im1550_1.png,neutral
neutral/im1551.png,neutral
neutral/im1553.png,neutral
neutral/im1553_1.png,neutral
neutral/im1554.png,neutral
neutral/im1554_1.png,neutral
neutral/im1555.png,neutral
neutral/im1556.png,neutral
neutral/im1559.png,neutral
neutral/im1559_1.png,neutral
neutral/im1560.png,neutral
neutral/im1561.png,neutral
neutral/im1561_1.png,neutral
neutral/im1562.png,neutral
neutral/im1563.png,neutral
neutral/im1564.png,neutral
neutral/im1565.png,neutral
neutral/im1566.png,neutral
neutral/im1568.png,neutral
neutral/im1569.png,neutral
neutral/im1570.png,neutral
neutral/im1571_1.png,neutral
neutral/im1572.png,neutral
neutral/im1572_1.png,neutral
neutral/im1573_1.png,neutral
neutral/im1574.png,neutral
neutral/im1575.png,neutral
neutral/im1576.png,neutral
neutral/im1577.png,neutral
neutral/im1578.png,neutral
neutral/im1578_1.png,neutral
neutral/im1578_2.png,neutral
neutral/im1579.png,neutral
neutral/im1580.png,neutral
neutral/im1582.png,neutral
neutral/im1583.png,neutral
neutral/im1584.png,neutral
neutral/im1586_2.png,neutral
neutral/im1587.png,neutral
neutral/im1588.png,neutral
neutral/im1588_1.png,neutral
neutral/im1589.png,neutral
neutral/im1589_1.png,neutral
neutral/im1590.png,neutral
neutral/im1590_1.png,neutral
neutral/im1590_2.png,neutral
neutral/im1591.png,neutral
neutral/im1592.png,neutral
neutral/im1593.png,neutral
neutral/im1594.png,neutral
neutral/im1594_1.png,neutral
neutral/im1594_2.png,neutral
neutral/im1595.png,neutral
neutral/im1598.png,neutral
neutral/im1601.png,neutral
neutral/im1602.png,neutral
neutral/im1604_2.png,neutral
neutral/im1605.png,neutral
neutral/im1606.png,neutral
neutral/im1607.png,neutral
neutral/im1608.png,neutral
neutral/im1609.png,neutral
neutral/im1610.png,neutral
neutral/im1611.png,neutral
neutral/im1612.png,neutral
neutral/im1612_2.png,neutral
neutral/im1614.png,neutral
neutral/im1615.png,neutral
neutral/im1619.png,neutral
neutral/im1620.png,neutral
neutral/im1621.png,neutral
neutral/im1621_2.png,neutral
neutral/im1622.png,neutral
neutral/im1622_2.png,neutral
neutral/im1623.png,neutral
neutral/im1624.png,neutral
neutral/im1624_1.png,neutral
neutral/im1626.png,neutral
neutral/im1627.png,neutral
neutral/im1628.png,neutral
neutral/im1629.png,neutral
neutral/im1630.png,neutral
neutral/im1630_1.png,neutral
neutral/im1631.png,neutral
neutral/im1632.png,neutral
neutral/im1633.png,neutral
neutral/im1633_1.png,neutral
neutral/im1634.png,neutral
neutral/im1635.png,neutral
neutral/im1636.png,neutral
neutral/im1637.png,neutral
neutral/im1638_1.png,neutral
neutral/im1639.png,neutral
neutral/im1640.png,neutral
neutral/im1641.png,neutral
neutral/im1642.png,neutral
neutral/im1643.png,neutral
neutral/im1644.png,neutral
neutral/im1644_1.png,neutral
neutral/im1645.png,neutral
neutral/im1645_2.png,neutral
neutral/im1647.png,neutral
neutral/im1647_1.png,neutral
neutral/im1649.png,neutral
neutral/im1650.png,neutral
neutral/im1653_1.png,neutral
neutral/im1654.png,neutral
neutral/im1655.png,neutral
neutral/im1656.png,neutral
neutral/im1658.png,neutral
neutral/im1660.png,neutral
neutral/im1661.png,neutral
neutral/im1661_1.png,neutral
neutral/im1662.png,neutral
neutral/im1663.png,neutral
neutral/im1664.png,neutral
neutral/im1664_1.png,neutral
neutral/im1664_2.png,neutral
neutral/im1664_3.png,neutral
neutral/im1665.png,neutral
neutral/im1666.png,neutral
neutral/im1668.png,neutral
neutral/im1669.png,neutral
neutral/im1669_2.png,neutral
neutral/im1670.png,neutral
neutral/im1670_1.png,neutral
neutral/im1671_1.png,neutral
neutral/im1672.png,neutral
neutral/im1672_1.png,neutral
neutral/im1673.png,neutral
neutral/im1674.png,neutral
neutral/im1674_1.png,neutral
neutral/im1675.png,neutral
neutral/im1675_2.png,neutral
neutral/im1676_1.png,neutral
neutral/im1677.png,neutral
neutral/im1678_1.png,neutral
neutral/im1679.png,neutral
neutral/im1680.png,neutral
neutral/im1681.png,neutral
neutral/im1682.png,neutral
neutral/im1682_1.png,neutral
neutral/im1682_2.png,neutral
neutral/im1683.png,neutral
neutral/im1683_1.png,neutral
neutral/im1683_2.png,neutral
neutral/im1684.png,neutral
neutral/im1685.png,neutral
neutral/im1687.png,neutral
neutral/im1688.png,neutral
neutral/im1688_1.png,neutral
neutral/im1691.png,neutral
neutral/im1691_1.png,neutral
neutral/im1692.png,neutral
neutral/im1692_2.png,neutral
neutral/im1693.png,neutral
neutral/im1693_1.png,neutral
neutral/im1694.png,neutral
neutral/im1695.png,neutral
neutral/im1696.png,neutral
neutral/im1696_1.png,neutral
neutral/im1696_2.png,neutral
neutral/im1697.png,neutral
neutral/im1698.png,neutral
neutral/im1698_2.png,neutral
neutral/im1699.png,neutral
neutral/im1699_1.png,neutral
neutral/im1700.png,neutral
neutral/im1701.png,neutral
neutral/im1701_1.png,neutral
neutral/im1702.png,neutral
neutral/im1703_1.png,neutral
neutral/im1704.png,neutral
neutral/im1705.png,neutral
neutral/im1708.png,neutral
neutral/im1708_2.png,neutral
neutral/im1709.png,neutral
neutral/im1709_1.png,neutral
neutral/im1709_2.png,neutral
neutral/im1710.png,neutral
neutral/im1711.png,neutral
neutral/im1711_1.png,neutral
neutral/im1712.png,neutral
neutral/im1712_1.png,neutral
neutral/im1713.png,neutral
neutral/im1714.png,neutral
neutral/im1715.png,neutral
neutral/im1716.png,neutral
neutral/im1719.png,neutral
neutral/im1720.png,neutral
neutral/im1720_1.png,neutral
neutral/im1722.png,neutral
neutral/im1722_1.png,neutral
neutral/im1723.png,neutral
neutral/im1724.png,neutral
neutral/im1725.png,neutral
neutral/im1725_1.png,neutral
neutral/im1726.png,neutral
neutral/im1727.png,neutral
neutral/im1727_1.png,neutral
neutral/im1728.png,neutral
neutral/im1729_2.png,neutral
neutral/im1731.png,neutral
neutral/im1731_1.png,neutral
neutral/im1732.png,neutral
neutral/im1732_2.png,neutral
neutral/im1733.png,neutral
neutral/im1733_2.png,neutral
neutral/im1734.png,neutral
neutral/im1735.png,neutral
neutral/im1736.png,neutral
neutral/im1737.png,neutral
neutral/im1738.png,neutral
neutral/im1738_1.png,neutral
neutral/im1738_2.png,neutral
neutral/im1739.png,neutral
neutral/im1740.png,neutral
neutral/im1740_1.png,neutral
neutral/im1741.png,neutral
neutral/im1743.png,neutral
neutral/im1745.png,neutral
neutral/im1746.png,neutral
neutral/im1746_1.png,neutral
neutral/im1747.png,neutral
neutral/im1748.png,neutral
neutral/im1748_1.png,neutral
neutral/im1749.png,neutral
neutral/im1750.png,neutral
neutral/im1751.png,neutral
neutral/im1751_1.png,neutral
neutral/im1752.png,neutral
neutral/im1753.png,neutral
neutral/im1754.png,neutral
neutral/im1754_1.png,neutral
neutral/im1754_2.png,neutral
neutral/im1755.png,neutral
neutral/im1756.png,neutral
neutral/im1757.png,neutral
neutral/im1758.png,neutral
neutral/im1758_1.png,neutral
neutral/im1759.png,neutral
neutral/im1760.png,neutral
neutral/im1762.png,neutral
neutral/im1763.png,neutral
neutral/im1764.png,neutral
neutral/im1764_1.png,neutral
neutral/im1764_2.png,neutral
neutral/im1765.png,neutral
neutral/im1766.png,neutral
neutral/im1766_1.png,neutral
neutral/im1768.png,neutral
neutral/im1768_1.png,neutral
neutral/im1769.png,neutral
neutral/im1769_1.png,neutral
neutral/im1770.png,neutral
neutral/im1770_1.png,neutral
neutral/im1772.png,neutral
neutral/im1772_1.png,neutral
neutral/im1775.png,neutral
neutral/im1776.png,neutral
neutral/im1777.png,neutral
neutral/im1778.png,neutral
neutral/im1778_1.png,neutral
neutral/im1778_2.png,neutral
neutral/im1779.png,neutral
neutral/im1780.png,neutral
neutral/im1780_1.png,neutral
neutral/im1781.png,neutral
neutral/im1782_2.png,neutral
neutral/im1783.png,neutral
neutral/im1784.png,neutral
neutral/im1784_1.png,neutral
neutral/im1785.png,neutral
neutral/im1785_2.png,neutral
neutral/im1786.png,neutral
neutral/im1786_2.png,neutral
neutral/im1788.png,neutral
neutral/im1788_1.png,neutral
neutral/im1788_3.png,neutral
neutral/im1789.png,neutral
neutral/im1790.png,neutral
neutral/im1790_1.png,neutral
neutral/im1792.png,neutral
neutral/im1793.png,neutral
neutral/im1795.png,neutral
neutral/im1797.png,neutral
neutral/im1797_1.png,neutral
neutral/im1798.png,neutral
neutral/im1798_1.png,neutral
neutral/im1799.png,neutral
neutral/im1799_1.png,neutral
neutral/im1801.png,neutral
neutral/im1802_2.png,neutral
neutral/im1803.png,neutral
neutral/im1803_1.png,neutral
neutral/im1804.png,neutral
neutral/im1805.png,neutral
neutral/im1806.png,neutral
neutral/im1806_1.png,neutral
neutral/im1811.png,neutral
neutral/im1814.png,neutral
neutral/im1814_1.png,neutral
neutral/im1815.png,neutral
neutral/im1816.png,neutral
neutral/im1816_2.png,neutral
neutral/im1819.png,neutral
neutral/im1819_2.png,neutral
neutral/im1820.png,neutral
neutral/im1820_1.png,neutral
neutral/im1821.png,neutral
neutral/im1821_1.png,neutral
neutral/im1823.png,neutral
neutral/im1824_2.png,neutral
neutral/im1825.png,neutral
neutral/im1825_2.png,neutral
neutral/im1826.png,neutral
neutral/im1827.png,neutral
neutral/im1827_2.png,neutral
neutral/im1829.png,neutral
neutral/im1831.png,neutral
neutral/im1833.png,neutral
neutral/im1834_1.png,neutral
neutral/im1835.png,neutral
neutral/im1837.png,neutral
neutral/im1839_2.png,neutral
neutral/im1841.png,neutral
neutral/im1843.png,neutral
neutral/im1844.png,neutral
neutral/im1845.png,neutral
neutral/im1845_1.png,neutral
neutral/im1846.png,neutral
neutral/im1847.png,neutral
neutral/im1847_1.png,neutral
neutral/im1847_2.png,neutral
neutral/im1848.png,neutral
neutral/im1849.png,neutral
neutral/im1849_1.png,neutral
neutral/im1850.png,neutral
neutral/im1850_2.png,neutral
neutral/im1851.png,neutral
neutral/im1851_2.png,neutral
neutral/im1852.png,neutral
neutral/im1853.png,neutral
neutral/im1853_1.png,neutral
neutral/im1854.png,neutral
neutral/im1855_2.png,neutral
neutral/im1857.png,neutral
neutral/im1858.png,neutral
neutral/im1858_2.png,neutral
neutral/im1859.png,neutral
neutral/im1860.png,neutral
neutral/im1861_2.png,neutral
neutral/im1862.png,neutral
neutral/im1862_2.png,neutral
neutral/im1864.png,neutral
neutral/im1864_2.png,neutral
neutral/im1865.png,neutral
neutral/im1865_2.png,neutral
neutral/im1866.png,neutral
neutral/im1867_2.png,neutral
neutral/im1867_3.png,neutral
neutral/im1868.png,neutral
neutral/im1869.png,neutral
neutral/im1871.png,neutral
neutral/im1871_1.png,neutral
neutral/im1872.png,neutral
neutral/im1874.png,neutral
neutral/im1875_1.png,neutral
neutral/im1876.png,neutral
neutral/im1877.png,neutral
neutral/im1878.png,neutral
neutral/im1879.png,neutral
neutral/im1882.png,neutral
neutral/im1882_1.png,neutral
neutral/im1883.png,neutral
neutral/im1883_2.png,neutral
neutral/im1884.png,neutral
neutral/im1886.png,neutral
neutral/im1887.png,neutral
neutral/im1888.png,neutral
neutral/im1888_1.png,neutral
neutral/im1888_2.png,neutral
neutral/im1889.png,neutral
neutral/im1890_2.png,neutral
neutral/im1891.png,neutral
neutral/im1891_2.png,neutral
neutral/im1892.png,neutral
neutral/im1893.png,neutral
neutral/im1894.png,neutral
neutral/im1895.png,neutral
neutral/im1895_1.png,neutral
neutral/im1895_2.png,neutral
neutral/im1896.png,neutral
neutral/im1896_1.png,neutral
neutral/im1897.png,neutral
neutral/im1898.png,neutral
neutral/im1899.png,neutral
neutral/im1899_2.png,neutral
neutral/im1900.png,neutral
neutral/im1901.png,neutral
neutral/im1901_1.png,neutral
neutral/im1903.png,neutral
neutral/im1903_1.png,neutral
neutral/im1905.png,neutral
neutral/im1905_1.png,neutral
neutral/im1906.png,neutral
neutral/im1906_2.png,neutral
neutral/im1907.png,neutral
neutral/im1907_2.png,neutral
neutral/im1908_2.png,neutral
neutral/im1912_2.png,neutral
neutral/im1913.png,neutral
neutral/im1913_2.png,neutral
neutral/im1914_2.png,neutral
neutral/im1915.png,neutral
neutral/im1915_2.png,neutral
neutral/im1917.png,neutral
neutral/im1918.png,neutral
neutral/im1919.png,neutral
neutral/im1920_2.png,neutral
neutral/im1924.png,neutral
neutral/im1924_2.png,neutral
neutral/im1925_2.png,neutral
neutral/im1925_3.png,neutral
neutral/im1926.png,neutral
neutral/im1927_2.png,neutral
neutral/im1929.png,neutral
neutral/im1929_2.png,neutral
neutral/im1930.png,neutral
neutral/im1932.png,neutral
neutral/im1933.png,neutral
neutral/im1934.png,neutral
neutral/im1935.png,neutral
neutral/im1937.png,neutral
neutral/im1937_2.png,neutral
neutral/im1938.png,neutral
neutral/im1938_2.png,neutral
neutral/im1940.png,neutral
neutral/im1940_2.png,neutral
neutral/im1941.png,neutral
neutral/im1942.png,neutral
neutral/im1944_1.png,neutral
neutral/im1945.png,neutral
neutral/im1947.png,neutral
neutral/im1948.png,neutral
neutral/im1949.png,neutral
neutral/im1949_1.png,neutral
neutral/im1950.png,neutral
neutral/im1950_1.png,neutral
neutral/im1951_2.png,neutral
neutral/im1952.png,neutral
neutral/im1953.png,neutral
neutral/im1953_1.png,neutral
neutral/im1953_2.png,neutral
neutral/im1954.png,neutral
neutral/im1954_2.png,neutral
neutral/im1956.png,neutral
neutral/im1957_2.png,neutral
neutral/im1958.png,neutral
neutral/im1958_1.png,neutral
neutral/im1960.png,neutral
neutral/im1961.png,neutral
neutral/im1962.png,neutral
neutral/im1962_2.png,neutral
neutral/im1963.png,neutral
neutral/im1964.png,neutral
neutral/im1965.png,neutral
neutral/im1966.png,neutral
neutral/im1966_1.png,neutral
neutral/im1966_2.png,neutral
neutral/im1967.png,neutral
neutral/im1968.png,neutral
neutral/im1969.png,neutral
neutral/im1970.png,neutral
neutral/im1971.png,neutral
neutral/im1971_1.png,neutral
neutral/im1972.png,neutral
neutral/im1972_1.png,neutral
neutral/im1973.png,neutral
neutral/im1973_2.png,neutral
neutral/im1974_2.png,neutral
neutral/im1975.png,neutral
neutral/im1975_2.png,neutral
neutral/im1977.png,neutral
neutral/im1978.png,neutral
neutral/im1979.png,neutral
neutral/im1980.png,neutral
neutral/im1980_2.png,neutral
neutral/im1981.png,neutral
neutral/im1982.png,neutral
neutral/im1983.png,neutral
neutral/im1986.png,neutral
neutral/im1987.png,neutral
neutral/im1988_2.png,neutral
neutral/im1989.png,neutral
neutral/im1989_2.png,neutral
neutral/im1990.png,neutral
neutral/im1990_2.png,neutral
neutral/im1991.png,neutral
neutral/im1991_1.png,neutral
neutral/im1991_2.png,neutral
neutral/im1992_2.png,neutral
neutral/im1993.png,neutral
neutral/im1993_2.png,neutral
neutral/im1994.png,neutral
neutral/im1995.png,neutral
neutral/im1997.png,neutral
neutral/im1998.png,neutral
neutral/im2000.png,neutral
neutral/im2002_1.png,neutral
neutral/im2003.png,neutral
neutral/im2004.png,neutral
neutral/im2004_1.png,neutral
neutral/im2007.png,neutral
neutral/im2008.png,neutral
neutral/im2009.png,neutral
neutral/im2010.png,neutral
neutral/im2010_1.png,neutral
neutral/im2010_2.png,neutral
neutral/im2011_1.png,neutral
neutral/im2012.png,neutral
neutral/im2013.png,neutral
neutral/im2013_2.png,neutral
neutral/im2014.png,neutral
neutral/im2015.png,neutral
neutral/im2016.png,neutral
neutral/im2017.png,neutral
neutral/im2018.png,neutral
neutral/im2019.png,neutral
neutral/im2020.png,neutral
neutral/im2021.png,neutral
neutral/im2022.png,neutral
neutral/im2022_1.png,neutral
neutral/im2024.png,neutral
neutral/im2025.png,neutral
neutral/im2026.png,neutral
neutral/im2026_1.png,neutral
neutral/im2027.png,neutral
neutral/im2028.png,neutral
neutral/im2028_2.png,neutral
neutral/im2029.png,neutral
neutral/im2029_1.png,neutral
neutral/im2030.png,neutral
neutral/im2031.png,neutral
neutral/im2031_1.png,neutral
neutral/im2031_2.png,neutral
neutral/im2032.png,neutral
neutral/im2032_1.png,neutral
neutral/im2033.png,neutral
neutral/im2034_2.png,neutral
neutral/im2035.png,neutral
neutral/im2036.png,neutral
neutral/im2037_2.png,neutral
neutral/im2038.png,neutral
neutral/im2039.png,neutral
neutral/im2040.png,neutral
neutral/im2041_1.png,neutral
neutral/im2042.png,neutral
neutral/im2042_1.png,neutral
neutral/im2043_2.png,neutral
neutral/im2044.png,neutral
neutral/im2045.png,neutral
neutral/im2046.png,neutral
neutral/im2047.png,neutral
neutral/im2048.png,neutral
neutral/im2049.png,neutral
neutral/im2049_1.png,neutral
neutral/im2050.png,neutral
neutral/im2050_2.png,neutral
neutral/im2051.png,neutral
neutral/im2052.png,neutral
neutral/im2053.png,neutral
neutral/im2054.png,neutral
neutral/im2054_2.png,neutral
neutral/im2055.png,neutral
neutral/im2055_1.png,neutral
neutral/im2055_2.png,neutral
neutral/im2056_1.png,neutral
neutral/im2056_2.png,neutral
neutral/im2057.png,neutral
neutral/im2058.png,neutral
neutral/im2058_1.png,neutral
neutral/im2059.png,neutral
neutral/im2060.png,neutral
neutral/im2061.png,neutral
neutral/im2062_2.png,neutral
neutral/im2062_3.png,neutral
neutral/im2063.png,neutral
neutral/im2063_2.png,neutral
neutral/im2064.png,neutral
neutral/im2066_2.png,neutral
neutral/im2067.png,neutral
neutral/im2068.png,neutral
neutral/im2068_2.png,neutral
neutral/im2069.png,neutral
neutral/im2070.png,neutral
neutral/im2071.png,neutral
neutral/im2072.png,neutral
neutral/im2072_1.png,neutral
neutral/im2073.png,neutral
neutral/im2074.png,neutral
neutral/im2074_1.png,neutral
neutral/im2076.png,neutral
neutral/im2076_2.png,neutral
neutral/im2077.png,neutral
neutral/im2079.png,neutral
neutral/im2079_1.png,neutral
neutral/im2079_2.png,neutral
neutral/im2081.png,neutral
neutral/im2082.png,neutral
neutral/im2083.png,neutral
neutral/im2084.png,neutral
neutral/im2085.png,neutral
neutral/im2086.png,neutral
neutral/im2087.png,neutral
neutral/im2088_1.png,neutral
neutral/im2089.png,neutral
neutral/im2090.png,neutral
neutral/im2092_2.png,neutral
neutral/im2093.png,neutral
neutral/im2095.png,neutral
neutral/im2096.png,neutral
neutral/im2097.png,neutral
neutral/im2098.png,neutral
neutral/im2098_1.png,neutral
neutral/im2100_2.png,neutral
neutral/im2101.png,neutral
neutral/im2102.png,neutral
neutral/im2102_1.png,neutral
neutral/im2104.png,neutral
neutral/im2106.png,neutral
neutral/im2107.png,neutral
neutral/im2108.png,neutral
neutral/im2109.png,neutral
neutral/im2110.png,neutral
neutral/im2111.png,neutral
neutral/im2112.png,neutral
neutral/im2113.png,neutral
neutral/im2115.png,neutral
neutral/im2115_1.png,neutral
neutral/im2116.png,neutral
neutral/im2117.png,neutral
neutral/im2118.png,neutral
neutral/im2118_1.png,neutral
neutral/im2119_2.png,neutral
neutral/im2120.png,neutral
neutral/im2121.png,neutral
neutral/im2122_1.png,neutral
neutral/im2125.png,neutral
neutral/im2126.png,neutral
neutral/im2127.png,neutral
neutral/im2130.png,neutral
neutral/im2131.png,neutral
neutral/im2132.png,neutral
neutral/im2132_1.png,neutral
neutral/im2133_2.png,neutral
neutral/im2134.png,neutral
neutral/im2136.png,neutral
neutral/im2136_1.png,neutral
neutral/im2137.png,neutral
neutral/im2138.png,neutral
neutral/im2138_1.png,neutral
neutral/im2140.png,neutral
neutral/im2141.png,neutral
neutral/im2141_1.png,neutral
neutral/im2142.png,neutral
neutral/im2143.png,neutral
neutral/im2143_1.png,neutral
neutral/im2145.png,neutral
neutral/im2147.png,neutral
neutral/im2148.png,neutral
neutral/im2149.png,neutral
neutral/im2149_2.png,neutral
neutral/im2150.png,neutral
neutral/im2150_1.png,neutral
neutral/im2151.png,neutral
neutral/im2153.png,neutral
neutral/im2154.png,neutral
neutral/im2154_2.png,neutral
neutral/im2155.png,neutral
neutral/im2156_2.png,neutral
neutral/im2158.png,neutral
neutral/im2159.png,neutral
neutral/im2159_2.png,neutral
neutral/im2160.png,neutral
neutral/im2161_2.png,neutral
neutral/im2163.png,neutral
neutral/im2164.png,neutral
neutral/im2165.png,neutral
neutral/im2167.png,neutral
neutral/im2168.png,neutral
neutral/im2168_2.png,neutral
neutral/im2169_2.png,neutral
neutral/im2170.png,neutral
neutral/im2171.png,neutral
neutral/im2172.png,neutral
neutral/im2173.png,neutral
neutral/im2175.png,neutral
neutral/im2175_1.png,neutral
neutral/im2176.png,neutral
neutral/im2177.png,neutral
neutral/im2177_1.png,neutral
neutral/im2179.png,neutral
neutral/im2181.png,neutral
neutral/im2181_2.png,neutral
neutral/im2182.png,neutral
neutral/im2184.png,neutral
neutral/im2184_2.png,neutral
neutral/im2186.png,neutral
neutral/im2186_1.png,neutral
neutral/im2187.png,neutral
neutral/im2187_2.png,neutral
neutral/im2188.png,neutral
neutral/im2190_2.png,neutral
neutral/im2192.png,neutral
neutral/im2193.png,neutral
neutral/im2195_2.png,neutral
neutral/im2197.png,neutral
neutral/im2198.png,neutral
neutral/im2199.png,neutral
neutral/im2200.png,neutral
neutral/im2201.png,neutral
neutral/im2201_1.png,neutral
neutral/im2202.png,neutral
neutral/im2203.png,neutral
neutral/im2204.png,neutral
neutral/im2206.png,neutral
neutral/im2206_2.png,neutral
neutral/im2207.png,neutral
neutral/im2207_2.png,neutral
neutral/im2208.png,neutral
neutral/im2208_1.png,neutral
neutral/im2209.png,neutral
neutral/im2210_2.png,neutral
neutral/im2211.png,neutral
neutral/im2212.png,neutral
neutral/im2212_2.png,neutral
neutral/im2213.png,neutral
neutral/im2213_2.png,neutral
neutral/im2214.png,neutral
neutral/im2214_2.png,neutral
neutral/im2215.png,neutral
neutral/im2215_1.png,neutral
neutral/im2216.png,neutral
neutral/im2217.png,neutral
neutral/im2219.png,neutral
neutral/im2220.png,neutral
neutral/im2221.png,neutral
neutral/im2224_1.png,neutral
neutral/im2224_2.png,neutral
neutral/im2225.png,neutral
neutral/im2226.png,neutral
neutral/im2226_1.png,neutral
neutral/im2227_1.png,neutral
neutral/im2229_1.png,neutral
neutral/im2230.png,neutral
neutral/im2231.png,neutral
neutral/im2231_2.png,neutral
neutral/im2233.png,neutral
neutral/im2233_2.png,neutral
neutral/im2234.png,neutral
neutral/im2236_2.png,neutral
neutral/im2237.png,neutral
neutral/im2238.png,neutral
neutral/im2239.png,neutral
neutral/im2239_2.png,neutral
neutral/im2240.png,neutral
neutral/im2241.png,neutral
neutral/im2242.png,neutral
neutral/im2242_3.png,neutral
neutral/im2244.png,neutral
neutral/im2245.png,neutral
neutral/im2246.png,neutral
neutral/im2247.png,neutral
neutral/im2247_1.png,neutral
neutral/im2248.png,neutral
neutral/im2250.png,neutral
neutral/im2252.png,neutral
neutral/im2253.png,neutral
neutral/im2254.png,neutral
neutral/im2255.png,neutral
neutral/im2256.png,neutral
neutral/im2257.png,neutral
neutral/im2258.png,neutral
neutral/im2259.png,neutral
neutral/im2262.png,neutral
neutral/im2263_2.png,neutral
neutral/im2264.png,neutral
neutral/im2264_2.png,neutral
neutral/im2265.png,neutral
neutral/im2267.png,neutral
neutral/im2267_2.png,neutral
neutral/im2268.png,neutral
neutral/im2270.png,neutral
neutral/im2270_2.png,neutral
neutral/im2271.png,neutral
neutral/im2272.png,neutral
neutral/im2273_2.png,neutral
neutral/im2274.png,neutral
neutral/im2275_1.png,neutral
neutral/im2276.png,neutral
neutral/im2276_1.png,neutral
neutral/im2277.png,neutral
neutral/im2280.png,neutral
neutral/im2281.png,neutral
neutral/im2282.png,neutral
neutral/im2282_1.png,neutral
neutral/im2287.png,neutral
neutral/im2288.png,neutral
neutral/im2290.png,neutral
neutral/im2290_1.png,neutral
neutral/im2290_2.png,neutral
neutral/im2291.png,neutral
neutral/im2292.png,neutral
neutral/im2293.png,neutral
neutral/im2294.png,neutral
neutral/im2295.png,neutral
neutral/im2296.png,neutral
neutral/im2296_2.png,neutral
neutral/im2297.png,neutral
neutral/im2298.png,neutral
neutral/im2299.png,neutral
neutral/im2299_2.png,neutral
neutral/im2300.png,neutral
neutral/im2300_2.png,neutral
neutral/im2302.png,neutral
neutral/im2303.png,neutral
neutral/im2303_2.png,neutral
neutral/im2304_2.png,neutral
neutral/im2305.png,neutral
neutral/im2306.png,neutral
neutral/im2307.png,neutral
neutral/im2308.png,neutral
neutral/im2309.png,neutral
neutral/im2309_2.png,neutral
neutral/im2310.png,neutral
neutral/im2310_1.png,neutral
neutral/im2310_2.png,neutral
neutral/im2311.png,neutral
neutral/im2312_2.png,neutral
neutral/im2314.png,neutral
neutral/im2315.png,neutral
neutral/im2317_2.png,neutral
neutral/im2318.png,neutral
neutral/im2319.png,neutral
neutral/im2320.png,neutral
neutral/im2320_1.png,neutral
neutral/im2321.png,neutral
neutral/im2322.png,neutral
neutral/im2323.png,neutral
neutral/im2323_1.png,neutral
neutral/im2324.png,neutral
neutral/im2325.png,neutral
neutral/im2326.png,neutral
neutral/im2327.png,neutral
neutral/im2327_1.png,neutral
neutral/im2327_2.png,neutral
neutral/im2328_2.png,neutral
neutral/im2329.png,neutral
neutral/im2330.png,neutral
neutral/im2331_1.png,neutral
neutral/im2331_2.png,neutral
neutral/im2332.png,neutral
neutral/im2333.png,neutral
neutral/im2334.png,neutral
neutral/im2336.png,neutral
neutral/im2338.png,neutral
neutral/im2338_2.png,neutral
neutral/im2339.png,neutral
neutral/im2339_2.png,neutral
neutral/im2340.png,neutral
neutral/im2341.png,neutral
neutral/im2342.png,neutral
neutral/im2343.png,neutral
neutral/im2344.png,neutral
neutral/im2344_1.png,neutral
neutral/im2345.png,neutral
neutral/im2347.png,neutral
neutral/im2347_2.png,neutral
neutral/im2348.png,neutral
neutral/im2348_2.png,neutral
neutral/im2349.png,neutral
neutral/im2349_1.png,neutral
neutral/im2349_2.png,neutral
neutral/im2350.png,neutral
neutral/im2350_2.png,neutral
neutral/im2351.png,neutral
neutral/im2353.png,neutral
neutral/im2354.png,neutral
neutral/im2356.png,neutral
neutral/im2358.png,neutral
neutral/im2358_1.png,neutral
neutral/im2359.png,neutral
neutral/im2360.png,neutral
neutral/im2361.png,neutral
neutral/im2361_2.png,neutral
neutral/im2362.png,neutral
neutral/im2364.png,neutral
neutral/im2365.png,neutral
neutral/im2366.png,neutral
neutral/im2367.png,neutral
neutral/im2368.png,neutral
neutral/im2368_2.png,neutral
neutral/im2369.png,neutral
neutral/im2370.png,neutral
neutral/im2371.png,neutral
neutral/im2372.png,neutral
neutral/im2373_2.png,neutral
neutral/im2374_2.png,neutral
neutral/im2376.png,neutral
neutral/im2376_2.png,neutral
neutral/im2378.png,neutral
neutral/im2378_2.png,neutral
neutral/im2379.png,neutral
neutral/im2380.png,neutral
neutral/im2380_1.png,neutral
neutral/im2380_2.png,neutral
neutral/im2381.png,neutral
neutral/im2382_1.png,neutral
neutral/im2382_2.png,neutral
neutral/im2384.png,neutral
neutral/im2385_2.png,neutral
neutral/im2386.png,neutral
neutral/im2386_2.png,neutral
neutral/im2387.png,neutral
neutral/im2387_2.png,neutral
neutral/im2388_3.png,neutral
neutral/im2390.png,neutral
neutral/im2390_1.png,neutral
neutral/im2391.png,neutral
neutral/im2392.png,neutral
neutral/im2392_2.png,neutral
neutral/im2393_2.png,neutral
neutral/im2394.png,neutral
neutral/im2394_2.png,neutral
neutral/im2395.png,neutral
neutral/im2396.png,neutral
neutral/im2396_2.png,neutral
neutral/im2396_3.png,neutral
neutral/im2397.png,neutral
neutral/im2398.png,neutral
neutral/im2399.png,neutral
neutral/im2400.png,neutral
neutral/im2400_1.png,neutral
neutral/im2401.png,neutral
neutral/im2401_1.png,neutral
neutral/im2402.png,neutral
neutral/im2402_1.png,neutral
neutral/im2403.png,neutral
neutral/im2403_1.png,neutral
neutral/im2406_2.png,neutral
neutral/im2407.png,neutral
neutral/im2407_2.png,neutral
neutral/im2408.png,neutral
neutral/im2409.png,neutral
neutral/im2409_2.png,neutral
neutral/im2410.png,neutral
neutral/im2410_1.png,neutral
neutral/im2411_2.png,neutral
neutral/im2412.png,neutral
neutral/im2413.png,neutral
neutral/im2413_1.png,neutral
neutral/im2414.png,neutral
neutral/im2415_1.png,neutral
neutral/im2417.png,neutral
neutral/im2418.png,neutral
neutral/im2419.png,neutral
neutral/im2420.png,neutral
neutral/im2420_3.png,neutral
neutral/im2421.png,neutral
neutral/im2423.png,neutral
neutral/im2423_2.png,neutral
neutral/im2424.png,neutral
neutral/im2425.png,neutral
neutral/im2426_2.png,neutral
neutral/im2427_1.png,neutral
neutral/im2427_2.png,neutral
neutral/im2428.png,neutral
neutral/im2428_1.png,neutral
neutral/im2428_2.png,neutral
neutral/im2428_3.png,neutral
neutral/im2429.png,neutral
neutral/im2430.png,neutral
neutral/im2431_2.png,neutral
neutral/im2433.png,neutral
neutral/im2435.png,neutral
neutral/im2436.png,neutral
neutral/im2437.png,neutral
neutral/im2440.png,neutral
neutral/im2440_1.png,neutral
neutral/im2440_2.png,neutral
neutral/im2441.png,neutral
neutral/im2442.png,neutral
neutral/im2443.png,neutral
neutral/im2444.png,neutral
neutral/im2445.png,neutral
neutral/im2446.png,neutral
neutral/im2446_1.png,neutral
neutral/im2447.png,neutral
neutral/im2448.png,neutral
neutral/im2449.png,neutral
neutral/im2449_2.png,neutral
neutral/im2450_2.png,neutral
neutral/im2451.png,neutral
neutral/im2451_1.png,neutral
neutral/im2452.png,neutral
neutral/im2453_2.png,neutral
neutral/im2454.png,neutral
neutral/im2456.png,neutral
neutral/im2457.png,neutral
neutral/im2457_1.png,neutral
neutral/im2459.png,neutral
neutral/im2460_1.png,neutral
neutral/im2462.png,neutral
neutral/im2464_2.png,neutral
neutral/im2465.png,neutral
neutral/im2466.png,neutral
neutral/im2468.png,neutral
neutral/im2469.png,neutral
neutral/im2471.png,neutral
neutral/im2472.png,neutral
neutral/im2473.png,neutral
neutral/im2474.png,neutral
neutral/im2476.png,neutral
neutral/im2477.png,neutral
neutral/im2477_2.png,neutral
neutral/im2478.png,neutral
neutral/im2480.png,neutral
neutral/im2482.png,neutral
neutral/im2483.png,neutral
neutral/im2483_2.png,neutral
neutral/im2484.png,neutral
neutral/im2484_2.png,neutral
neutral/im2485.png,neutral
neutral/im2485_2.png,neutral
neutral/im2486.png,neutral
neutral/im2487_1.png,neutral
neutral/im2487_2.png,neutral
neutral/im2488.png,neutral
neutral/im2490.png,neutral
neutral/im2491.png,neutral
neutral/im2493.png,neutral
neutral/im2495.png,neutral
neutral/im2496.png,neutral
neutral/im2497.png,neutral
neutral/im2497_1.png,neutral
neutral/im2499.png,neutral
neutral/im2500.png,neutral
neutral/im2500_1.png,neutral
neutral/im2502.png,neutral
neutral/im2503_1.png,neutral
neutral/im2504.png,neutral
neutral/im2505.png,neutral
neutral/im2505_2.png,neutral
neutral/im2506.png,neutral
neutral/im2507.png,neutral
neutral/im2507_2.png,neutral
neutral/im2508.png,neutral
neutral/im2509.png,neutral
neutral/im2510.png,neutral
neutral/im2511.png,neutral
neutral/im2513.png,neutral
neutral/im2514.png,neutral
neutral/im2514_2.png,neutral
neutral/im2516_2.png,neutral
neutral/im2517.png,neutral
neutral/im2517_2.png,neutral
neutral/im2518.png,neutral
neutral/im2518_2.png,neutral
neutral/im2519.png,neutral
neutral/im2520.png,neutral
neutral/im2521.png,neutral
neutral/im2521_2.png,neutral
neutral/im2522.png,neutral
neutral/im2523.png,neutral
neutral/im2524.png,neutral
neutral/im2525_1.png,neutral
neutral/im2526.png,neutral
neutral/im2526_2.png,neutral
neutral/im2528.png,neutral
neutral/im2529.png,neutral
neutral/im2529_2.png,neutral
neutral/im2529_3.png,neutral
neutral/im2531.png,neutral
neutral/im2531_1.png,neutral
neutral/im2532.png,neutral
neutral/im2533_2.png,neutral
neutral/im2533_3.png,neutral
neutral/im2534.png,neutral
neutral/im2534_2.png,neutral
neutral/im2535.png,neutral
neutral/im2535_1.png,neutral
neutral/im2536.png,neutral
neutral/im2536_2.png,neutral
neutral/im2537.png,neutral
neutral/im2537_2.png,neutral
neutral/im2538.png,neutral
neutral/im2538_1.png,neutral
neutral/im2540.png,neutral
neutral/im2541.png,neutral
neutral/im2542.png,neutral
neutral/im2542_1.png,neutral
neutral/im2542_2.png,neutral
neutral/im2543.png,neutral
neutral/im2544.png,neutral
neutral/im2544_2.png,neutral
neutral/im2547.png,neutral
neutral/im2548.png,neutral
neutral/im2549.png,neutral
neutral/im2549_2.png,neutral
neutral/im2550.png,neutral
neutral/im2551_1.png,neutral
neutral/im2556.png,neutral
neutral/im2558.png,neutral
neutral/im2558_1.png,neutral
neutral/im2559.png,neutral
neutral/im2560.png,neutral
neutral/im2560_1.png,neutral
neutral/im2561.png,neutral
neutral/im2561_1.png,neutral
neutral/im2562.png,neutral
neutral/im2562_2.png,neutral
neutral/im2563.png,neutral
neutral/im2563_1.png,neutral
neutral/im2564.png,neutral
neutral/im2564_2.png,neutral
neutral/im2565.png,neutral
neutral/im2566.png,neutral
neutral/im2569.png,neutral
neutral/im2570.png,neutral
neutral/im2571.png,neutral
neutral/im2574.png,neutral
neutral/im2574_2.png,neutral
neutral/im2575.png,neutral
neutral/im2575_2.png,neutral
neutral/im2577.png,neutral
neutral/im2578.png,neutral
neutral/im2578_3.png,neutral
neutral/im2579.png,neutral
neutral/im2579_1.png,neutral
neutral/im2580.png,neutral
neutral/im2581.png,neutral
neutral/im2582.png,neutral
neutral/im2583.png,neutral
neutral/im2583_1.png,neutral
neutral/im2583_2.png,neutral
neutral/im2584.png,neutral
neutral/im2585.png,neutral
neutral/im2585_1.png,neutral
neutral/im2586.png,neutral
neutral/im2587.png,neutral
neutral/im2588.png,neutral
neutral/im2589.png,neutral
neutral/im2589_2.png,neutral
neutral/im2591.png,neutral
neutral/im2593.png,neutral
neutral/im2593_2.png,neutral
neutral/im2594.png,neutral
neutral/im2594_1.png,neutral
neutral/im2595.png,neutral
neutral/im2596_1.png,neutral
neutral/im2596_2.png,neutral
neutral/im2597.png,neutral
neutral/im2599.png,neutral
neutral/im2600.png,neutral
neutral/im2600_1.png,neutral
neutral/im2600_2.png,neutral
neutral/im2602.png,neutral
neutral/im2602_2.png,neutral
neutral/im2603.png,neutral
neutral/im2603_1.png,neutral
neutral/im2604.png,neutral
neutral/im2605.png,neutral
neutral/im2605_1.png,neutral
neutral/im2606.png,neutral
neutral/im2607.png,neutral
neutral/im2607_2.png,neutral
neutral/im2608.png,neutral
neutral/im2610.png,neutral
neutral/im2610_1.png,neutral
neutral/im2611.png,neutral
neutral/im2612.png,neutral
neutral/im2612_1.png,neutral
neutral/im2613.png,neutral
neutral/im2614.png,neutral
neutral/im2614_2.png,neutral
neutral/im2615.png,neutral
neutral/im2615_1.png,neutral
neutral/im2616.png,neutral
neutral/im2616_2.png,neutral
neutral/im2617.png,neutral
neutral/im2618.png,neutral
neutral/im2618_1.png,neutral
neutral/im2622.png,neutral
neutral/im2623.png,neutral
neutral/im2624.png,neutral
neutral/im2624_2.png,neutral
neutral/im2625.png,neutral
neutral/im2626.png,neutral
neutral/im2627.png,neutral
neutral/im2628.png,neutral
neutral/im2628_1.png,neutral
neutral/im2629.png,neutral
neutral/im2629_2.png,neutral
neutral/im2630.png,neutral
neutral/im2631.png,neutral
neutral/im2632.png,neutral
neutral/im2633.png,neutral
neutral/im2633_2.png,neutral
neutral/im2634.png,neutral
neutral/im2634_1.png,neutral
neutral/im2634_2.png,neutral
neutral/im2635.png,neutral
neutral/im2638.png,neutral
neutral/im2638_1.png,neutral
neutral/im2639.png,neutral
neutral/im2642.png,neutral
neutral/im2643.png,neutral
neutral/im2643_1.png,neutral
neutral/im2644.png,neutral
neutral/im2646.png,neutral
neutral/im2647.png,neutral
neutral/im2648.png,neutral
neutral/im2648_2.png,neutral
neutral/im2649.png,neutral
neutral/im2650.png,neutral
neutral/im2651.png,neutral
neutral/im2652.png,neutral
neutral/im2653.png,neutral
neutral/im2654.png,neutral
neutral/im2654_2.png,neutral
neutral/im2655.png,neutral
neutral/im2656.png,neutral
neutral/im2656_1.png,neutral
neutral/im2658.png,neutral
neutral/im2658_1.png,neutral
neutral/im2659.png,neutral
neutral/im2661.png,neutral
neutral/im2661_2.png,neutral
neutral/im2662.png,neutral
neutral/im2663_1.png,neutral
neutral/im2665.png,neutral
neutral/im2666.png,neutral
neutral/im2668.png,neutral
neutral/im2669.png,neutral
neutral/im2670.png,neutral
neutral/im2670_1.png,neutral
neutral/im2670_2.png,neutral
neutral/im2672.png,neutral
neutral/im2672_1.png,neutral
neutral/im2673.png,neutral
neutral/im2675.png,neutral
neutral/im2675_2.png,neutral
neutral/im2676.png,neutral
neutral/im2676_2.png,neutral
neutral/im2677.png,neutral
neutral/im2678.png,neutral
neutral/im2678_2.png,neutral
neutral/im2679.png,neutral
neutral/im2680.png,neutral
neutral/im2680_2.png,neutral
neutral/im2681.png,neutral
neutral/im2682.png,neutral
neutral/im2683.png,neutral
neutral/im2684.png,neutral
neutral/im2685.png,neutral
neutral/im2686.png,neutral
neutral/im2688.png,neutral
neutral/im2688_1.png,neutral
neutral/im2689.png,neutral
neutral/im2690.png,neutral
neutral/im2690_1.png,neutral
neutral/im2690_2.png,neutral
neutral/im2691.png,neutral
neutral/im2692_1.png,neutral
neutral/im2693.png,neutral
neutral/im2694.png,neutral
neutral/im2694_1.png,neutral
neutral/im2695.png,neutral
neutral/im2697.png,neutral
neutral/im2697_1.png,neutral
neutral/im2700_1.png,neutral
neutral/im2701.png,neutral
neutral/im2701_2.png,neutral
neutral/im2702.png,neutral
neutral/im2704.png,neutral
neutral/im2705.png,neutral
neutral/im2706.png,neutral
neutral/im2706_1.png,neutral
neutral/im2706_2.png,neutral
neutral/im2708.png,neutral
neutral/im2710.png,neutral
neutral/im2711.png,neutral
neutral/im2712.png,neutral
neutral/im2713.png,neutral
neutral/im2714.png,neutral
neutral/im2715.png,neutral
neutral/im2717_1.png,neutral
neutral/im2718.png,neutral
neutral/im2719.png,neutral
neutral/im2722_1.png,neutral
neutral/im2723.png,neutral
neutral/im2723_1.png,neutral
neutral/im2724.png,neutral
neutral/im2726.png,neutral
neutral/im2726_1.png,neutral
neutral/im2728.png,neutral
neutral/im2728_2.png,neutral
neutral/im2729.png,neutral
neutral/im2730.png,neutral
neutral/im2730_2.png,neutral
neutral/im2731_1.png,neutral
neutral/im2732.png,neutral
neutral/im2732_2.png,neutral
neutral/im2733_2.png,neutral
neutral/im2734.png,neutral
neutral/im2736.png,neutral
neutral/im2737.png,neutral
neutral/im2738.png,neutral
neutral/im2739.png,neutral
neutral/im2740.png,neutral
neutral/im2741.png,neutral
neutral/im2742.png,neutral
neutral/im2743_1.png,neutral
neutral/im2744.png,neutral
neutral/im2744_1.png,neutral
neutral/im2746.png,neutral
neutral/im2746_2.png,neutral
neutral/im2747.png,neutral
neutral/im2747_2.png,neutral
neutral/im2748_2.png,neutral
neutral/im2749_2.png,neutral
neutral/im2750.png,neutral
neutral/im2752.png,neutral
neutral/im2753.png,neutral
neutral/im2753_2.png,neutral
neutral/im2754.png,neutral
neutral/im2754_2.png,neutral
neutral/im2754_3.png,neutral
neutral/im2755.png,neutral
neutral/im2756.png,neutral
neutral/im2756_2.png,neutral
neutral/im2757.png,neutral
neutral/im2758.png,neutral
neutral/im2759.png,neutral
neutral/im2760_2.png,neutral
neutral/im2761.png,neutral
neutral/im2761_2.png,neutral
neutral/im2762.png,neutral
neutral/im2762_2.png,neutral
neutral/im2763.png,neutral
neutral/im2763_1.png,neutral
neutral/im2764.png,neutral
neutral/im2765.png,neutral
neutral/im2768.png,neutral
neutral/im2768_2.png,neutral
neutral/im2770.png,neutral
neutral/im2772.png,neutral
neutral/im2773.png,neutral
neutral/im2775.png,neutral
neutral/im2776.png,neutral
neutral/im2777.png,neutral
neutral/im2779.png,neutral
neutral/im2779_1.png,neutral
neutral/im2779_2.png,neutral
neutral/im2781.png,neutral
neutral/im2782.png,neutral
neutral/im2783.png,neutral
neutral/im2783_1.png,neutral
neutral/im2783_2.png,neutral
neutral/im2784_1.png,neutral
neutral/im2784_2.png,neutral
neutral/im2784_3.png,neutral
neutral/im2787.png,neutral
neutral/im2787_3.png,neutral
neutral/im2788_2.png,neutral
neutral/im2789.png,neutral
neutral/im2790.png,neutral
neutral/im2792.png,neutral
neutral/im2792_1.png,neutral
neutral/im2793.png,neutral
neutral/im2794.png,neutral
neutral/im2795.png,neutral
neutral/im2795_2.png,neutral
neutral/im2796.png,neutral
neutral/im2797.png,neutral
neutral/im2797_2.png,neutral
neutral/im2798.png,neutral
neutral/im2798_2.png,neutral
neutral/im2799.png,neutral
neutral/im2799_2.png,neutral
neutral/im2800.png,neutral
neutral/im2800_2.png,neutral
neutral/im2801.png,neutral
neutral/im2803.png,neutral
neutral/im2804.png,neutral
neutral/im2806.png,neutral
neutral/im2809.png,neutral
neutral/im2810.png,neutral
neutral/im2810_1.png,neutral
neutral/im2810_2.png,neutral
neutral/im2811.png,neutral
neutral/im2812.png,neutral
neutral/im2813.png,neutral
neutral/im2813_1.png,neutral
neutral/im2813_2.png,neutral
neutral/im2814.png,neutral
neutral/im2815.png,neutral
neutral/im2816.png,neutral
neutral/im2817.png,neutral
neutral/im2819.png,neutral
neutral/im2820.png,neutral
neutral/im2821.png,neutral
neutral/im2821_1.png,neutral
neutral/im2822.png,neutral
neutral/im2823.png,neutral
neutral/im2824.png,neutral
neutral/im2828.png,neutral
neutral/im2830.png,neutral
neutral/im2831.png,neutral
neutral/im2831_1.png,neutral
neutral/im2831_2.png,neutral
neutral/im2833.png,neutral
neutral/im2833_2.png,neutral
neutral/im2834.png,neutral
neutral/im2834_2.png,neutral
neutral/im2836.png,neutral
neutral/im2837.png,neutral
neutral/im2837_2.png,neutral
neutral/im2838.png,neutral
neutral/im2838_1.png,neutral
neutral/im2839.png,neutral
neutral/im2839_2.png,neutral
neutral/im2840.png,neutral
neutral/im2840_1.png,neutral
neutral/im2841.png,neutral
neutral/im2842.png,neutral
neutral/im2842_2.png,neutral
neutral/im2843.png,neutral
neutral/im2844.png,neutral
neutral/im2844_2.png,neutral
neutral/im2846.png,neutral
neutral/im2847.png,neutral
neutral/im2847_1.png,neutral
neutral/im2848.png,neutral
neutral/im2849.png,neutral
neutral/im2851.png,neutral
neutral/im2852.png,neutral
neutral/im2853.png,neutral
neutral/im2854.png,neutral
neutral/im2856.png,neutral
neutral/im2857.png,neutral
neutral/im2858.png,neutral
neutral/im2860.png,neutral
neutral/im2861_2.png,neutral
neutral/im2862.png,neutral
neutral/im2863.png,neutral
neutral/im2863_2.png,neutral
neutral/im2864.png,neutral
neutral/im2864_2.png,neutral
neutral/im2867.png,neutral
neutral/im2868_2.png,neutral
neutral/im2869_1.png,neutral
neutral/im2870_1.png,neutral
neutral/im2870_2.png,neutral
neutral/im2871.png,neutral
neutral/im2872.png,neutral
neutral/im2873.png,neutral
neutral/im2874_2.png,neutral
neutral/im2876.png,neutral
neutral/im2877.png,neutral
neutral/im2878.png,neutral
neutral/im2880.png,neutral
neutral/im2881.png,neutral
neutral/im2882.png,neutral
neutral/im2882_2.png,neutral
neutral/im2882_3.png,neutral
neutral/im2883.png,neutral
neutral/im2883_2.png,neutral
neutral/im2884.png,neutral
neutral/im2885.png,neutral
neutral/im2886.png,neutral
neutral/im2887.png,neutral
neutral/im2888.png,neutral
neutral/im2889.png,neutral
neutral/im2890.png,neutral
neutral/im2891.png,neutral
neutral/im2891_2.png,neutral
neutral/im2893.png,neutral
neutral/im2894.png,neutral
neutral/im2894_2.png,neutral
neutral/im2895.png,neutral
neutral/im2896.png,neutral
neutral/im2898.png,neutral
neutral/im2899.png,neutral
neutral/im2900.png,neutral
neutral/im2901.png,neutral
neutral/im2902.png,neutral
neutral/im2903.png,neutral
neutral/im2905.png,neutral
neutral/im2905_2.png,neutral
neutral/im2907_1.png,neutral
neutral/im2908.png,neutral
neutral/im2908_2.png,neutral
neutral/im2909.png,neutral
neutral/im2911.png,neutral
neutral/im2912.png,neutral
neutral/im2913.png,neutral
neutral/im2913_2.png,neutral
neutral/im2914.png,neutral
neutral/im2914_1.png,neutral
neutral/im2917.png,neutral
neutral/im2918_1.png,neutral
neutral/im2918_2.png,neutral
neutral/im2920.png,neutral
neutral/im2921.png,neutral
neutral/im2921_1.png,neutral
neutral/im2921_2.png,neutral
neutral/im2921_3.png,neutral
neutral/im2921_4.png,neutral
neutral/im2922.png,neutral
neutral/im2922_1.png,neutral
neutral/im2923.png,neutral
neutral/im2924.png,neutral
neutral/im2927_2.png,neutral
neutral/im2928.png,neutral
neutral/im2929.png,neutral
neutral/im2930.png,neutral
neutral/im2931.png,neutral
neutral/im2933.png,neutral
neutral/im2934.png,neutral
neutral/im2934_1.png,neutral
neutral/im2934_2.png,neutral
neutral/im2937.png,neutral
neutral/im2937_1.png,neutral
neutral/im2938.png,neutral
neutral/im2939.png,neutral
neutral/im2939_2.png,neutral
neutral/im2940.png,neutral
neutral/im2940_2.png,neutral
neutral/im2942.png,neutral
neutral/im2944.png,neutral
neutral/im2945.png,neutral
neutral/im2945_1.png,neutral
neutral/im2945_2.png,neutral
neutral/im2946_1.png,neutral
neutral/im2947.png,neutral
neutral/im2948.png,neutral
neutral/im2949.png,neutral
neutral/im2950.png,neutral
neutral/im2950_1.png,neutral
neutral/im2951.png,neutral
neutral/im2951_1.png,neutral
neutral/im2952.png,neutral
neutral/im2953.png,neutral
neutral/im2954.png,neutral
neutral/im2954_2.png,neutral
neutral/im2955.png,neutral
neutral/im2956.png,neutral
neutral/im2958.png,neutral
neutral/im2959.png,neutral
neutral/im2960.png,neutral
neutral/im2960_1.png,neutral
neutral/im2962.png,neutral
neutral/im2963.png,neutral
neutral/im2964.png,neutral
neutral/im2965.png,neutral
neutral/im2965_2.png,neutral
neutral/im2966.png,neutral
neutral/im2967.png,neutral
neutral/im2967_2.png,neutral
neutral/im2968.png,neutral
neutral/im2969.png,neutral
neutral/im2969_2.png,neutral
neutral/im2970.png,neutral
neutral/im2971.png,neutral
neutral/im2971_1.png,neutral
neutral/im2972_2.png,neutral
neutral/im2973.png,neutral
neutral/im2973_2.png,neutral
neutral/im2974.png,neutral
neutral/im2975.png,neutral
neutral/im2975_2.png,neutral
neutral/im2978.png,neutral
neutral/im2978_1.png,neutral
neutral/im2979.png,neutral
neutral/im2981.png,neutral
neutral/im2984.png,neutral
neutral/im2985.png,neutral
neutral/im2986.png,neutral
neutral/im2987.png,neutral
neutral/im2987_1.png,neutral
neutral/im2987_2.png,neutral
neutral/im2988.png,neutral
neutral/im2989.png,neutral
neutral/im2989_2.png,neutral
neutral/im2990.png,neutral
neutral/im2991.png,neutral
neutral/im2991_2.png,neutral
neutral/im2994.png,neutral
neutral/im2994_1.png,neutral
neutral/im2996.png,neutral
neutral/im2998.png,neutral
neutral/im2998_1.png,neutral
neutral/im2998_2.png,neutral
neutral/im2999.png,neutral
neutral/im3000.png,neutral
neutral/im3000_1.png,neutral
neutral/im3001.png,neutral
neutral/im3002.png,neutral
neutral/im3005.png,neutral
neutral/im3006.png,neutral
neutral/im3007.png,neutral
neutral/im3008.png,neutral
neutral/im3008_2.png,neutral
neutral/im3009.png,neutral
neutral/im3009_2.png,neutral
neutral/im3010.png,neutral
neutral/im3010_2.png,neutral
neutral/im3010_3.png,neutral
neutral/im3011.png,neutral
neutral/im3012.png,neutral
neutral/im3014.png,neutral
neutral/im3015.png,neutral
neutral/im3016.png,neutral
neutral/im3016_2.png,neutral
neutral/im3018.png,neutral
neutral/im3019_1.png,neutral
neutral/im3021.png,neutral
neutral/im3022.png,neutral
neutral/im3025_2.png,neutral
neutral/im3026.png,neutral
neutral/im3027.png,neutral
neutral/im3027_1.png,neutral
neutral/im3028.png,neutral
neutral/im3028_2.png,neutral
neutral/im3030.png,neutral
neutral/im3031.png,neutral
neutral/im3031_2.png,neutral
neutral/im3032.png,neutral
neutral/im3033.png,neutral
neutral/im3033_1.png,neutral
neutral/im3034.png,neutral
neutral/im3034_2.png,neutral
neutral/im3034_3.png,neutral
neutral/im3035.png,neutral
neutral/im3036.png,neutral
neutral/im3037.png,neutral
neutral/im3038.png,neutral
neutral/im3040.png,neutral
neutral/im3041.png,neutral
neutral/im3042.png,neutral
neutral/im3043.png,neutral
neutral/im3044.png,neutral
neutral/im3044_2.png,neutral
neutral/im3045.png,neutral
neutral/im3046_3.png,neutral
neutral/im3048.png,neutral
neutral/im3048_2.png,neutral
neutral/im3049.png,neutral
neutral/im3049_2.png,neutral
neutral/im3050.png,neutral
neutral/im3051.png,neutral
neutral/im3052.png,neutral
neutral/im3053.png,neutral
neutral/im3054.png,neutral
neutral/im3054_2.png,neutral
neutral/im3056.png,neutral
neutral/im3056_2.png,neutral
neutral/im3057.png,neutral
neutral/im3058.png,neutral
neutral/im3059.png,neutral
neutral/im3060.png,neutral
neutral/im3061.png,neutral
neutral/im3063.png,neutral
neutral/im3063_2.png,neutral
neutral/im3066.png,neutral
neutral/im3066_1.png,neutral
neutral/im3067.png,neutral
neutral/im3069.png,neutral
neutral/im3070.png,neutral
neutral/im3072.png,neutral
neutral/im3073.png,neutral
neutral/im3074.png,neutral
neutral/im3075.png,neutral
neutral/im3075_2.png,neutral
neutral/im3077.png,neutral
neutral/im3078.png,neutral
neutral/im3078_2.png,neutral
neutral/im3079.png,neutral
neutral/im3080.png,neutral
neutral/im3080_2.png,neutral
neutral/im3083.png,neutral
neutral/im3083_1.png,neutral
neutral/im3084.png,neutral
neutral/im3085.png,neutral
neutral/im3086.png,neutral
neutral/im3088.png,neutral
neutral/im3089.png,neutral
neutral/im3090.png,neutral
neutral/im3091.png,neutral
neutral/im3093.png,neutral
neutral/im3094.png,neutral
neutral/im3094_2.png,neutral
neutral/im3096.png,neutral
neutral/im3097.png,neutral
neutral/im3097_2.png,neutral
neutral/im3098_2.png,neutral
neutral/im3099.png,neutral
neutral/im3099_1.png,neutral
neutral/im3101.png,neutral
neutral/im3103.png,neutral
neutral/im3104.png,neutral
neutral/im3106.png,neutral
neutral/im3108_1.png,neutral
neutral/im3109_2.png,neutral
neutral/im3110_2.png,neutral
neutral/im3111.png,neutral
neutral/im3112.png,neutral
neutral/im3112_1.png,neutral
neutral/im3113.png,neutral
neutral/im3114.png,neutral
neutral/im3115.png,neutral
neutral/im3116.png,neutral
neutral/im3117.png,neutral
neutral/im3117_2.png,neutral
neutral/im3118.png,neutral
neutral/im3118_1.png,neutral
neutral/im3119.png,neutral
neutral/im3119_1.png,neutral
neutral/im3120.png,neutral
neutral/im3121.png,neutral
neutral/im3122.png,neutral
neutral/im3124_2.png,neutral
neutral/im3125.png,neutral
neutral/im3125_1.png,neutral
neutral/im3126.png,neutral
neutral/im3129.png,neutral
neutral/im3129_2.png,neutral
neutral/im3130.png,neutral
neutral/im3131.png,neutral
neutral/im3132.png,neutral
neutral/im3139.png,neutral
neutral/im3140.png,neutral
neutral/im3140_2.png,neutral
neutral/im3141.png,neutral
neutral/im3142.png,neutral
neutral/im3143_1.png,neutral
neutral/im3144.png,neutral
neutral/im3145.png,neutral
neutral/im3146.png,neutral
neutral/im3147_1.png,neutral
neutral/im3148.png,neutral
neutral/im3148_2.png,neutral
neutral/im3150_2.png,neutral
neutral/im3151.png,neutral
neutral/im3152.png,neutral
neutral/im3153.png,neutral
neutral/im3153_1.png,neutral
neutral/im3154.png,neutral
neutral/im3155.png,neutral
neutral/im3155_2.png,neutral
neutral/im3156.png,neutral
neutral/im3156_1.png,neutral
neutral/im3157.png,neutral
neutral/im3158.png,neutral
neutral/im3159.png,neutral
neutral/im3160.png,neutral
neutral/im3161.png,neutral
neutral/im3162_2.png,neutral
neutral/im3163.png,neutral
neutral/im3163_2.png,neutral
neutral/im3164_1.png,neutral
neutral/im3165.png,neutral
neutral/im3167.png,neutral
neutral/im3168.png,neutral
neutral/im3169_2.png,neutral
neutral/im3171.png,neutral
neutral/im3172.png,neutral
neutral/im3173.png,neutral
neutral/im3174_1.png,neutral
neutral/im3175.png,neutral
neutral/im3177.png,neutral
neutral/im3177_2.png,neutral
neutral/im3178.png,neutral
neutral/im3179.png,neutral
neutral/im3179_1.png,neutral
neutral/im3179_2.png,neutral
neutral/im3181.png,neutral
neutral/im3183.png,neutral
neutral/im3184.png,neutral
neutral/im3185.png,neutral
neutral/im3186.png,neutral
neutral/im3186_2.png,neutral
neutral/im3187.png,neutral
neutral/im3189.png,neutral
neutral/im3190_2.png,neutral
neutral/im3191.png,neutral
neutral/im3192.png,neutral
neutral/im3193.png,neutral
neutral/im3194.png,neutral
neutral/im3196.png,neutral
neutral/im3196_1.png,neutral
neutral/im3197.png,neutral
neutral/im3198.png,neutral
neutral/im3199.png,neutral
neutral/im3200.png,neutral
neutral/im3201.png,neutral
neutral/im3202.png,neutral
neutral/im3202_1.png,neutral
neutral/im3203.png,neutral
neutral/im3204.png,neutral
neutral/im3208.png,neutral
neutral/im3208_2.png,neutral
neutral/im3209.png,neutral
neutral/im3209_1.png,neutral
neutral/im3209_2.png,neutral
neutral/im3210.png,neutral
neutral/im3211.png,neutral
neutral/im3211_2.png,neutral
neutral/im3212.png,neutral
neutral/im3213.png,neutral
neutral/im3214.png,neutral
neutral/im3214_2.png,neutral
neutral/im3215.png,neutral
neutral/im3216_1.png,neutral
neutral/im3217.png,neutral
neutral/im3217_2.png,neutral
neutral/im3218.png,neutral
neutral/im3220.png,neutral
neutral/im3222.png,neutral
neutral/im3223.png,neutral
neutral/im3223_2.png,neutral
neutral/im3224_2.png,neutral
neutral/im3225.png,neutral
neutral/im3226.png,neutral
neutral/im3226_1.png,neutral
neutral/im3227.png,neutral
neutral/im3227_2.png,neutral
neutral/im3228.png,neutral
neutral/im3229.png,neutral
neutral/im3229_2.png,neutral
neutral/im3230.png,neutral
neutral/im3231.png,neutral
neutral/im3232.png,neutral
neutral/im3233.png,neutral
neutral/im3235.png,neutral
neutral/im3236.png,neutral
neutral/im3237.png,neutral
neutral/im3237_2.png,neutral
neutral/im3238.png,neutral
neutral/im3239.png,neutral
neutral/im3239_2.png,neutral
neutral/im3240.png,neutral
neutral/im3241.png,neutral
neutral/im3242.png,neutral
neutral/im3243.png,neutral
neutral/im3244.png,neutral
neutral/im3244_2.png,neutral
neutral/im3245.png,neutral
neutral/im3246.png,neutral
neutral/im3246_1.png,neutral
neutral/im3247.png,neutral
neutral/im3248.png,neutral
neutral/im3249.png,neutral
neutral/im3250.png,neutral
neutral/im3251.png,neutral
neutral/im3253.png,neutral
neutral/im3254.png,neutral
neutral/im3255.png,neutral
neutral/im3255_1.png,neutral
neutral/im3256.png,neutral
neutral/im3256_2.png,neutral
neutral/im3257.png,neutral
neutral/im3257_2.png,neutral
neutral/im3258.png,neutral
neutral/im3259.png,neutral
neutral/im3259_1.png,neutral
neutral/im3262_2.png,neutral
neutral/im3263.png,neutral
neutral/im3263_2.png,neutral
neutral/im3264.png,neutral
neutral/im3264_1.png,neutral
neutral/im3264_2.png,neutral
neutral/im3265.png,neutral
neutral/im3265_2.png,neutral
neutral/im3266.png,neutral
neutral/im3269.png,neutral
neutral/im3270.png,neutral
neutral/im3271.png,neutral
neutral/im3272.png,neutral
neutral/im3273_2.png,neutral
neutral/im3273_3.png,neutral
neutral/im3275.png,neutral
neutral/im3275_2.png,neutral
neutral/im3275_3.png,neutral
neutral/im3276.png,neutral
neutral/im3276_2.png,neutral
neutral/im3277.png,neutral
neutral/im3277_2.png,neutral
neutral/im3278.png,neutral
neutral/im3278_1.png,neutral
neutral/im3279.png,neutral
neutral/im3281.png,neutral
neutral/im3282_2.png,neutral
neutral/im3283.png,neutral
neutral/im3285.png,neutral
neutral/im3287.png,neutral
neutral/im3288.png,neutral
neutral/im3288_1.png,neutral
neutral/im3289.png,neutral
neutral/im3290.png,neutral
neutral/im3291.png,neutral
neutral/im3292.png,neutral
neutral/im3294.png,neutral
neutral/im3295.png,neutral
neutral/im3296.png,neutral
neutral/im3297.png,neutral
neutral/im3298.png,neutral
neutral/im3299.png,neutral
neutral/im3300.png,neutral
neutral/im3301.png,neutral
neutral/im3302_2.png,neutral
neutral/im3303.png,neutral
neutral/im3303_2.png,neutral
neutral/im3304.png,neutral
neutral/im3305.png,neutral
neutral/im3306.png,neutral
neutral/im3306_1.png,neutral
neutral/im3307.png,neutral
neutral/im3307_2.png,neutral
neutral/im3308.png,neutral
neutral/im3309.png,neutral
neutral/im3310.png,neutral
neutral/im3310_1.png,neutral
neutral/im3311.png,neutral
neutral/im3312.png,neutral
neutral/im3312_1.png,neutral
neutral/im3312_2.png,neutral
neutral/im3313.png,neutral
neutral/im3314.png,neutral
neutral/im3316.png,neutral
neutral/im3317.png,neutral
neutral/im3318.png,neutral
neutral/im3319.png,neutral
neutral/im3319_2.png,neutral
neutral/im3320.png,neutral
neutral/im3321.png,neutral
neutral/im3321_1.png,neutral
neutral/im3322.png,neutral
neutral/im3322_2.png,neutral
neutral/im3323.png,neutral
neutral/im3324.png,neutral
neutral/im3325.png,neutral
neutral/im3325_2.png,neutral
neutral/im3328.png,neutral
neutral/im3329.png,neutral
neutral/im3330.png,neutral
neutral/im3330_2.png,neutral
neutral/im3331.png,neutral
neutral/im3332.png,neutral
neutral/im3333.png,neutral
neutral/im3334.png,neutral
neutral/im3335.png,neutral
neutral/im3336.png,neutral
neutral/im3337.png,neutral
neutral/im3337_1.png,neutral
neutral/im3338_2.png,neutral
neutral/im3340.png,neutral
neutral/im3343_2.png,neutral
neutral/im3344.png,neutral
neutral/im3345.png,neutral
neutral/im3347.png,neutral
neutral/im3347_2.png,neutral
neutral/im3348.png,neutral
neutral/im3349.png,neutral
neutral/im3350.png,neutral
neutral/im3352.png,neutral
neutral/im3352_1.png,neutral
neutral/im3353_1.png,neutral
neutral/im3354_2.png,neutral
neutral/im3355.png,neutral
neutral/im3355_2.png,neutral
neutral/im3357.png,neutral
neutral/im3359.png,neutral
neutral/im3360.png,neutral
neutral/im3360_2.png,neutral
neutral/im3361.png,neutral
neutral/im3362.png,neutral
neutral/im3363.png,neutral
neutral/im3364.png,neutral
neutral/im3366.png,neutral
neutral/im3367.png,neutral
neutral/im3367_2.png,neutral
neutral/im3368.png,neutral
neutral/im3369.png,neutral
neutral/im3370.png,neutral
neutral/im3371_2.png,neutral
neutral/im3373.png,neutral
neutral/im3373_2.png,neutral
neutral/im3374.png,neutral
neutral/im3375.png,neutral
neutral/im3376.png,neutral
neutral/im3377.png,neutral
neutral/im3378.png,neutral
neutral/im3379.png,neutral
neutral/im3380.png,neutral
neutral/im3380_2.png,neutral
neutral/im3381.png,neutral
neutral/im3382.png,neutral
neutral/im3383.png,neutral
neutral/im3384.png,neutral
neutral/im3385.png,neutral
neutral/im3385_1.png,neutral
neutral/im3386.png,neutral
neutral/im3387.png,neutral
neutral/im3388.png,neutral
neutral/im3389.png,neutral
neutral/im3391.png,neutral
neutral/im3392_2.png,neutral
neutral/im3393.png,neutral
neutral/im3394.png,neutral
neutral/im3396_2.png,neutral
neutral/im3397.png,neutral
neutral/im3398.png,neutral
neutral/im3399.png,neutral
neutral/im3400.png,neutral
neutral/im3401.png,neutral
neutral/im3401_1.png,neutral
neutral/im3403.png,neutral
neutral/im3403_2.png,neutral
neutral/im3404.png,neutral
neutral/im3404_2.png,neutral
neutral/im3405_1.png,neutral
neutral/im3405_2.png,neutral
neutral/im3406.png,neutral
neutral/im3406_1.png,neutral
neutral/im3408.png,neutral
neutral/im3409.png,neutral
neutral/im3410.png,neutral
neutral/im3414_2.png,neutral
neutral/im3415.png,neutral
neutral/im3415_2.png,neutral
neutral/im3416.png,neutral
neutral/im3416_1.png,neutral
neutral/im3416_2.png,neutral
neutral/im3417_1.png,neutral
neutral/im3417_2.png,neutral
neutral/im3418.png,neutral
neutral/im3418_1.png,neutral
neutral/im3418_2.png,neutral
neutral/im3419.png,neutral
neutral/im3420.png,neutral
neutral/im3420_1.png,neutral
neutral/im3420_2.png,neutral
neutral/im3421.png,neutral
neutral/im3422.png,neutral
neutral/im3422_1.png,neutral
neutral/im3423.png,neutral
neutral/im3424_2.png,neutral
neutral/im3425.png,neutral
neutral/im3426_2.png,neutral
neutral/im3427.png,neutral
neutral/im3427_2.png,neutral
neutral/im3429.png,neutral
neutral/im3430.png,neutral
neutral/im3430_1.png,neutral
neutral/im3430_2.png,neutral
neutral/im3431.png,neutral
neutral/im3432.png,neutral
neutral/im3434.png,neutral
neutral/im3435.png,neutral
neutral/im3435_1.png,neutral
neutral/im3436.png,neutral
neutral/im3436_1.png,neutral
neutral/im3437.png,neutral
neutral/im3438.png,neutral
neutral/im3438_2.png,neutral
neutral/im3439.png,neutral
neutral/im3440.png,neutral
neutral/im3442.png,neutral
neutral/im3442_1.png,neutral
neutral/im3444.png,neutral
neutral/im3446.png,neutral
neutral/im3446_2.png,neutral
neutral/im3447.png,neutral
neutral/im3448.png,neutral
neutral/im3448_1.png,neutral
neutral/im3449.png,neutral
neutral/im3449_2.png,neutral
neutral/im3451.png,neutral
neutral/im3452.png,neutral
neutral/im3453.png,neutral
neutral/im3454.png,neutral
neutral/im3455.png,neutral
neutral/im3455_1.png,neutral
neutral/im3455_2.png,neutral
neutral/im3460.png,neutral
neutral/im3461.png,neutral
neutral/im3462.png,neutral
neutral/im3463.png,neutral
neutral/im3464.png,neutral
neutral/im3465.png,neutral
neutral/im3466.png,neutral
neutral/im3467.png,neutral
neutral/im3468.png,neutral
neutral/im3469.png,neutral
neutral/im3470.png,neutral
neutral/im3471.png,neutral
neutral/im3471_2.png,neutral
neutral/im3472.png,neutral
neutral/im3473.png,neutral
neutral/im3473_2.png,neutral
neutral/im3474.png,neutral
neutral/im3475.png,neutral
neutral/im3476.png,neutral
neutral/im3476_2.png,neutral
neutral/im3477.png,neutral
neutral/im3477_2.png,neutral
neutral/im3478.png,neutral
neutral/im3479.png,neutral
neutral/im3481.png,neutral
neutral/im3481_1.png,neutral
neutral/im3482.png,neutral
neutral/im3483.png,neutral
neutral/im3484.png,neutral
neutral/im3484_1.png,neutral
neutral/im3484_2.png,neutral
neutral/im3485.png,neutral
neutral/im3486.png,neutral
neutral/im3487.png,neutral
neutral/im3487_1.png,neutral
neutral/im3488.png,neutral
neutral/im3488_1.png,neutral
neutral/im3488_2.png,neutral
neutral/im3489.png,neutral
neutral/im3490.png,neutral
neutral/im3490_1.png,neutral
neutral/im3490_2.png,neutral
neutral/im3492.png,neutral
neutral/im3493.png,neutral
neutral/im3493_1.png,neutral
neutral/im3494_2.png,neutral
neutral/im3495.png,neutral
neutral/im3496.png,neutral
neutral/im3496_2.png,neutral
neutral/im3497.png,neutral
neutral/im3497_2.png,neutral
neutral/im3499.png,neutral
neutral/im3499_2.png,neutral
neutral/im3501.png,neutral
neutral/im3501_1.png,neutral
neutral/im3503.png,neutral
neutral/im3504.png,neutral
neutral/im3504_1.png,neutral
neutral/im3504_2.png,neutral
neutral/im3505.png,neutral
neutral/im3505_1.png,neutral
neutral/im3506.png,neutral
neutral/im3507.png,neutral
neutral/im3508.png,neutral
neutral/im3508_2.png,neutral
neutral/im3508_3.png,neutral
neutral/im3509.png,neutral
neutral/im3510.png,neutral
neutral/im3510_2.png,neutral
neutral/im3511.png,neutral
neutral/im3511_2.png,neutral
neutral/im3512.png,neutral
neutral/im3514_2.png,neutral
neutral/im3515.png,neutral
neutral/im3516.png,neutral
neutral/im3517.png,neutral
neutral/im3518.png,neutral
neutral/im3519.png,neutral
neutral/im3521.png,neutral
neutral/im3522.png,neutral
neutral/im3524.png,neutral
neutral/im3525.png,neutral
neutral/im3526.png,neutral
neutral/im3528.png,neutral
neutral/im3528_1.png,neutral
neutral/im3529.png,neutral
neutral/im3530.png,neutral
neutral/im3532.png,neutral
neutral/im3537.png,neutral
neutral/im3538_2.png,neutral
neutral/im3539.png,neutral
neutral/im3540.png,neutral
neutral/im3541.png,neutral
neutral/im3543.png,neutral
neutral/im3543_2.png,neutral
neutral/im3544_1.png,neutral
neutral/im3545.png,neutral
neutral/im3546.png,neutral
neutral/im3546_1.png,neutral
neutral/im3547.png,neutral
neutral/im3548.png,neutral
neutral/im3549.png,neutral
neutral/im3551.png,neutral
neutral/im3552.png,neutral
neutral/im3553.png,neutral
neutral/im3554.png,neutral
neutral/im3554_2.png,neutral
neutral/im3555.png,neutral
neutral/im3556.png,neutral
neutral/im3556_1.png,neutral
neutral/im3558.png,neutral
neutral/im3561.png,neutral
neutral/im3562_2.png,neutral
neutral/im3563.png,neutral
neutral/im3563_2.png,neutral
neutral/im3564_2.png,neutral
neutral/im3565.png,neutral
neutral/im3565_1.png,neutral
neutral/im3565_2.png,neutral
neutral/im3566.png,neutral
neutral/im3568.png,neutral
neutral/im3569.png,neutral
neutral/im3570.png,neutral
neutral/im3571.png,neutral
neutral/im3574.png,neutral
neutral/im3575.png,neutral
neutral/im3575_1.png,neutral
neutral/im3576.png,neutral
neutral/im3576_1.png,neutral
neutral/im3576_2.png,neutral
neutral/im3580.png,neutral
neutral/im3580_2.png,neutral
neutral/im3581.png,neutral
neutral/im3584_1.png,neutral
neutral/im3584_2.png,neutral
neutral/im3585_2.png,neutral
neutral/im3587.png,neutral
neutral/im3588.png,neutral
neutral/im3590.png,neutral
neutral/im3591.png,neutral
neutral/im3592.png,neutral
neutral/im3593.png,neutral
neutral/im3594.png,neutral
neutral/im3595.png,neutral
neutral/im3598.png,neutral
neutral/im3598_1.png,neutral
neutral/im3599.png,neutral
neutral/im3600.png,neutral
neutral/im3600_2.png,neutral
neutral/im3601.png,neutral
neutral/im3601_1.png,neutral
neutral/im3602.png,neutral
neutral/im3602_1.png,neutral
neutral/im3603.png,neutral
neutral/im3603_2.png,neutral
neutral/im3604.png,neutral
neutral/im3605.png,neutral
neutral/im3606.png,neutral
neutral/im3606_1.png,neutral
neutral/im3608_2.png,neutral
neutral/im3608_3.png,neutral
neutral/im3609.png,neutral
neutral/im3610.png,neutral
neutral/im3611.png,neutral
neutral/im3612.png,neutral
neutral/im3613.png,neutral
neutral/im3615.png,neutral
neutral/im3616.png,neutral
neutral/im3616_2.png,neutral
neutral/im3617.png,neutral
neutral/im3618.png,neutral
neutral/im3622.png,neutral
neutral/im3623.png,neutral
neutral/im3623_1.png,neutral
neutral/im3625.png,neutral
neutral/im3626.png,neutral
neutral/im3627.png,neutral
neutral/im3628.png,neutral
neutral/im3629.png,neutral
neutral/im3629_1.png,neutral
neutral/im3630.png,neutral
neutral/im3631.png,neutral
neutral/im3632.png,neutral
neutral/im3633.png,neutral
neutral/im3634.png,neutral
neutral/im3635.png,neutral
neutral/im3635_1.png,neutral
neutral/im3638.png,neutral
neutral/im3639.png,neutral
neutral/im3639_2.png,neutral
neutral/im3641.png,neutral
neutral/im3642.png,neutral
neutral/im3643.png,neutral
neutral/im3644.png,neutral
neutral/im3645_1.png,neutral
neutral/im3646.png,neutral
neutral/im3646_2.png,neutral
neutral/im3647.png,neutral
neutral/im3648.png,neutral
neutral/im3648_2.png,neutral
neutral/im3649.png,neutral
neutral/im3650.png,neutral
neutral/im3651.png,neutral
neutral/im3652.png,neutral
neutral/im3652_2.png,neutral
neutral/im3653.png,neutral
neutral/im3653_2.png,neutral
neutral/im3654.png,neutral
neutral/im3654_2.png,neutral
neutral/im3654_3.png,neutral
neutral/im3655.png,neutral
neutral/im3656.png,neutral
neutral/im3657.png,neutral
neutral/im3657_2.png,neutral
neutral/im3658.png,neutral
neutral/im3660.png,neutral
neutral/im3660_2.png,neutral
neutral/im3661.png,neutral
neutral/im3662.png,neutral
neutral/im3662_1.png,neutral
neutral/im3663.png,neutral
neutral/im3664.png,neutral
neutral/im3665.png,neutral
neutral/im3665_1.png,neutral
neutral/im3666.png,neutral
neutral/im3667.png,neutral
neutral/im3667_2.png,neutral
neutral/im3668.png,neutral
neutral/im3669.png,neutral
neutral/im3669_2.png,neutral
neutral/im3670.png,neutral
neutral/im3670_2.png,neutral
neutral/im3671_2.png,neutral
neutral/im3672_2.png,neutral
neutral/im3674.png,neutral
neutral/im3676.png,neutral
neutral/im3676_1.png,neutral
neutral/im3676_2.png,neutral
neutral/im3676_3.png,neutral
neutral/im3678.png,neutral
neutral/im3678_1.png,neutral
neutral/im3680.png,neutral
neutral/im3681_1.png,neutral
neutral/im3681_2.png,neutral
neutral/im3682.png,neutral
neutral/im3683.png,neutral
neutral/im3685.png,neutral
neutral/im3685_2.png,neutral
neutral/im3686.png,neutral
neutral/im3688_1.png,neutral
neutral/im3689.png,neutral
neutral/im3689_1.png,neutral
neutral/im3690_2.png,neutral
neutral/im3691.png,neutral
neutral/im3692.png,neutral
neutral/im3693.png,neutral
neutral/im3694_2.png,neutral
neutral/im3695.png,neutral
neutral/im3696.png,neutral
neutral/im3696_2.png,neutral
neutral/im3698.png,neutral
neutral/im3698_2.png,neutral
neutral/im3699.png,neutral
neutral/im3700.png,neutral
neutral/im3700_1.png,neutral
neutral/im3701.png,neutral
neutral/im3703.png,neutral
neutral/im3704_1.png,neutral
neutral/im3705.png,neutral
neutral/im3705_2.png,neutral
neutral/im3706.png,neutral
neutral/im3707.png,neutral
neutral/im3707_1.png,neutral
neutral/im3709.png,neutral
neutral/im3710.png,neutral
neutral/im3711_1.png,neutral
neutral/im3711_2.png,neutral
neutral/im3712.png,neutral
neutral/im3712_1.png,neutral
neutral/im3713.png,neutral
neutral/im3714.png,neutral
neutral/im3715.png,neutral
neutral/im3716.png,neutral
neutral/im3717.png,neutral
neutral/im3718_2.png,neutral
neutral/im3719.png,neutral
neutral/im3720.png,neutral
neutral/im3721.png,neutral
neutral/im3722.png,neutral
neutral/im3722_2.png,neutral
neutral/im3723.png,neutral
neutral/im3723_2.png,neutral
neutral/im3724.png,neutral
neutral/im3726.png,neutral
neutral/im3726_2.png,neutral
neutral/im3727.png,neutral
neutral/im3729_2.png,neutral
neutral/im3730.png,neutral
neutral/im3731.png,neutral
neutral/im3732.png,neutral
neutral/im3732_2.png,neutral
neutral/im3734.png,neutral
neutral/im3736.png,neutral
neutral/im3737.png,neutral
neutral/im3738.png,neutral
neutral/im3739.png,neutral
neutral/im3740.png,neutral
neutral/im3743.png,neutral
neutral/im3743_1.png,neutral
neutral/im3745.png,neutral
neutral/im3746_2.png,neutral
neutral/im3747.png,neutral
neutral/im3748.png,neutral
neutral/im3749.png,neutral
neutral/im3750.png,neutral
neutral/im3751.png,neutral
neutral/im3752_1.png,neutral
neutral/im3754.png,neutral
neutral/im3755.png,neutral
neutral/im3756.png,neutral
neutral/im3757_2.png,neutral
neutral/im3759.png,neutral
neutral/im3760.png,neutral
neutral/im3760_2.png,neutral
neutral/im3762.png,neutral
neutral/im3764.png,neutral
neutral/im3765.png,neutral
neutral/im3766.png,neutral
neutral/im3767_2.png,neutral
neutral/im3768.png,neutral
neutral/im3769_1.png,neutral
neutral/im3770.png,neutral
neutral/im3772.png,neutral
neutral/im3772_1.png,neutral
neutral/im3772_2.png,neutral
neutral/im3774.png,neutral
neutral/im3775_3.png,neutral
neutral/im3777.png,neutral
neutral/im3778.png,neutral
neutral/im3778_2.png,neutral
neutral/im3779.png,neutral
neutral/im3780.png,neutral
neutral/im3781.png,neutral
neutral/im3782.png,neutral
neutral/im3783.png,neutral
neutral/im3784.png,neutral
neutral/im3785.png,neutral
neutral/im3785_2.png,neutral
neutral/im3786.png,neutral
neutral/im3786_3.png,neutral
neutral/im3787.png,neutral
neutral/im3788.png,neutral
neutral/im3790.png,neutral
neutral/im3790_1.png,neutral
neutral/im3792_2.png,neutral
neutral/im3793.png,neutral
neutral/im3793_1.png,neutral
neutral/im3793_2.png,neutral
neutral/im3796.png,neutral
neutral/im3798.png,neutral
neutral/im3799.png,neutral
neutral/im3799_2.png,neutral
neutral/im3800.png,neutral
neutral/im3800_2.png,neutral
neutral/im3803.png,neutral
neutral/im3803_2.png,neutral
neutral/im3806.png,neutral
neutral/im3806_2.png,neutral
neutral/im3806_3.png,neutral
neutral/im3807.png,neutral
neutral/im3808.png,neutral
neutral/im3809.png,neutral
neutral/im3809_2.png,neutral
neutral/im3810.png,neutral
neutral/im3810_2.png,neutral
neutral/im3811.png,neutral
neutral/im3811_2.png,neutral
neutral/im3812.png,neutral
neutral/im3813.png,neutral
neutral/im3813_2.png,neutral
neutral/im3814.png,neutral
neutral/im3815.png,neutral
neutral/im3816.png,neutral
neutral/im3817_1.png,neutral
neutral/im3817_2.png,neutral
neutral/im3819_2.png,neutral
neutral/im3821_2.png,neutral
neutral/im3823.png,neutral
neutral/im3824.png,neutral
neutral/im3824_2.png,neutral
neutral/im3825.png,neutral
neutral/im3826.png,neutral
neutral/im3827.png,neutral
neutral/im3828.png,neutral
neutral/im3828_2.png,neutral
neutral/im3831.png,neutral
neutral/im3832.png,neutral
neutral/im3833.png,neutral
neutral/im3838.png,neutral
neutral/im3839.png,neutral
neutral/im3841_2.png,neutral
neutral/im3842.png,neutral
neutral/im3843_1.png,neutral
neutral/im3844.png,neutral
neutral/im3845.png,neutral
neutral/im3845_1.png,neutral
neutral/im3845_2.png,neutral
neutral/im3846.png,neutral
neutral/im3846_2.png,neutral
neutral/im3848.png,neutral
neutral/im3849.png,neutral
neutral/im3850.png,neutral
neutral/im3850_2.png,neutral
neutral/im3851.png,neutral
neutral/im3852_2.png,neutral
neutral/im3853.png,neutral
neutral/im3853_2.png,neutral
neutral/im3854.png,neutral
neutral/im3854_1.png,neutral
neutral/im3855.png,neutral
neutral/im3857.png,neutral
neutral/im3857_1.png,neutral
neutral/im3858.png,neutral
neutral/im3859.png,neutral
neutral/im3859_1.png,neutral
neutral/im3860_1.png,neutral
neutral/im3861.png,neutral
neutral/im3863.png,neutral
neutral/im3864.png,neutral
neutral/im3864_2.png,neutral
neutral/im3867_1.png,neutral
neutral/im3868.png,neutral
neutral/im3869.png,neutral
neutral/im3870.png,neutral
neutral/im3870_1.png,neutral
neutral/im3870_2.png,neutral
neutral/im3872.png,neutral
neutral/im3873.png,neutral
neutral/im3875.png,neutral
neutral/im3875_1.png,neutral
neutral/im3877_2.png,neutral
neutral/im3878.png,neutral
neutral/im3879.png,neutral
neutral/im3880_2.png,neutral
neutral/im3881.png,neutral
neutral/im3881_2.png,neutral
neutral/im3881_3.png,neutral
neutral/im3882.png,neutral
neutral/im3883.png,neutral
neutral/im3884.png,neutral
neutral/im3884_1.png,neutral
neutral/im3885.png,neutral
neutral/im3887.png,neutral
neutral/im3887_2.png,neutral
neutral/im3889_2.png,neutral
neutral/im3891.png,neutral
neutral/im3892.png,neutral
neutral/im3893.png,neutral
neutral/im3894.png,neutral
neutral/im3899.png,neutral
neutral/im3900_2.png,neutral
neutral/im3901.png,neutral
neutral/im3901_2.png,neutral
neutral/im3903.png,neutral
neutral/im3904.png,neutral
neutral/im3904_2.png,neutral
neutral/im3906.png,neutral
neutral/im3907_2.png,neutral
neutral/im3908.png,neutral
neutral/im3908_1.png,neutral
neutral/im3909.png,neutral
neutral/im3910_1.png,neutral
neutral/im3913.png,neutral
neutral/im3914.png,neutral
neutral/im3916.png,neutral
neutral/im3916_2.png,neutral
neutral/im3917.png,neutral
neutral/im3918.png,neutral
neutral/im3919.png,neutral
neutral/im3920.png,neutral
neutral/im3921.png,neutral
neutral/im3922.png,neutral
neutral/im3922_2.png,neutral
neutral/im3923.png,neutral
neutral/im3923_2.png,neutral
neutral/im3924.png,neutral
neutral/im3925.png,neutral
neutral/im3925_2.png,neutral
neutral/im3927.png,neutral
neutral/im3929.png,neutral
neutral/im3929_1.png,neutral
neutral/im3931.png,neutral
neutral/im3932.png,neutral
neutral/im3932_1.png,neutral
neutral/im3933.png,neutral
neutral/im3935.png,neutral
neutral/im3936_2.png,neutral
neutral/im3937.png,neutral
neutral/im3938.png,neutral
neutral/im3942.png,neutral
neutral/im3944.png,neutral
neutral/im3946.png,neutral
neutral/im3946_2.png,neutral
neutral/im3947.png,neutral
neutral/im3948.png,neutral
neutral/im3948_2.png,neutral
neutral/im3949.png,neutral
neutral/im3950.png,neutral
neutral/im3951.png,neutral
neutral/im3951_1.png,neutral
neutral/im3952.png,neutral
neutral/im3954.png,neutral
neutral/im3956.png,neutral
neutral/im3957.png,neutral
neutral/im3957_1.png,neutral
neutral/im3958.png,neutral
neutral/im3959.png,neutral
neutral/im3960.png,neutral
neutral/im3960_2.png,neutral
neutral/im3961.png,neutral
neutral/im3962.png,neutral
neutral/im3963.png,neutral
neutral/im3964.png,neutral
neutral/im3964_2.png,neutral
neutral/im3965.png,neutral
neutral/im3965_2.png,neutral
neutral/im3967.png,neutral
neutral/im3970.png,neutral
neutral/im3973.png,neutral
neutral/im3974.png,neutral
neutral/im3974_1.png,neutral
neutral/im3975.png,neutral
neutral/im3977_2.png,neutral
neutral/im3978.png,neutral
neutral/im3979.png,neutral
neutral/im3980.png,neutral
neutral/im3981.png,neutral
neutral/im3982.png,neutral
neutral/im3983.png,neutral
neutral/im3985.png,neutral
neutral/im3986.png,neutral
neutral/im3986_2.png,neutral
neutral/im3987.png,neutral
neutral/im3988.png,neutral
neutral/im3988_1.png,neutral
neutral/im3989.png,neutral
neutral/im3990_2.png,neutral
neutral/im3991.png,neutral
neutral/im3992_2.png,neutral
neutral/im3993.png,neutral
neutral/im3994.png,neutral
neutral/im3994_2.png,neutral
neutral/im3995.png,neutral
neutral/im3996.png,neutral
neutral/im3997.png,neutral
neutral/im3997_2.png,neutral
neutral/im3998.png,neutral
neutral/im3999.png,neutral
neutral/im3999_2.png,neutral
neutral/im4000.png,neutral
neutral/im4001.png,neutral
neutral/im4002.png,neutral
neutral/im4003.png,neutral
neutral/im4006.png,neutral
neutral/im4006_1.png,neutral
neutral/im4007.png,neutral
neutral/im4008.png,neutral
neutral/im4009.png,neutral
neutral/im4010.png,neutral
neutral/im4011.png,neutral
neutral/im4013.png,neutral
neutral/im4014.png,neutral
neutral/im4015.png,neutral
neutral/im4016.png,neutral
neutral/im4016_2.png,neutral
neutral/im4017.png,neutral
neutral/im4018.png,neutral
neutral/im4019.png,neutral
neutral/im4020.png,neutral
neutral/im4021.png,neutral
neutral/im4022.png,neutral
neutral/im4023.png,neutral
neutral/im4023_1.png,neutral
neutral/im4025.png,neutral
neutral/im4026.png,neutral
neutral/im4028.png,neutral
neutral/im4029.png,neutral
neutral/im4031.png,neutral
neutral/im4031_1.png,neutral
neutral/im4032.png,neutral
neutral/im4033.png,neutral
neutral/im4034.png,neutral
neutral/im4035.png,neutral
neutral/im4037_1.png,neutral
neutral/im4038_2.png,neutral
neutral/im4039.png,neutral
neutral/im4040.png,neutral
neutral/im4041.png,neutral
neutral/im4041_1.png,neutral
neutral/im4042.png,neutral
neutral/im4042_1.png,neutral
neutral/im4043.png,neutral
neutral/im4044.png,neutral
neutral/im4046.png,neutral
neutral/im4046_1.png,neutral
neutral/im4046_2.png,neutral
neutral/im4047.png,neutral
neutral/im4048.png,neutral
neutral/im4049.png,neutral
neutral/im4049_1.png,neutral
neutral/im4050.png,neutral
neutral/im4051.png,neutral
neutral/im4051_1.png,neutral
neutral/im4053.png,neutral
neutral/im4053_1.png,neutral
neutral/im4055.png,neutral
neutral/im4056.png,neutral
neutral/im4057.png,neutral
neutral/im4057_2.png,neutral
neutral/im4058.png,neutral
neutral/im4058_1.png,neutral
neutral/im4060.png,neutral
neutral/im4061.png,neutral
neutral/im4062.png,neutral
neutral/im4063.png,neutral
neutral/im4065.png,neutral
neutral/im4065_2.png,neutral
neutral/im4066_1.png,neutral
neutral/im4067.png,neutral
neutral/im4068.png,neutral
neutral/im4069.png,neutral
neutral/im4070.png,neutral
neutral/im4071.png,neutral
neutral/im4072.png,neutral
neutral/im4073.png,neutral
neutral/im4074.png,neutral
neutral/im4075.png,neutral
neutral/im4076.png,neutral
neutral/im4077.png,neutral
neutral/im4078.png,neutral
neutral/im4079.png,neutral
neutral/im4082.png,neutral
neutral/im4083.png,neutral
neutral/im4083_1.png,neutral
neutral/im4084.png,neutral
neutral/im4085.png,neutral
neutral/im4085_1.png,neutral
neutral/im4086_2.png,neutral
neutral/im4087.png,neutral
neutral/im4089.png,neutral
neutral/im4090.png,neutral
neutral/im4092.png,neutral
neutral/im4094.png,neutral
neutral/im4094_1.png,neutral
neutral/im4095.png,neutral
neutral/im4096.png,neutral
neutral/im4097.png,neutral
neutral/im4098.png,neutral
neutral/im4099.png,neutral
neutral/im4100.png,neutral
neutral/im4102.png,neutral
neutral/im4103.png,neutral
neutral/im4104.png,neutral
neutral/im4105.png,neutral
neutral/im4105_1.png,neutral
neutral/im4106.png,neutral
neutral/im4108.png,neutral
neutral/im4109.png,neutral
neutral/im4110.png,neutral
neutral/im4111.png,neutral
neutral/im4112.png,neutral
neutral/im4113.png,neutral
neutral/im4114.png,neutral
neutral/im4115.png,neutral
neutral/im4117.png,neutral
neutral/im4119.png,neutral
neutral/im4120.png,neutral
neutral/im4122.png,neutral
neutral/im4122_1.png,neutral
neutral/im4124.png,neutral
neutral/im4125.png,neutral
neutral/im4125_1.png,neutral
neutral/im4126.png,neutral
neutral/im4127.png,neutral
neutral/im4129.png,neutral
neutral/im4130.png,neutral
neutral/im4131.png,neutral
neutral/im4133_1.png,neutral
neutral/im4134.png,neutral
neutral/im4135.png,neutral
neutral/im4136.png,neutral
neutral/im4137.png,neutral
neutral/im4137_1.png,neutral
neutral/im4141.png,neutral
neutral/im4142.png,neutral
neutral/im4143.png,neutral
neutral/im4146.png,neutral
neutral/im4148.png,neutral
neutral/im4149.png,neutral
neutral/im4150.png,neutral
neutral/im4151.png,neutral
neutral/im4152.png,neutral
neutral/im4153.png,neutral
neutral/im4154.png,neutral
neutral/im4155.png,neutral
neutral/im4157.png,neutral
neutral/im4159.png,neutral
neutral/im4161.png,neutral
neutral/im4161_1.png,neutral
neutral/im4162.png,neutral
neutral/im4163.png,neutral
neutral/im4164.png,neutral
neutral/im4165.png,neutral
neutral/im4166.png,neutral
neutral/im4168.png,neutral
neutral/im4169.png,neutral
neutral/im4170.png,neutral
neutral/im4172_1.png,neutral
neutral/im4174.png,neutral
neutral/im4174_1.png,neutral
neutral/im4176.png,neutral
neutral/im4176_1.png,neutral
neutral/im4177.png,neutral
neutral/im4178.png,neutral
neutral/im4179.png,neutral
neutral/im4180.png,neutral
neutral/im4182.png,neutral
neutral/im4183.png,neutral
neutral/im4185.png,neutral
neutral/im4185_1.png,neutral
neutral/im4188.png,neutral
neutral/im4189.png,neutral
neutral/im4189_1.png,neutral
neutral/im4190.png,neutral
neutral/im4190_1.png,neutral
neutral/im4192.png,neutral
neutral/im4193.png,neutral
neutral/im4194.png,neutral
neutral/im4195.png,neutral
neutral/im4196.png,neutral
neutral/im4196_1.png,neutral
neutral/im4197.png,neutral
neutral/im4198.png,neutral
neutral/im4199.png,neutral
neutral/im4202.png,neutral
neutral/im4203.png,neutral
neutral/im4204.png,neutral
neutral/im4206.png,neutral
neutral/im4207.png,neutral
neutral/im4208.png,neutral
neutral/im4209.png,neutral
neutral/im4211.png,neutral
neutral/im4212.png,neutral
neutral/im4214.png,neutral
neutral/im4216.png,neutral
neutral/im4218.png,neutral
neutral/im4218_1.png,neutral
neutral/im4219.png,neutral
neutral/im4220.png,neutral
neutral/im4221.png,neutral
neutral/im4221_1.png,neutral
neutral/im4222.png,neutral
neutral/im4223.png,neutral
neutral/im4224.png,neutral
neutral/im4225.png,neutral
neutral/im4227.png,neutral
neutral/im4228.png,neutral
neutral/im4229.png,neutral
neutral/im4230_1.png,neutral
neutral/im4231.png,neutral
neutral/im4232.png,neutral
neutral/im4234.png,neutral
neutral/im4235.png,neutral
neutral/im4236.png,neutral
neutral/im4236_1.png,neutral
neutral/im4237.png,neutral
neutral/im4238.png,neutral
neutral/im4240.png,neutral
neutral/im4241.png,neutral
neutral/im4242.png,neutral
neutral/im4243.png,neutral
neutral/im4244.png,neutral
neutral/im4245.png,neutral
neutral/im4246.png,neutral
neutral/im4247_1.png,neutral
neutral/im4248.png,neutral
neutral/im4248_1.png,neutral
neutral/im4250.png,neutral
neutral/im4251.png,neutral
neutral/im4251_1.png,neutral
neutral/im4252.png,neutral
neutral/im4253.png,neutral
neutral/im4254_1.png,neutral
neutral/im4255.png,neutral
neutral/im4256.png,neutral
neutral/im4257.png,neutral
neutral/im4258.png,neutral
neutral/im4258_1.png,neutral
neutral/im4259.png,neutral
neutral/im4260_1.png,neutral
neutral/im4261.png,neutral
neutral/im4262.png,neutral
neutral/im4264.png,neutral
neutral/im4267.png,neutral
neutral/im4268.png,neutral
neutral/im4269.png,neutral
neutral/im4271.png,neutral
neutral/im4271_1.png,neutral
neutral/im4272.png,neutral
neutral/im4272_1.png,neutral
neutral/im4273.png,neutral
neutral/im4274.png,neutral
neutral/im4275.png,neutral
neutral/im4276.png,neutral
neutral/im4279.png,neutral
neutral/im4280.png,neutral
neutral/im4280_1.png,neutral
neutral/im4282.png,neutral
neutral/im4283.png,neutral
neutral/im4284.png,neutral
neutral/im4286.png,neutral
neutral/im4287.png,neutral
neutral/im4288.png,neutral
neutral/im4290.png,neutral
neutral/im4291.png,neutral
neutral/im4293.png,neutral
neutral/im4294.png,neutral
neutral/im4295.png,neutral
neutral/im4296.png,neutral
neutral/im4297.png,neutral
neutral/im4298.png,neutral
neutral/im4299.png,neutral
neutral/im4302.png,neutral
neutral/im4304.png,neutral
neutral/im4305.png,neutral
neutral/im4308.png,neutral
neutral/im4309.png,neutral
neutral/im4311.png,neutral
neutral/im4312.png,neutral
neutral/im4313.png,neutral
neutral/im4314_1.png,neutral
neutral/im4316.png,neutral
neutral/im4317.png,neutral
neutral/im4318.png,neutral
neutral/im4320.png,neutral
neutral/im4323.png,neutral
neutral/im4324.png,neutral
neutral/im4325.png,neutral
neutral/im4325_1.png,neutral
neutral/im4326.png,neutral
neutral/im4326_1.png,neutral
neutral/im4327.png,neutral
neutral/im4330.png,neutral
neutral/im4331.png,neutral
neutral/im4333.png,neutral
neutral/im4334.png,neutral
neutral/im4336.png,neutral
neutral/im4338.png,neutral
neutral/im4339.png,neutral
neutral/im4340.png,neutral
neutral/im4341.png,neutral
neutral/im4342.png,neutral
neutral/im4346.png,neutral
neutral/im4347.png,neutral
neutral/im4349.png,neutral
neutral/im4350.png,neutral
neutral/im4351.png,neutral
neutral/im4353.png,neutral
neutral/im4354.png,neutral
neutral/im4354_1.png,neutral
neutral/im4355.png,neutral
neutral/im4357.png,neutral
neutral/im4358.png,neutral
neutral/im4359.png,neutral
neutral/im4360.png,neutral
neutral/im4361.png,neutral
neutral/im4361_1.png,neutral
neutral/im4362.png,neutral
neutral/im4363.png,neutral
neutral/im4364.png,neutral
neutral/im4366.png,neutral
neutral/im4367.png,neutral
neutral/im4370.png,neutral
neutral/im4371.png,neutral
neutral/im4372.png,neutral
neutral/im4372_1.png,neutral
neutral/im4373.png,neutral
neutral/im4374.png,neutral
neutral/im4375.png,neutral
neutral/im4375_1.png,neutral
neutral/im4376.png,neutral
neutral/im4377.png,neutral
neutral/im4378.png,neutral
neutral/im4379.png,neutral
neutral/im4380.png,neutral
neutral/im4381.png,neutral
neutral/im4382.png,neutral
neutral/im4383.png,neutral
neutral/im4384.png,neutral
neutral/im4385.png,neutral
neutral/im4387.png,neutral
neutral/im4388.png,neutral
neutral/im4388_1.png,neutral
neutral/im4389.png,neutral
neutral/im4390.png,neutral
neutral/im4390_1.png,neutral
neutral/im4392.png,neutral
neutral/im4394.png,neutral
neutral/im4396.png,neutral
neutral/im4398.png,neutral
neutral/im4399.png,neutral
neutral/im4402.png,neutral
neutral/im4403.png,neutral
neutral/im4404.png,neutral
neutral/im4406.png,neutral
neutral/im4406_1.png,neutral
neutral/im4407.png,neutral
neutral/im4408.png,neutral
neutral/im4410.png,neutral
neutral/im4411.png,neutral
neutral/im4412.png,neutral
neutral/im4413.png,neutral
neutral/im4415.png,neutral
neutral/im4416.png,neutral
neutral/im4417.png,neutral
neutral/im4420.png,neutral
neutral/im4421.png,neutral
neutral/im4422.png,neutral
neutral/im4423.png,neutral
neutral/im4424.png,neutral
neutral/im4428.png,neutral
neutral/im4429.png,neutral
neutral/im4430.png,neutral
neutral/im4431.png,neutral
neutral/im4432.png,neutral
neutral/im4433.png,neutral
neutral/im4434_1.png,neutral
neutral/im4436.png,neutral
neutral/im4437.png,neutral
neutral/im4438.png,neutral
neutral/im4439.png,neutral
neutral/im4440.png,neutral
neutral/im4441.png,neutral
neutral/im4443.png,neutral
neutral/im4444.png,neutral
neutral/im4445.png,neutral
neutral/im4446.png,neutral
neutral/im4446_1.png,neutral
neutral/im4449.png,neutral
neutral/im4451.png,neutral
neutral/im4452.png,neutral
neutral/im4453.png,neutral
neutral/im4454.png,neutral
neutral/im4455.png,neutral
neutral/im4457.png,neutral
neutral/im4457_1.png,neutral
neutral/im4458.png,neutral
neutral/im4460.png,neutral
neutral/im4461.png,neutral
neutral/im4462.png,neutral
neutral/im4463.png,neutral
neutral/im4465.png,neutral
neutral/im4465_1.png,neutral
neutral/im4466.png,neutral
neutral/im4467.png,neutral
neutral/im4468.png,neutral
neutral/im4469_1.png,neutral
neutral/im4470.png,neutral
neutral/im4470_1.png,neutral
neutral/im4471.png,neutral
neutral/im4472_1.png,neutral
neutral/im4474.png,neutral
neutral/im4474_1.png,neutral
neutral/im4475.png,neutral
neutral/im4478.png,neutral
neutral/im4480.png,neutral
neutral/im4483.png,neutral
neutral/im4484.png,neutral
neutral/im4485.png,neutral
neutral/im4485_1.png,neutral
neutral/im4486.png,neutral
neutral/im4487.png,neutral
neutral/im4488.png,neutral
neutral/im4488_1.png,neutral
neutral/im4489.png,neutral
neutral/im4490.png,neutral
neutral/im4493.png,neutral
neutral/im4494.png,neutral
neutral/im4495_1.png,neutral
neutral/im4496.png,neutral
neutral/im4499.png,neutral
neutral/im4501.png,neutral
neutral/im4502.png,neutral
neutral/im4505.png,neutral
neutral/im4505_1.png,neutral
neutral/im4510.png,neutral
neutral/im4510_1.png,neutral
neutral/im4512.png,neutral
neutral/im4513.png,neutral
neutral/im4514.png,neutral
neutral/im4516.png,neutral
neutral/im4517.png,neutral
neutral/im4519.png,neutral
neutral/im4521.png,neutral
neutral/im4523.png,neutral
neutral/im4524.png,neutral
neutral/im4525.png,neutral
neutral/im4526.png,neutral
neutral/im4526_1.png,neutral
neutral/im4528.png,neutral
neutral/im4531.png,neutral
neutral/im4532.png,neutral
neutral/im4533.png,neutral
neutral/im4537.png,neutral
neutral/im4538.png,neutral
neutral/im4539.png,neutral
neutral/im4539_1.png,neutral
neutral/im4540.png,neutral
neutral/im4542.png,neutral
neutral/im4542_1.png,neutral
neutral/im4543.png,neutral
neutral/im4544.png,neutral
neutral/im4544_1.png,neutral
neutral/im4545.png,neutral
neutral/im4546.png,neutral
neutral/im4547.png,neutral
neutral/im4547_1.png,neutral
neutral/im4548.png,neutral
neutral/im4549.png,neutral
neutral/im4550.png,neutral
neutral/im4552.png,neutral
neutral/im4553.png,neutral
neutral/im4555.png,neutral
neutral/im4556.png,neutral
neutral/im4557.png,neutral
neutral/im4558.png,neutral
neutral/im4559.png,neutral
neutral/im4559_1.png,neutral
neutral/im4560.png,neutral
neutral/im4561_1.png,neutral
neutral/im4563.png,neutral
neutral/im4563_1.png,neutral
neutral/im4565.png,neutral
neutral/im4566.png,neutral
neutral/im4567.png,neutral
neutral/im4570.png,neutral
neutral/im4571.png,neutral
neutral/im4572.png,neutral
neutral/im4574.png,neutral
neutral/im4575_1.png,neutral
neutral/im4576.png,neutral
neutral/im4577.png,neutral
neutral/im4578.png,neutral
neutral/im4579.png,neutral
neutral/im4581.png,neutral
neutral/im4582.png,neutral
neutral/im4583.png,neutral
neutral/im4584.png,neutral
neutral/im4584_1.png,neutral
neutral/im4585.png,neutral
neutral/im4585_1.png,neutral
neutral/im4586.png,neutral
neutral/im4587.png,neutral
neutral/im4588.png,neutral
neutral/im4589.png,neutral
neutral/im4590.png,neutral
neutral/im4591.png,neutral
neutral/im4592.png,neutral
neutral/im4592_1.png,neutral
neutral/im4594.png,neutral
neutral/im4597.png,neutral
neutral/im4598.png,neutral
neutral/im4599.png,neutral
neutral/im4600.png,neutral
neutral/im4601_1.png,neutral
neutral/im4602.png,neutral
neutral/im4603.png,neutral
neutral/im4605.png,neutral
neutral/im4606.png,neutral
neutral/im4607.png,neutral
neutral/im4608.png,neutral
neutral/im4609.png,neutral
neutral/im4609_1.png,neutral
neutral/im4611.png,neutral
neutral/im4612.png,neutral
neutral/im4613.png,neutral
neutral/im4613_1.png,neutral
neutral/im4616.png,neutral
neutral/im4617.png,neutral
neutral/im4618.png,neutral
neutral/im4619.png,neutral
neutral/im4620.png,neutral
neutral/im4622.png,neutral
neutral/im4624.png,neutral
neutral/im4625.png,neutral
neutral/im4626.png,neutral
neutral/im4627.png,neutral
neutral/im4629.png,neutral
neutral/im4629_1.png,neutral
neutral/im4630.png,neutral
neutral/im4632.png,neutral
neutral/im4635.png,neutral
neutral/im4636.png,neutral
neutral/im4637.png,neutral
neutral/im4639.png,neutral
neutral/im4640_1.png,neutral
neutral/im4641.png,neutral
neutral/im4642.png,neutral
neutral/im4643.png,neutral
neutral/im4644.png,neutral
neutral/im4647.png,neutral
neutral/im4649.png,neutral
neutral/im4650.png,neutral
neutral/im4650_1.png,neutral
neutral/im4651.png,neutral
neutral/im4652.png,neutral
neutral/im4653.png,neutral
neutral/im4654.png,neutral
neutral/im4655.png,neutral
neutral/im4656.png,neutral
neutral/im4656_1.png,neutral
neutral/im4657.png,neutral
neutral/im4659_1.png,neutral
neutral/im4661.png,neutral
neutral/im4662.png,neutral
neutral/im4662_1.png,neutral
neutral/im4664.png,neutral
neutral/im4666.png,neutral
neutral/im4668.png,neutral
neutral/im4669.png,neutral
neutral/im4669_1.png,neutral
neutral/im4670.png,neutral
neutral/im4671.png,neutral
neutral/im4672.png,neutral
neutral/im4673.png,neutral
neutral/im4674.png,neutral
neutral/im4677.png,neutral
neutral/im4677_1.png,neutral
neutral/im4678.png,neutral
neutral/im4678_1.png,neutral
neutral/im4679.png,neutral
neutral/im4679_1.png,neutral
neutral/im4681_1.png,neutral
neutral/im4682.png,neutral
neutral/im4684.png,neutral
neutral/im4686.png,neutral
neutral/im4687.png,neutral
neutral/im4689.png,neutral
neutral/im4689_1.png,neutral
neutral/im4690.png,neutral
neutral/im4690_1.png,neutral
neutral/im4691_1.png,neutral
neutral/im4692_1.png,neutral
neutral/im4693.png,neutral
neutral/im4694.png,neutral
neutral/im4694_1.png,neutral
neutral/im4695.png,neutral
neutral/im4696.png,neutral
neutral/im4697.png,neutral
neutral/im4697_1.png,neutral
neutral/im4698.png,neutral
neutral/im4699.png,neutral
neutral/im4700_1.png,neutral
neutral/im4702.png,neutral
neutral/im4703.png,neutral
neutral/im4707.png,neutral
neutral/im4708.png,neutral
neutral/im4710.png,neutral
neutral/im4710_1.png,neutral
neutral/im4711.png,neutral
neutral/im4713_1.png,neutral
neutral/im4715.png,neutral
neutral/im4716.png,neutral
neutral/im4717.png,neutral
neutral/im4717_1.png,neutral
neutral/im4721.png,neutral
neutral/im4723_1.png,neutral
neutral/im4725.png,neutral
neutral/im4726.png,neutral
neutral/im4727.png,neutral
neutral/im4728.png,neutral
neutral/im4729.png,neutral
neutral/im4730.png,neutral
neutral/im4730_1.png,neutral
neutral/im4731.png,neutral
neutral/im4732.png,neutral
neutral/im4733.png,neutral
neutral/im4736.png,neutral
neutral/im4737_1.png,neutral
neutral/im4738.png,neutral
neutral/im4739.png,neutral
neutral/im4740.png,neutral
neutral/im4741_1.png,neutral
neutral/im4743.png,neutral
neutral/im4744.png,neutral
neutral/im4746.png,neutral
neutral/im4747.png,neutral
neutral/im4748.png,neutral
neutral/im4749.png,neutral
neutral/im4752.png,neutral
neutral/im4753.png,neutral
neutral/im4754.png,neutral
neutral/im4755_1.png,neutral
neutral/im4757.png,neutral
neutral/im4758.png,neutral
neutral/im4758_1.png,neutral
neutral/im4760.png,neutral
neutral/im4761.png,neutral
neutral/im4763.png,neutral
neutral/im4764.png,neutral
neutral/im4766.png,neutral
neutral/im4767.png,neutral
neutral/im4767_1.png,neutral
neutral/im4768.png,neutral
neutral/im4769.png,neutral
neutral/im4770.png,neutral
neutral/im4771.png,neutral
neutral/im4772.png,neutral
neutral/im4772_1.png,neutral
neutral/im4773.png,neutral
neutral/im4775.png,neutral
neutral/im4777.png,neutral
neutral/im4778.png,neutral
neutral/im4780.png,neutral
neutral/im4782.png,neutral
neutral/im4782_1.png,neutral
neutral/im4783.png,neutral
neutral/im4783_1.png,neutral
neutral/im4785.png,neutral
neutral/im4787.png,neutral
neutral/im4789.png,neutral
neutral/im4789_1.png,neutral
neutral/im4791.png,neutral
neutral/im4791_1.png,neutral
neutral/im4793.png,neutral
neutral/im4794.png,neutral
neutral/im4795.png,neutral
neutral/im4796.png,neutral
neutral/im4797.png,neutral
neutral/im4797_1.png,neutral
neutral/im4798.png,neutral
neutral/im4800.png,neutral
neutral/im4801.png,neutral
neutral/im4802.png,neutral
neutral/im4803.png,neutral
neutral/im4805.png,neutral
neutral/im4806.png,neutral
neutral/im4807.png,neutral
neutral/im4808.png,neutral
neutral/im4808_1.png,neutral
neutral/im4809.png,neutral
neutral/im4809_1.png,neutral
neutral/im4810_1.png,neutral
neutral/im4811_1.png,neutral
neutral/im4813.png,neutral
neutral/im4815.png,neutral
neutral/im4819.png,neutral
neutral/im4822.png,neutral
neutral/im4823.png,neutral
neutral/im4824.png,neutral
neutral/im4825.png,neutral
neutral/im4827.png,neutral
neutral/im4829.png,neutral
neutral/im4830.png,neutral
neutral/im4833.png,neutral
neutral/im4835.png,neutral
neutral/im4837.png,neutral
neutral/im4838.png,neutral
neutral/im4841.png,neutral
neutral/im4845.png,neutral
neutral/im4851.png,neutral
neutral/im4852.png,neutral
neutral/im4853.png,neutral
neutral/im4854.png,neutral
neutral/im4855.png,neutral
neutral/im4857.png,neutral
neutral/im4858.png,neutral
neutral/im4859.png,neutral
neutral/im4860.png,neutral
neutral/im4861.png,neutral
neutral/im4862.png,neutral
neutral/im4863.png,neutral
neutral/im4864.png,neutral
neutral/im4866.png,neutral
neutral/im4867.png,neutral
neutral/im4868.png,neutral
neutral/im4870.png,neutral
neutral/im4871.png,neutral
neutral/im4873.png,neutral
neutral/im4874.png,neutral
neutral/im4874_1.png,neutral
neutral/im4875.png,neutral
neutral/im4876.png,neutral
neutral/im4877.png,neutral
neutral/im4878.png,neutral
neutral/im4880.png,neutral
neutral/im4882.png,neutral
neutral/im4883.png,neutral
neutral/im4885.png,neutral
neutral/im4887.png,neutral
neutral/im4889.png,neutral
neutral/im4891.png,neutral
neutral/im4893.png,neutral
neutral/im4894.png,neutral
neutral/im4895.png,neutral
neutral/im4898.png,neutral
neutral/im4899.png,neutral
neutral/im4900.png,neutral
neutral/im4901.png,neutral
neutral/im4902.png,neutral
neutral/im4903.png,neutral
neutral/im4905.png,neutral
neutral/im4906.png,neutral
neutral/im4907.png,neutral
neutral/im4908.png,neutral
neutral/im4909.png,neutral
neutral/im4910.png,neutral
neutral/im4911.png,neutral
neutral/im4914.png,neutral
neutral/im4917.png,neutral
neutral/im4918.png,neutral
neutral/im4920.png,neutral
neutral/im4922.png,neutral
neutral/im4923.png,neutral
neutral/im4925.png,neutral
neutral/im4927.png,neutral
neutral/im4928.png,neutral
neutral/im4929.png,neutral
neutral/im4930.png,neutral
neutral/im4931.png,neutral
neutral/im4932.png,neutral
neutral/im4933.png,neutral
neutral/im4935.png,neutral
neutral/im4936.png,neutral
neutral/im4937.png,neutral
neutral/im4938.png,neutral
neutral/im4940.png,neutral
neutral/im4941.png,neutral
neutral/im4942.png,neutral
neutral/im4943.png,neutral
neutral/im4947.png,neutral
neutral/im4948.png,neutral
neutral/im4949.png,neutral
neutral/im4951.png,neutral
neutral/im4952.png,neutral
neutral/im4953.png,neutral
neutral/im4954.png,neutral
neutral/im4956.png,neutral
neutral/im4957.png,neutral
neutral/im4958.png,neutral
neutral/im4960.png,neutral
neutral/im4961.png,neutral
neutral/im4962.png,neutral
neutral/im4971.png,neutral
neutral/im5098.png,neutral
neutral/im6871.png,neutral
neutral/im6952.png,neutral
neutral/im7066.png,neutral
neutral/im7133.png,neutral
neutral/shame/im3814.png,neutral
neutral/sleeping/im93.png,neutral
neutral/sleeping/im125.png,neutral
neutral/sleeping/im135.png,neutral
neutral/sleeping/im219.png,neutral
neutral/sleeping/im277.png,neutral
neutral/sleeping/im355.png,neutral
neutral/sleeping/im389.png,neutral
neutral/sleeping/im402.png,neutral
neutral/sleeping/im449.png,neutral
neutral/sleeping/im468.png,neutral
neutral/sleeping/im485_2.png,neutral
neutral/sleeping/im547_2.png,neutral
neutral/sleeping/im574.png,neutral
neutral/sleeping/im602.png,neutral
neutral/sleeping/im643.png,neutral
neutral/sleeping/im646.png,neutral
neutral/sleeping/im750_1.png,neutral
neutral/sleeping/im904.png,neutral
neutral/sleeping/im906.png,neutral
neutral/sleeping/im937.png,neutral
neutral/sleeping/im957.png,neutral
neutral/sleeping/im1057.png,neutral
neutral/sleeping/im1073.png,neutral
neutral/sleeping/im1090_2.png,neutral
neutral/sleeping/im1095.png,neutral
neutral/sleeping/im1142_2.png,neutral
neutral/sleeping/im1219_1.png,neutral
neutral/sleeping/im1285_1.png,neutral
neutral/sleeping/im1307_1.png,neutral
neutral/sleeping/im1327.png,neutral
neutral/sleeping/im1396.png,neutral
neutral/sleeping/im1416.png,neutral
neutral/sleeping/im1481_1.png,neutral
neutral/sleeping/im1583_1.png,neutral
neutral/sleeping/im1646.png,neutral
neutral/sleeping/im1657.png,neutral
neutral/sleeping/im1951.png,neutral
neutral/sleeping/im2043.png,neutral
neutral/sleeping/im2075.png,neutral
neutral/sleeping/im2185.png,neutral
neutral/sleeping/im2194.png,neutral
neutral/sleeping/im2279.png,neutral
neutral/sleeping/im2382.png,neutral
neutral/sleeping/im2458.png,neutral
neutral/sleeping/im2487.png,neutral
neutral/sleeping/im2516.png,neutral
neutral/sleeping/im2520_1.png,neutral
neutral/sleeping/im2534_3.png,neutral
neutral/sleeping/im2611_1.png,neutral
neutral/sleeping/im2647_1.png,neutral
neutral/sleeping/im2807.png,neutral
neutral/sleeping/im2823_1.png,neutral
neutral/sleeping/im2884.png,neutral
neutral/sleeping/im2919_2.png,neutral
neutral/sleeping/im2935_1.png,neutral
neutral/sleeping/im2946.png,neutral
neutral/sleeping/im3019.png,neutral
neutral/sleeping/im3081.png,neutral
neutral/sleeping/im3180.png,neutral
neutral/sleeping/im3326.png,neutral
neutral/sleeping/im3432_1.png,neutral
neutral/sleeping/im3479.png,neutral
neutral/sleeping/im3577.png,neutral
neutral/sleeping/im3583.png,neutral
neutral/sleeping/im3595.png,neutral
neutral/sleeping/im3632_1.png,neutral
neutral/sleeping/im3817.png,neutral
neutral/sleeping/im3820.png,neutral
neutral/sleeping/im3836_2.png,neutral
neutral/sleeping/im3847.png,neutral
neutral/sleeping/im3862.png,neutral
neutral/sleeping/im3911.png,neutral
neutral/sleeping/im4072.png,neutral
neutral/sleeping/im4075_2.png,neutral
neutral/sleeping/im4129.png,neutral
neutral/sleeping/im4173.png,neutral
neutral/sleeping/im4230.png,neutral
neutral/sleeping/im4289.png,neutral
neutral/sleeping/im4369.png,neutral
neutral/sleeping/im4472.png,neutral
neutral/sleeping/im4495.png,neutral
neutral/sleeping/im4503.png,neutral
neutral/sleeping/im4504.png,neutral
neutral/sleeping/im4509.png,neutral
neutral/sleeping/im4633.png,neutral
neutral/sleeping/im4634.png,neutral
neutral/sleeping/im4675.png,neutral
neutral/sleeping/im4839.png,neutral
neutral/sleeping/im4849.png,neutral
neutral/sleeping/im4896.png,neutral
neutral/sleeping/im5532.png,neutral
neutral/sleeping/im6232.png,neutral
neutral/talking/im85_2.png,neutral
neutral/talking/im101_2.png,neutral
neutral/talking/im150_2.png,neutral
neutral/talking/im176_2.png,neutral
neutral/talking/im194_2.png,neutral
neutral/talking/im217_2.png,neutral
neutral/talking/im248_2.png,neutral
neutral/talking/im295_2.png,neutral
neutral/talking/im369_2.png,neutral
neutral/talking/im453_2.png,neutral
neutral/talking/im622_2.png,neutral
neutral/talking/im640_2.png,neutral
neutral/talking/im642_1.png,neutral
neutral/talking/im717_1.png,neutral
neutral/talking/im724_2.png,neutral
neutral/talking/im759.png,neutral
neutral/talking/im763.png,neutral
neutral/talking/im768.png,neutral
neutral/talking/im891.png,neutral
neutral/talking/im940.png,neutral
neutral/talking/im996.png,neutral
neutral/talking/im1138_2.png,neutral
neutral/talking/im1150_1.png,neutral
neutral/talking/im1163_2.png,neutral
neutral/talking/im1203_1.png,neutral
neutral/talking/im1207_2.png,neutral
neutral/talking/im1216_2.png,neutral
neutral/talking/im1304.png,neutral
neutral/talking/im1315_1.png,neutral
neutral/talking/im1332.png,neutral
neutral/talking/im1387_2.png,neutral
neutral/talking/im1465_2.png,neutral
neutral/talking/im1539_3.png,neutral
neutral/talking/im1588.png,neutral
neutral/talking/im1617.png,neutral
neutral/talking/im1646_1.png,neutral
neutral/talking/im1795_1.png,neutral
neutral/talking/im1808_2.png,neutral
neutral/talking/im1817.png,neutral
neutral/talking/im1892_2.png,neutral
neutral/talking/im1942_2_1.png,neutral
neutral/talking/im2004_2.png,neutral
neutral/talking/im2021.png,neutral
neutral/talking/im2122_2.png,neutral
neutral/talking/im2196_2.png,neutral
neutral/talking/im2213.png,neutral
neutral/talking/im2221.png,neutral
neutral/talking/im2235.png,neutral
neutral/talking/im2584_1.png,neutral
neutral/talking/im2684_2.png,neutral
neutral/talking/im2781_3.png,neutral
neutral/talking/im2793.png,neutral
neutral/talking/im2798.png,neutral
neutral/talking/im2802_1.png,neutral
neutral/talking/im2829.png,neutral
neutral/talking/im2861_1.png,neutral
neutral/talking/im2975_1.png,neutral
neutral/talking/im3062.png,neutral
neutral/talking/im3290_1.png,neutral
neutral/talking/im3316_1.png,neutral
neutral/talking/im3365_2.png,neutral
neutral/talking/im3426.png,neutral
neutral/talking/im3429_2.png,neutral
neutral/talking/im3443_2.png,neutral
neutral/talking/im3532_2.png,neutral
neutral/talking/im3625_1.png,neutral
neutral/talking/im3683_2.png,neutral
neutral/talking/im3713_1.png,neutral
neutral/talking/im3786_2.png,neutral
neutral/talking/im3805_2.png,neutral
neutral/talking/im3815_2.png,neutral
neutral/talking/im3816_2.png,neutral
neutral/talking/im3943_2.png,neutral
neutral/talking/im3959.png,neutral
neutral/talking/im4203.png,neutral
neutral/thinking/im39.png,neutral
neutral/thinking/im55.png,neutral
neutral/thinking/im123.png,neutral
neutral/thinking/im159.png,neutral
neutral/thinking/im162_1.png,neutral
neutral/thinking/im169.png,neutral
neutral/thinking/im210.png,neutral
neutral/thinking/im225_2.png,neutral
neutral/thinking/im357_2.png,neutral
neutral/thinking/im817.png,neutral
neutral/thinking/im996.png,neutral
neutral/thinking/im1306.png,neutral
neutral/thinking/im1411.png,neutral
neutral/thinking/im1706.png,neutral
neutral/thinking/im1822.png,neutral
neutral/thinking/im1858.png,neutral
neutral/thinking/im1902.png,neutral
neutral/thinking/im1975.png,neutral
neutral/thinking/im1980.png,neutral
neutral/thinking/im2002.png,neutral
neutral/thinking/im2020.png,neutral
neutral/thinking/im2045_1.png,neutral
neutral/thinking/im2047.png,neutral
neutral/thinking/im2067.png,neutral
neutral/thinking/im2081.png,neutral
neutral/thinking/im2141.png,neutral
neutral/thinking/im2158.png,neutral
neutral/thinking/im2242.png,neutral
neutral/thinking/im2343.png,neutral
neutral/thinking/im2429.png,neutral
neutral/thinking/im2430.png,neutral
neutral/thinking/im2514.png,neutral
neutral/thinking/im2623.png,neutral
neutral/thinking/im2674.png,neutral
neutral/thinking/im2716.png,neutral
neutral/thinking/im2732.png,neutral
neutral/thinking/im2736.png,neutral
neutral/thinking/im2742.png,neutral
neutral/thinking/im2778.png,neutral
neutral/thinking/im2786.png,neutral
neutral/thinking/im2801.png,neutral
neutral/thinking/im2826.png,neutral
neutral/thinking/im2858.png,neutral
neutral/thinking/im2916.png,neutral
neutral/thinking/im2923.png,neutral
neutral/thinking/im3023.png,neutral
neutral/thinking/im3157.png,neutral
neutral/thinking/im3211.png,neutral
neutral/thinking/im3384.png,neutral
neutral/thinking/im3399.png,neutral
neutral/thinking/im3408.png,neutral
neutral/thinking/im3593.png,neutral
neutral/thinking/im3670.png,neutral
neutral/thinking/im3708.png,neutral
neutral/thinking/im3926.png,neutral
neutral/thousand-yard stare/im1170.png,neutral
neutral/thousand-yard stare/im1181_2.png,neutral
neutral/thousand-yard stare/im2544.png,neutral
neutral/thousand-yard stare/im3097.png,neutral
neutral/thousand-yard stare/im3110.png,neutral
neutral/thousand-yard stare/im3638.png,neutral
neutral/thousand-yard stare/im3808.png,neutral
neutral/thousand-yard stare/im3938.png,neutral
neutral/thousand-yard stare/im4119.png,neutral
neutral/thousand-yard stare/im4478.png,neutral
neutral/yawning/im4.png,neutral
neutral/yawning/im352_2.png,neutral
neutral/yawning/im393.png,neutral
neutral/yawning/im606_1.png,neutral
neutral/yawning/im624.png,neutral
neutral/yawning/im899.png,neutral
neutral/yawning/im913.png,neutral
neutral/yawning/im915.png,neutral
neutral/yawning/im926.png,neutral
neutral/yawning/im950.png,neutral
neutral/yawning/im956.png,neutral
neutral/yawning/im1327.png,neutral
neutral/yawning/im1340.png,neutral
neutral/yawning/im1426.png,neutral
neutral/yawning/im1581.png,neutral
neutral/yawning/im1613.png,neutral
neutral/yawning/im1744.png,neutral
neutral/yawning/im1856.png,neutral
neutral/yawning/im1977_2.png,neutral
neutral/yawning/im2034.png,neutral
neutral/yawning/im2312.png,neutral
neutral/yawning/im2393.png,neutral
neutral/yawning/im2422.png,neutral
neutral/yawning/im2545.png,neutral
neutral/yawning/im2562.png,neutral
neutral/yawning/im2703.png,neutral
neutral/yawning/im2709.png,neutral
neutral/yawning/im2866.png,neutral
neutral/yawning/im2890.png,neutral
neutral/yawning/im3070.png,neutral
neutral/yawning/im3079.png,neutral
neutral/yawning/im3143_2.png,neutral
neutral/yawning/im3315.png,neutral
neutral/yawning/im3341.png,neutral
neutral/yawning/im3443.png,neutral
neutral/yawning/im3560.png,neutral
neutral/yawning/im3624.png,neutral
neutral/yawning/im3662_2.png,neutral
neutral/yawning/im3758.png,neutral
neutral/yawning/im3884_2.png,neutral
neutral/yawning/im3897.png,neutral
neutral/yawning/im3941.png,neutral
neutral/yawning/im4290.png,neutral
neutral/yawning/im4507.png,neutral
neutral/yawning/im4604.png,neutral
neutral/yawning/im4735.png,neutral
neutral/yawning/im4804.png,neutral
neutral/yawning/im4879.png,neutral
neutral/yawning/im4892.png,neutral
neutral/yawning/im4959.png,neutral
surprised/surprised-fearful-terrified/im2_1.png,pain
surprised/surprised-fearful-terrified/im3_1.png,pain
surprised/surprised-fearful-terrified/im20.png,pain
surprised/surprised-fearful-terrified/im26_2.png,pain
surprised/surprised-fearful-terrified/im29_2.png,pain
surprised/surprised-fearful-terrified/im45_1.png,pain
surprised/surprised-fearful-terrified/im53.png,pain
surprised/surprised-fearful-terrified/im65_1.png,pain
surprised/surprised-fearful-terrified/im88_2.png,pain
surprised/surprised-fearful-terrified/im92_1.png,pain
surprised/surprised-fearful-terrified/im120.png,pain
surprised/surprised-fearful-terrified/im126_1.png,pain
surprised/surprised-fearful-terrified/im141_2.png,pain
surprised/surprised-fearful-terrified/im156_1.png,pain
surprised/surprised-fearful-terrified/im169.png,pain
surprised/surprised-fearful-terrified/im175.png,pain
surprised/surprised-fearful-terrified/im183.png,pain
surprised/surprised-fearful-terrified/im183_1.png,pain
surprised/surprised-fearful-terrified/im194_1.png,pain
surprised/surprised-fearful-terrified/im201_1.png,pain
surprised/surprised-fearful-terrified/im204_1.png,pain
surprised/surprised-fearful-terrified/im206_1.png,pain
surprised/surprised-fearful-terrified/im210.png,pain
surprised/surprised-fearful-terrified/im214_2.png,pain
surprised/surprised-fearful-terrified/im222.png,pain
surprised/surprised-fearful-terrified/im226_1.png,pain
surprised/surprised-fearful-terrified/im244.png,pain
surprised/surprised-fearful-terrified/im263_1.png,pain
surprised/surprised-fearful-terrified/im265_1.png,pain
surprised/surprised-fearful-terrified/im267.png,pain
surprised/surprised-fearful-terrified/im269_1.png,pain
surprised/surprised-fearful-terrified/im276.png,pain
surprised/surprised-fearful-terrified/im284_1.png,pain
surprised/surprised-fearful-terrified/im301_1.png,pain
surprised/surprised-fearful-terrified/im303.png,pain
surprised/surprised-fearful-terrified/im305.png,pain
surprised/surprised-fearful-terrified/im308_1.png,pain
surprised/surprised-fearful-terrified/im313.png,pain
surprised/surprised-fearful-terrified/im318.png,pain
surprised/surprised-fearful-terrified/im332_1.png,pain
surprised/surprised-fearful-terrified/im336.png,pain
surprised/surprised-fearful-terrified/im346.png,pain
surprised/surprised-fearful-terrified/im354_1.png,pain
surprised/surprised-fearful-terrified/im355_1.png,pain
surprised/surprised-fearful-terrified/im361_1.png,pain
surprised/surprised-fearful-terrified/im370_1.png,pain
surprised/surprised-fearful-terrified/im381.png,pain
surprised/surprised-fearful-terrified/im381_1.png,pain
surprised/surprised-fearful-terrified/im389.png,pain
surprised/surprised-fearful-terrified/im391.png,pain
surprised/surprised-fearful-terrified/im396_2.png,pain
surprised/surprised-fearful-terrified/im397_1.png,pain
surprised/surprised-fearful-terrified/im417.png,pain
surprised/surprised-fearful-terrified/im424.png,pain
surprised/surprised-fearful-terrified/im425_1.png,pain
surprised/surprised-fearful-terrified/im429.png,pain
surprised/surprised-fearful-terrified/im442_1.png,pain
surprised/surprised-fearful-terrified/im471_1.png,pain
surprised/surprised-fearful-terrified/im480.png,pain
surprised/surprised-fearful-terrified/im493_1.png,pain
surprised/surprised-fearful-terrified/im496_1.png,pain
surprised/surprised-fearful-terrified/im548.png,pain
surprised/surprised-fearful-terrified/im555.png,pain
surprised/surprised-fearful-terrified/im563_2_1.png,pain
surprised/surprised-fearful-terrified/im565_1.png,pain
surprised/surprised-fearful-terrified/im572.png,pain
surprised/surprised-fearful-terrified/im574_1.png,pain
surprised/surprised-fearful-terrified/im576_1.png,pain
surprised/surprised-fearful-terrified/im590.png,pain
surprised/surprised-fearful-terrified/im594_1.png,pain
surprised/surprised-fearful-terrified/im595_1.png,pain
surprised/surprised-fearful-terrified/im598_1.png,pain
surprised/surprised-fearful-terrified/im601_1.png,pain
surprised/surprised-fearful-terrified/im614_1.png,pain
surprised/surprised-fearful-terrified/im620_1.png,pain
surprised/surprised-fearful-terrified/im625_1.png,pain
surprised/surprised-fearful-terrified/im626_2.png,pain
surprised/surprised-fearful-terrified/im638.png,pain
surprised/surprised-fearful-terrified/im640_1.png,pain
surprised/surprised-fearful-terrified/im647_1.png,pain
surprised/surprised-fearful-terrified/im649_1.png,pain
surprised/surprised-fearful-terrified/im658.png,pain
surprised/surprised-fearful-terrified/im663_1.png,pain
surprised/surprised-fearful-terrified/im666_1.png,pain
surprised/surprised-fearful-terrified/im677.png,pain
surprised/surprised-fearful-terrified/im685.png,pain
surprised/surprised-fearful-terrified/im697.png,pain
surprised/surprised-fearful-terrified/im709.png,pain
surprised/surprised-fearful-terrified/im730.png,pain
surprised/surprised-fearful-terrified/im739_2_1.png,pain
surprised/surprised-fearful-terrified/im769_1.png,pain
surprised/surprised-fearful-terrified/im773_1.png,pain
surprised/surprised-fearful-terrified/im791.png,pain
surprised/surprised-fearful-terrified/im792_2.png,pain
surprised/surprised-fearful-terrified/im796.png,pain
surprised/surprised-fearful-terrified/im799_1.png,pain
surprised/surprised-fearful-terrified/im815_1.png,pain
surprised/surprised-fearful-terrified/im818.png,pain
surprised/surprised-fearful-terrified/im824_1.png,pain
surprised/surprised-fearful-terrified/im831_1.png,pain
surprised/surprised-fearful-terrified/im841_1.png,pain
surprised/surprised-fearful-terrified/im855_1.png,pain
surprised/surprised-fearful-terrified/im859_1.png,pain
surprised/surprised-fearful-terrified/im864.png,pain
surprised/surprised-fearful-terrified/im871.png,pain
surprised/surprised-fearful-terrified/im877.png,pain
surprised/surprised-fearful-terrified/im878_1.png,pain
surprised/surprised-fearful-terrified/im883_1.png,pain
surprised/surprised-fearful-terrified/im893.png,pain
surprised/surprised-fearful-terrified/im898.png,pain
surprised/surprised-fearful-terrified/im918_1.png,pain
surprised/surprised-fearful-terrified/im921_1.png,pain
surprised/surprised-fearful-terrified/im924.png,pain
surprised/surprised-fearful-terrified/im934_1.png,pain
surprised/surprised-fearful-terrified/im935.png,pain
surprised/surprised-fearful-terrified/im940.png,pain
surprised/surprised-fearful-terrified/im952.png,pain
surprised/surprised-fearful-terrified/im953.png,pain
surprised/surprised-fearful-terrified/im955.png,pain
surprised/surprised-fearful-terrified/im961_2_1.png,pain
surprised/surprised-fearful-terrified/im963_2.png,pain
surprised/surprised-fearful-terrified/im966_1.png,pain
surprised/surprised-fearful-terrified/im974_1.png,pain
surprised/surprised-fearful-terrified/im980.png,pain
surprised/surprised-fearful-terrified/im993_1.png,pain
surprised/surprised-fearful-terrified/im1002.png,pain
surprised/surprised-fearful-terrified/im1003_1.png,pain
surprised/surprised-fearful-terrified/im1014_2.png,pain
surprised/surprised-fearful-terrified/im1019_1.png,pain
surprised/surprised-fearful-terrified/im1021.png,pain
surprised/surprised-fearful-terrified/im1028.png,pain
surprised/surprised-fearful-terrified/im1039_1.png,pain
surprised/surprised-fearful-terrified/im1043_1.png,pain
surprised/surprised-fearful-terrified/im1046_1.png,pain
surprised/surprised-fearful-terrified/im1047_1.png,pain
surprised/surprised-fearful-terrified/im1067.png,pain
surprised/surprised-fearful-terrified/im1073_1.png,pain
surprised/surprised-fearful-terrified/im1084.png,pain
surprised/surprised-fearful-terrified/im1085_1.png,pain
surprised/surprised-fearful-terrified/im1090_1.png,pain
surprised/surprised-fearful-terrified/im1093_1.png,pain
surprised/surprised-fearful-terrified/im1099.png,pain
surprised/surprised-fearful-terrified/im1106.png,pain
surprised/surprised-fearful-terrified/im1110.png,pain
surprised/surprised-fearful-terrified/im1131_1.png,pain
surprised/surprised-fearful-terrified/im1133.png,pain
surprised/surprised-fearful-terrified/im1135_1.png,pain
surprised/surprised-fearful-terrified/im1137_1.png,pain
surprised/surprised-fearful-terrified/im1139_1.png,pain
surprised/surprised-fearful-terrified/im1149_1.png,pain
surprised/surprised-fearful-terrified/im1160.png,pain
surprised/surprised-fearful-terrified/im1160_1.png,pain
surprised/surprised-fearful-terrified/im1160_2.png,pain
surprised/surprised-fearful-terrified/im1184.png,pain
surprised/surprised-fearful-terrified/im1192_1.png,pain
surprised/surprised-fearful-terrified/im1197_1.png,pain
surprised/surprised-fearful-terrified/im1209.png,pain
surprised/surprised-fearful-terrified/im1211_1.png,pain
surprised/surprised-fearful-terrified/im1223_1.png,pain
surprised/surprised-fearful-terrified/im1237_1.png,pain
surprised/surprised-fearful-terrified/im1250_1.png,pain
surprised/surprised-fearful-terrified/im1251.png,pain
surprised/surprised-fearful-terrified/im1251_2_1.png,pain
surprised/surprised-fearful-terrified/im1253.png,pain
surprised/surprised-fearful-terrified/im1257_2_1.png,pain
surprised/surprised-fearful-terrified/im1259_1.png,pain
surprised/surprised-fearful-terrified/im1268.png,pain
surprised/surprised-fearful-terrified/im1269_1.png,pain
surprised/surprised-fearful-terrified/im1273_2.png,pain
surprised/surprised-fearful-terrified/im1284_1.png,pain
surprised/surprised-fearful-terrified/im1293.png,pain
surprised/surprised-fearful-terrified/im1301_1.png,pain
surprised/surprised-fearful-terrified/im1312_1.png,pain
surprised/surprised-fearful-terrified/im1329.png,pain
surprised/surprised-fearful-terrified/im1347.png,pain
surprised/surprised-fearful-terrified/im1350_2_1.png,pain
surprised/surprised-fearful-terrified/im1363_1.png,pain
surprised/surprised-fearful-terrified/im1377_1.png,pain
surprised/surprised-fearful-terrified/im1380_1.png,pain
surprised/surprised-fearful-terrified/im1384.png,pain
surprised/surprised-fearful-terrified/im1406_1.png,pain
surprised/surprised-fearful-terrified/im1416_1.png,pain
surprised/surprised-fearful-terrified/im1432_1.png,pain
surprised/surprised-fearful-terrified/im1440_1.png,pain
surprised/surprised-fearful-terrified/im1451.png,pain
surprised/surprised-fearful-terrified/im1457_1.png,pain
surprised/surprised-fearful-terrified/im1470.png,pain
surprised/surprised-fearful-terrified/im1483.png,pain
surprised/surprised-fearful-terrified/im1484.png,pain
surprised/surprised-fearful-terrified/im1489_1.png,pain
surprised/surprised-fearful-terrified/im1490_1.png,pain
surprised/surprised-fearful-terrified/im1515.png,pain
surprised/surprised-fearful-terrified/im1525_1.png,pain
surprised/surprised-fearful-terrified/im1537_1.png,pain
surprised/surprised-fearful-terrified/im1557_1.png,pain
surprised/surprised-fearful-terrified/im1558_1.png,pain
surprised/surprised-fearful-terrified/im1563.png,pain
surprised/surprised-fearful-terrified/im1564.png,pain
surprised/surprised-fearful-terrified/im1571_1.png,pain
surprised/surprised-fearful-terrified/im1575.png,pain
surprised/surprised-fearful-terrified/im1587_1.png,pain
surprised/surprised-fearful-terrified/im1603_1.png,pain
surprised/surprised-fearful-terrified/im1669_1.png,pain
surprised/surprised-fearful-terrified/im1713_1.png,pain
surprised/surprised-fearful-terrified/im1716_1.png,pain
surprised/surprised-fearful-terrified/im1727_1.png,pain
surprised/surprised-fearful-terrified/im1741_1.png,pain
surprised/surprised-fearful-terrified/im1742_1.png,pain
surprised/surprised-fearful-terrified/im1744_2_1.png,pain
surprised/surprised-fearful-terrified/im1762_1.png,pain
surprised/surprised-fearful-terrified/im1767.png,pain
surprised/surprised-fearful-terrified/im1767_1.png,pain
surprised/surprised-fearful-terrified/im1773_1.png,pain
surprised/surprised-fearful-terrified/im1783.png,pain
surprised/surprised-fearful-terrified/im1824_2.png,pain
surprised/surprised-fearful-terrified/im1825_1.png,pain
surprised/surprised-fearful-terrified/im1833_1.png,pain
surprised/surprised-fearful-terrified/im1836_2.png,pain
surprised/surprised-fearful-terrified/im1846.png,pain
surprised/surprised-fearful-terrified/im1850_1.png,pain
surprised/surprised-fearful-terrified/im1900_1.png,pain
surprised/surprised-fearful-terrified/im1902_1.png,pain
surprised/surprised-fearful-terrified/im1930_1.png,pain
surprised/surprised-fearful-terrified/im1931_1.png,pain
surprised/surprised-fearful-terrified/im1942_1.png,pain
surprised/surprised-fearful-terrified/im1968_1.png,pain
surprised/surprised-fearful-terrified/im1969_1.png,pain
surprised/surprised-fearful-terrified/im1972.png,pain
surprised/surprised-fearful-terrified/im1999.png,pain
surprised/surprised-fearful-terrified/im2012.png,pain
surprised/surprised-fearful-terrified/im2018_1.png,pain
surprised/surprised-fearful-terrified/im2032.png,pain
surprised/surprised-fearful-terrified/im2033.png,pain
surprised/surprised-fearful-terrified/im2036_2.png,pain
surprised/surprised-fearful-terrified/im2040.png,pain
surprised/surprised-fearful-terrified/im2054_1.png,pain
surprised/surprised-fearful-terrified/im2059_1.png,pain
surprised/surprised-fearful-terrified/im2068.png,pain
surprised/surprised-fearful-terrified/im2074_2_1.png,pain
surprised/surprised-fearful-terrified/im2076_1.png,pain
surprised/surprised-fearful-terrified/im2081_2.png,pain
surprised/surprised-fearful-terrified/im2082_2.png,pain
surprised/surprised-fearful-terrified/im2096_1.png,pain
surprised/surprised-fearful-terrified/im2103_1.png,pain
surprised/surprised-fearful-terrified/im2106_1.png,pain
surprised/surprised-fearful-terrified/im2130_1.png,pain
surprised/surprised-fearful-terrified/im2140_1.png,pain
surprised/surprised-fearful-terrified/im2140_2.png,pain
surprised/surprised-fearful-terrified/im2152_1.png,pain
surprised/surprised-fearful-terrified/im2163_1.png,pain
surprised/surprised-fearful-terrified/im2201_1.png,pain
surprised/surprised-fearful-terrified/im2227_1.png,pain
surprised/surprised-fearful-terrified/im2235_1.png,pain
surprised/surprised-fearful-terrified/im2237_2.png,pain
surprised/surprised-fearful-terrified/im2238.png,pain
surprised/surprised-fearful-terrified/im2245_2.png,pain
surprised/surprised-fearful-terrified/im2246_1.png,pain
surprised/surprised-fearful-terrified/im2286_2.png,pain
surprised/surprised-fearful-terrified/im2287_1.png,pain
surprised/surprised-fearful-terrified/im2322_1.png,pain
surprised/surprised-fearful-terrified/im2335.png,pain
surprised/surprised-fearful-terrified/im2364_1.png,pain
surprised/surprised-fearful-terrified/im2373_1.png,pain
surprised/surprised-fearful-terrified/im2383.png,pain
surprised/surprised-fearful-terrified/im2387_2.png,pain
surprised/surprised-fearful-terrified/im2390_1.png,pain
surprised/surprised-fearful-terrified/im2391_2.png,pain
surprised/surprised-fearful-terrified/im2408.png,pain
surprised/surprised-fearful-terrified/im2431_1.png,pain
surprised/surprised-fearful-terrified/im2440_1.png,pain
surprised/surprised-fearful-terrified/im2486_1.png,pain
surprised/surprised-fearful-terrified/im2490_1.png,pain
surprised/surprised-fearful-terrified/im2501_2.png,pain
surprised/surprised-fearful-terrified/im2502.png,pain
surprised/surprised-fearful-terrified/im2523_2.png,pain
surprised/surprised-fearful-terrified/im2532_1.png,pain
surprised/surprised-fearful-terrified/im2567_1.png,pain
surprised/surprised-fearful-terrified/im2567_2.png,pain
surprised/surprised-fearful-terrified/im2571_1.png,pain
surprised/surprised-fearful-terrified/im2575_1.png,pain
surprised/surprised-fearful-terrified/im2586_1.png,pain
surprised/surprised-fearful-terrified/im2595_1.png,pain
surprised/surprised-fearful-terrified/im2609_1.png,pain
surprised/surprised-fearful-terrified/im2615_1.png,pain
surprised/surprised-fearful-terrified/im2622_1.png,pain
surprised/surprised-fearful-terrified/im2642.png,pain
surprised/surprised-fearful-terrified/im2643.png,pain
surprised/surprised-fearful-terrified/im2648_2.png,pain
surprised/surprised-fearful-terrified/im2650_2.png,pain
surprised/surprised-fearful-terrified/im2657_1.png,pain
surprised/surprised-fearful-terrified/im2677.png,pain
surprised/surprised-fearful-terrified/im2679.png,pain
surprised/surprised-fearful-terrified/im2681_1.png,pain
surprised/surprised-fearful-terrified/im2683_1.png,pain
surprised/surprised-fearful-terrified/im2690_1.png,pain
surprised/surprised-fearful-terrified/im2696.png,pain
surprised/surprised-fearful-terrified/im2700_1.png,pain
surprised/surprised-fearful-terrified/im2702.png,pain
surprised/surprised-fearful-terrified/im2709.png,pain
surprised/surprised-fearful-terrified/im2714_1.png,pain
surprised/surprised-fearful-terrified/im2722_1.png,pain
surprised/surprised-fearful-terrified/im2734_1.png,pain
surprised/surprised-fearful-terrified/im2743_1.png,pain
surprised/surprised-fearful-terrified/im2757_1.png,pain
surprised/surprised-fearful-terrified/im2776_2.png,pain
surprised/surprised-fearful-terrified/im2788_1.png,pain
surprised/surprised-fearful-terrified/im2791_2.png,pain
surprised/surprised-fearful-terrified/im2792_1.png,pain
surprised/surprised-fearful-terrified/im2813.png,pain
surprised/surprised-fearful-terrified/im2819_2.png,pain
surprised/surprised-fearful-terrified/im2825_1.png,pain
surprised/surprised-fearful-terrified/im2832_1.png,pain
surprised/surprised-fearful-terrified/im2835_1.png,pain
surprised/surprised-fearful-terrified/im2836_1.png,pain
surprised/surprised-fearful-terrified/im2887_1.png,pain
surprised/surprised-fearful-terrified/im2889_1.png,pain
surprised/surprised-fearful-terrified/im2891_1.png,pain
surprised/surprised-fearful-terrified/im2916.png,pain
surprised/surprised-fearful-terrified/im2924_1.png,pain
surprised/surprised-fearful-terrified/im2939_1.png,pain
surprised/surprised-fearful-terrified/im2941_2.png,pain
surprised/surprised-fearful-terrified/im2949.png,pain
surprised/surprised-fearful-terrified/im2968_1.png,pain
surprised/surprised-fearful-terrified/im2971_2.png,pain
surprised/surprised-fearful-terrified/im2982_1.png,pain
surprised/surprised-fearful-terrified/im2988.png,pain
surprised/surprised-fearful-terrified/im2995_1.png,pain
surprised/surprised-fearful-terrified/im3009_1.png,pain
surprised/surprised-fearful-terrified/im3022_1.png,pain
surprised/surprised-fearful-terrified/im3043_1.png,pain
surprised/surprised-fearful-terrified/im3065.png,pain
surprised/surprised-fearful-terrified/im3080_1.png,pain
surprised/surprised-fearful-terrified/im3085_1.png,pain
surprised/surprised-fearful-terrified/im3116_1.png,pain
surprised/surprised-fearful-terrified/im3118_1.png,pain
surprised/surprised-fearful-terrified/im3125_2.png,pain
surprised/surprised-fearful-terrified/im3131_1.png,pain
surprised/surprised-fearful-terrified/im3139.png,pain
surprised/surprised-fearful-terrified/im3146_1.png,pain
surprised/surprised-fearful-terrified/im3152_1.png,pain
surprised/surprised-fearful-terrified/im3160.png,pain
surprised/surprised-fearful-terrified/im3181_1.png,pain
surprised/surprised-fearful-terrified/im3182_1.png,pain
surprised/surprised-fearful-terrified/im3204_1.png,pain
surprised/surprised-fearful-terrified/im3205_1.png,pain
surprised/surprised-fearful-terrified/im3233_1.png,pain
surprised/surprised-fearful-terrified/im3240_1.png,pain
surprised/surprised-fearful-terrified/im3242_1.png,pain
surprised/surprised-fearful-terrified/im3249_1.png,pain
surprised/surprised-fearful-terrified/im3250_2.png,pain
surprised/surprised-fearful-terrified/im3253_1.png,pain
surprised/surprised-fearful-terrified/im3266_1.png,pain
surprised/surprised-fearful-terrified/im3284_1.png,pain
surprised/surprised-fearful-terrified/im3294_1.png,pain
surprised/surprised-fearful-terrified/im3308_1.png,pain
surprised/surprised-fearful-terrified/im3309_1.png,pain
surprised/surprised-fearful-terrified/im3341.png,pain
surprised/surprised-fearful-terrified/im3372_1.png,pain
surprised/surprised-fearful-terrified/im3386.png,pain
surprised/surprised-fearful-terrified/im3409_1.png,pain
surprised/surprised-fearful-terrified/im3416_1.png,pain
surprised/surprised-fearful-terrified/im3445.png,pain
surprised/surprised-fearful-terrified/im3450_1.png,pain
surprised/surprised-fearful-terrified/im3457_2.png,pain
surprised/surprised-fearful-terrified/im3474_1.png,pain
surprised/surprised-fearful-terrified/im3477_1.png,pain
surprised/surprised-fearful-terrified/im3492_1.png,pain
surprised/surprised-fearful-terrified/im3519_1.png,pain
surprised/surprised-fearful-terrified/im3524_1.png,pain
surprised/surprised-fearful-terrified/im3524_2.png,pain
surprised/surprised-fearful-terrified/im3526_1.png,pain
surprised/surprised-fearful-terrified/im3534_1.png,pain
surprised/surprised-fearful-terrified/im3558_1.png,pain
surprised/surprised-fearful-terrified/im3583_1.png,pain
surprised/surprised-fearful-terrified/im3591_1.png,pain
surprised/surprised-fearful-terrified/im3598_1.png,pain
surprised/surprised-fearful-terrified/im3611_1.png,pain
surprised/surprised-fearful-terrified/im3622_1.png,pain
surprised/surprised-fearful-terrified/im3629_1.png,pain
surprised/surprised-fearful-terrified/im3630_1.png,pain
surprised/surprised-fearful-terrified/im3637_1.png,pain
surprised/surprised-fearful-terrified/im3647_2.png,pain
surprised/surprised-fearful-terrified/im3659_1.png,pain
surprised/surprised-fearful-terrified/im3663_2.png,pain
surprised/surprised-fearful-terrified/im3679_1.png,pain
surprised/surprised-fearful-terrified/im3682_2.png,pain
surprised/surprised-fearful-terrified/im3698_1.png,pain
surprised/surprised-fearful-terrified/im3703_1.png,pain
surprised/surprised-fearful-terrified/im3720_1.png,pain
surprised/surprised-fearful-terrified/im3725_1.png,pain
surprised/surprised-fearful-terrified/im3764_2.png,pain
surprised/surprised-fearful-terrified/im3767_2.png,pain
surprised/surprised-fearful-terrified/im3843_2.png,pain
surprised/surprised-fearful-terrified/im3845_1.png,pain
surprised/surprised-fearful-terrified/im3847_2_1.png,pain
surprised/surprised-fearful-terrified/im3852_1.png,pain
surprised/surprised-fearful-terrified/im3870_1.png,pain
surprised/surprised-fearful-terrified/im3896_1.png,pain
surprised/surprised-fearful-terrified/im3917_1.png,pain
surprised/surprised-fearful-terrified/im3925_1.png,pain
surprised/surprised-fearful-terrified/im3928_1.png,pain
surprised/surprised-fearful-terrified/im3934_1.png,pain
surprised/surprised-fearful-terrified/im3936_1.png,pain
surprised/surprised-fearful-terrified/im3944_2.png,pain
surprised/surprised-fearful-terrified/im3954_1.png,pain
surprised/surprised-fearful-terrified/im3958_1.png,pain
surprised/surprised-fearful-terrified/im3964_1.png,pain
surprised/surprised-fearful-terrified/im4001_1.png,pain
surprised/surprised-fearful-terrified/im4010_1.png,pain
surprised/surprised-fearful-terrified/im4023_1.png,pain
surprised/surprised-fearful-terrified/im4031_1.png,pain
surprised/surprised-fearful-terrified/im4044_1.png,pain
surprised/surprised-fearful-terrified/im4047_1.png,pain
surprised/surprised-fearful-terrified/im4051_1.png,pain
surprised/surprised-fearful-terrified/im4060_1.png,pain
surprised/surprised-fearful-terrified/im4072_1.png,pain
surprised/surprised-fearful-terrified/im4085_1.png,pain
surprised/surprised-fearful-terrified/im4088_1.png,pain
surprised/surprised-fearful-terrified/im4096_1.png,pain
surprised/surprised-fearful-terrified/im4342_1.png,pain
angry/baring-fangs/im12.png,pain
angry/baring-fangs/im105.png,pain
angry/baring-fangs/im112.png,pain
angry/baring-fangs/im123.png,pain
angry/baring-fangs/im127.png,pain
angry/baring-fangs/im185.png,pain
angry/baring-fangs/im199.png,pain
angry/baring-fangs/im222.png,pain
angry/baring-fangs/im257.png,pain
angry/baring-fangs/im287.png,pain
angry/baring-fangs/im311.png,pain
angry/baring-fangs/im347.png,pain
angry/baring-fangs/im442.png,pain
angry/baring-fangs/im447_2.png,pain
angry/baring-fangs/im506.png,pain
angry/baring-fangs/im574.png,pain
angry/baring-fangs/im755.png,pain
angry/baring-fangs/im794.png,pain
angry/baring-fangs/im800.png,pain
angry/baring-fangs/im829.png,pain
angry/baring-fangs/im903.png,pain
angry/baring-fangs/im966.png,pain
angry/baring-fangs/im1009.png,pain
angry/baring-fangs/im1069.png,pain
angry/baring-fangs/im1106.png,pain
angry/baring-fangs/im1140.png,pain
angry/baring-fangs/im1225.png,pain
angry/baring-fangs/im1248.png,pain
angry/baring-fangs/im1278.png,pain
angry/baring-fangs/im1280.png,pain
angry/baring-fangs/im1328.png,pain
angry/baring-fangs/im1362.png,pain
angry/baring-fangs/im1426.png,pain
angry/baring-fangs/im1430.png,pain
angry/baring-fangs/im1480.png,pain
angry/baring-fangs/im1489.png,pain
angry/baring-fangs/im1609_2.png,pain
angry/baring-fangs/im1611.png,pain
angry/baring-fangs/im1616.png,pain
angry/baring-fangs/im1634.png,pain
angry/baring-fangs/im1661.png,pain
angry/baring-fangs/im1674.png,pain
angry/baring-fangs/im1714.png,pain
angry/baring-fangs/im1814.png,pain
angry/baring-fangs/im1831.png,pain
angry/baring-fangs/im1860.png,pain
angry/baring-fangs/im1978.png,pain
angry/baring-fangs/im2007.png,pain
angry/baring-fangs/im2018.png,pain
angry/baring-fangs/im2032.png,pain
angry/baring-fangs/im2053.png,pain
angry/baring-fangs/im2054_1_1.png,pain
angry/baring-fangs/im2131.png,pain
angry/baring-fangs/im2164.png,pain
angry/baring-fangs/im2199.png,pain
angry/baring-fangs/im2220.png,pain
angry/baring-fangs/im2226.png,pain
angry/baring-fangs/im2266.png,pain
angry/baring-fangs/im2294.png,pain
angry/baring-fangs/im2309_1.png,pain
angry/baring-fangs/im2324_2.png,pain
angry/baring-fangs/im2332.png,pain
angry/baring-fangs/im2367.png,pain
angry/baring-fangs/im2447.png,pain
angry/baring-fangs/im2494.png,pain
angry/baring-fangs/im2531.png,pain
angry/baring-fangs/im2548_2.png,pain
angry/baring-fangs/im2565.png,pain
angry/baring-fangs/im2611.png,pain
angry/baring-fangs/im2638.png,pain
angry/baring-fangs/im2731.png,pain
angry/baring-fangs/im2830.png,pain
angry/baring-fangs/im2835.png,pain
angry/baring-fangs/im2855.png,pain
angry/baring-fangs/im2872.png,pain
angry/baring-fangs/im2875.png,pain
angry/baring-fangs/im2932.png,pain
angry/baring-fangs/im3051.png,pain
angry/baring-fangs/im3219.png,pain
angry/baring-fangs/im3323.png,pain
angry/baring-fangs/im3324.png,pain
angry/baring-fangs/im3409.png,pain
angry/baring-fangs/im3520.png,pain
angry/baring-fangs/im3575.png,pain
angry/baring-fangs/im3630.png,pain
angry/baring-fangs/im3639.png,pain
angry/baring-fangs/im3659.png,pain
angry/baring-fangs/im3739.png,pain
angry/baring-fangs/im3751.png,pain
angry/baring-fangs/im3790.png,pain
angry/baring-fangs/im3804.png,pain
angry/baring-fangs/im3818.png,pain
angry/baring-fangs/im3940.png,pain
angry/baring-fangs/im3967_1.png,pain
angry/furious-scream/im3.png,pain
angry/furious-scream/im8.png,pain
angry/furious-scream/im11.png,pain
angry/furious-scream/im27_2.png,pain
angry/furious-scream/im33_2.png,pain
angry/furious-scream/im41.png,pain
angry/furious-scream/im62.png,pain
angry/furious-scream/im68.png,pain
angry/furious-scream/im78.png,pain
angry/furious-scream/im108.png,pain
angry/furious-scream/im120.png,pain
angry/furious-scream/im121.png,pain
angry/furious-scream/im138.png,pain
angry/furious-scream/im144.png,pain
angry/furious-scream/im151.png,pain
angry/furious-scream/im153.png,pain
angry/furious-scream/im154.png,pain
angry/furious-scream/im160.png,pain
angry/furious-scream/im168.png,pain
angry/furious-scream/im172_2.png,pain
angry/furious-scream/im177.png,pain
angry/furious-scream/im195.png,pain
angry/furious-scream/im204.png,pain
angry/furious-scream/im208_2.png,pain
angry/furious-scream/im218.png,pain
angry/furious-scream/im219.png,pain
angry/furious-scream/im223.png,pain
angry/furious-scream/im230.png,pain
angry/furious-scream/im233_2.png,pain
angry/furious-scream/im250.png,pain
angry/furious-scream/im274.png,pain
angry/furious-scream/im280.png,pain
angry/furious-scream/im280_2.png,pain
angry/furious-scream/im288.png,pain
angry/furious-scream/im296.png,pain
angry/furious-scream/im318.png,pain
angry/furious-scream/im322.png,pain
angry/furious-scream/im328.png,pain
angry/furious-scream/im341.png,pain
angry/furious-scream/im344_3.png,pain
angry/furious-scream/im351.png,pain
angry/furious-scream/im371_2.png,pain
angry/furious-scream/im376.png,pain
angry/furious-scream/im386.png,pain
angry/furious-scream/im418.png,pain
angry/furious-scream/im418_2.png,pain
angry/furious-scream/im435.png,pain
angry/furious-scream/im437.png,pain
angry/furious-scream/im449.png,pain
angry/furious-scream/im456.png,pain
angry/furious-scream/im466_2.png,pain
angry/furious-scream/im509.png,pain
angry/furious-scream/im521.png,pain
angry/furious-scream/im525_2.png,pain
angry/furious-scream/im534.png,pain
angry/furious-scream/im541.png,pain
angry/furious-scream/im548.png,pain
angry/furious-scream/im597_1.png,pain
angry/furious-scream/im604_2.png,pain
angry/furious-scream/im609.png,pain
angry/furious-scream/im618.png,pain
angry/furious-scream/im680_1.png,pain
angry/furious-scream/im684.png,pain
angry/furious-scream/im690.png,pain
angry/furious-scream/im693.png,pain
angry/furious-scream/im703_2.png,pain
angry/furious-scream/im705.png,pain
angry/furious-scream/im709.png,pain
angry/furious-scream/im722_2.png,pain
angry/furious-scream/im732.png,pain
angry/furious-scream/im741.png,pain
angry/furious-scream/im743.png,pain
angry/furious-scream/im754.png,pain
angry/furious-scream/im756_2.png,pain
angry/furious-scream/im767.png,pain
angry/furious-scream/im769.png,pain
angry/furious-scream/im783.png,pain
angry/furious-scream/im787.png,pain
angry/furious-scream/im797_2.png,pain
angry/furious-scream/im812.png,pain
angry/furious-scream/im814.png,pain
angry/furious-scream/im834.png,pain
angry/furious-scream/im844.png,pain
angry/furious-scream/im845.png,pain
angry/furious-scream/im857.png,pain
angry/furious-scream/im858_2.png,pain
angry/furious-scream/im859.png,pain
angry/furious-scream/im883.png,pain
angry/furious-scream/im884.png,pain
angry/furious-scream/im899.png,pain
angry/furious-scream/im915.png,pain
angry/furious-scream/im917.png,pain
angry/furious-scream/im924.png,pain
angry/furious-scream/im925.png,pain
angry/furious-scream/im927.png,pain
angry/furious-scream/im939.png,pain
angry/furious-scream/im947.png,pain
angry/furious-scream/im962.png,pain
angry/furious-scream/im969.png,pain
angry/furious-scream/im970.png,pain
angry/furious-scream/im971.png,pain
angry/furious-scream/im981.png,pain
angry/furious-scream/im982.png,pain
angry/furious-scream/im994.png,pain
angry/furious-scream/im995.png,pain
angry/furious-scream/im1003.png,pain
angry/furious-scream/im1004.png,pain
angry/furious-scream/im1019_1.png,pain
angry/furious-scream/im1030_2.png,pain
angry/furious-scream/im1031.png,pain
angry/furious-scream/im1038.png,pain
angry/furious-scream/im1044.png,pain
angry/furious-scream/im1047.png,pain
angry/furious-scream/im1051_2.png,pain
angry/furious-scream/im1059.png,pain
angry/furious-scream/im1073.png,pain
angry/furious-scream/im1074.png,pain
angry/furious-scream/im1102.png,pain
angry/furious-scream/im1104.png,pain
angry/furious-scream/im1105.png,pain
angry/furious-scream/im1110.png,pain
angry/furious-scream/im1113.png,pain
angry/furious-scream/im1121.png,pain
angry/furious-scream/im1139.png,pain
angry/furious-scream/im1150.png,pain
angry/furious-scream/im1155.png,pain
angry/furious-scream/im1176.png,pain
angry/furious-scream/im1185.png,pain
angry/furious-scream/im1194.png,pain
angry/furious-scream/im1197.png,pain
angry/furious-scream/im1209.png,pain
angry/furious-scream/im1239.png,pain
angry/furious-scream/im1241.png,pain
angry/furious-scream/im1245.png,pain
angry/furious-scream/im1246.png,pain
angry/furious-scream/im1246_2.png,pain
angry/furious-scream/im1247.png,pain
angry/furious-scream/im1266.png,pain
angry/furious-scream/im1276.png,pain
angry/furious-scream/im1298.png,pain
angry/furious-scream/im1302.png,pain
angry/furious-scream/im1313.png,pain
angry/furious-scream/im1317.png,pain
angry/furious-scream/im1320.png,pain
angry/furious-scream/im1326.png,pain
angry/furious-scream/im1337.png,pain
angry/furious-scream/im1346.png,pain
angry/furious-scream/im1347_2.png,pain
angry/furious-scream/im1366.png,pain
angry/furious-scream/im1378.png,pain
angry/furious-scream/im1379.png,pain
angry/furious-scream/im1382.png,pain
angry/furious-scream/im1398.png,pain
angry/furious-scream/im1399_2.png,pain
angry/furious-scream/im1421.png,pain
angry/furious-scream/im1428.png,pain
angry/furious-scream/im1434.png,pain
angry/furious-scream/im1441.png,pain
angry/furious-scream/im1465_1.png,pain
angry/furious-scream/im1471_1.png,pain
angry/furious-scream/im1475.png,pain
angry/furious-scream/im1476.png,pain
angry/furious-scream/im1482_2.png,pain
angry/furious-scream/im1499.png,pain
angry/furious-scream/im1531.png,pain
angry/furious-scream/im1536.png,pain
angry/furious-scream/im1541.png,pain
angry/furious-scream/im1544.png,pain
angry/furious-scream/im1545.png,pain
angry/furious-scream/im1553.png,pain
angry/furious-scream/im1563.png,pain
angry/furious-scream/im1566.png,pain
angry/furious-scream/im1571.png,pain
angry/furious-scream/im1574.png,pain
angry/furious-scream/im1581.png,pain
angry/furious-scream/im1619.png,pain
angry/furious-scream/im1625.png,pain
angry/furious-scream/im1629_2.png,pain
angry/furious-scream/im1639.png,pain
angry/furious-scream/im1652.png,pain
angry/furious-scream/im1660.png,pain
angry/furious-scream/im1673.png,pain
angry/furious-scream/im1689.png,pain
angry/furious-scream/im1693.png,pain
angry/furious-scream/im1700.png,pain
angry/furious-scream/im1700_2.png,pain
angry/furious-scream/im1707_2.png,pain
angry/furious-scream/im1710_2.png,pain
angry/furious-scream/im1741.png,pain
angry/furious-scream/im1754.png,pain
angry/furious-scream/im1756.png,pain
angry/furious-scream/im1761.png,pain
angry/furious-scream/im1770_2.png,pain
angry/furious-scream/im1775.png,pain
angry/furious-scream/im1779.png,pain
angry/furious-scream/im1783.png,pain
angry/furious-scream/im1800.png,pain
angry/furious-scream/im1816.png,pain
angry/furious-scream/im1820.png,pain
angry/furious-scream/im1832.png,pain
angry/furious-scream/im1843.png,pain
angry/furious-scream/im1848.png,pain
angry/furious-scream/im1853_2.png,pain
angry/furious-scream/im1857.png,pain
angry/furious-scream/im1871.png,pain
angry/furious-scream/im1875.png,pain
angry/furious-scream/im1877.png,pain
angry/furious-scream/im1892_1.png,pain
angry/furious-scream/im1900.png,pain
angry/furious-scream/im1907.png,pain
angry/furious-scream/im1912_2.png,pain
angry/furious-scream/im1941.png,pain
angry/furious-scream/im1943.png,pain
angry/furious-scream/im1946.png,pain
angry/furious-scream/im1948.png,pain
angry/furious-scream/im1955.png,pain
angry/furious-scream/im1960.png,pain
angry/furious-scream/im1979.png,pain
angry/furious-scream/im1989_2.png,pain
angry/furious-scream/im2004_2.png,pain
angry/furious-scream/im2011.png,pain
angry/furious-scream/im2016.png,pain
angry/furious-scream/im2023.png,pain
angry/furious-scream/im2047.png,pain
angry/furious-scream/im2052_2.png,pain
angry/furious-scream/im2062.png,pain
angry/furious-scream/im2064.png,pain
angry/furious-scream/im2069.png,pain
angry/furious-scream/im2070.png,pain
angry/furious-scream/im2097.png,pain
angry/furious-scream/im2112.png,pain
angry/furious-scream/im2117_2.png,pain
angry/furious-scream/im2121.png,pain
angry/furious-scream/im2136.png,pain
angry/furious-scream/im2146.png,pain
angry/furious-scream/im2150.png,pain
angry/furious-scream/im2160.png,pain
angry/furious-scream/im2162_2.png,pain
angry/furious-scream/im2166.png,pain
angry/furious-scream/im2173.png,pain
angry/furious-scream/im2179.png,pain
angry/furious-scream/im2180.png,pain
angry/furious-scream/im2200.png,pain
angry/furious-scream/im2204.png,pain
angry/furious-scream/im2229.png,pain
angry/furious-scream/im2234.png,pain
angry/furious-scream/im2243.png,pain
angry/furious-scream/im2247.png,pain
angry/furious-scream/im2247_2.png,pain
angry/furious-scream/im2256.png,pain
angry/furious-scream/im2265.png,pain
angry/furious-scream/im2268.png,pain
angry/furious-scream/im2279.png,pain
angry/furious-scream/im2281.png,pain
angry/furious-scream/im2296.png,pain
angry/furious-scream/im2297.png,pain
angry/furious-scream/im2313_2.png,pain
angry/furious-scream/im2316.png,pain
angry/furious-scream/im2318.png,pain
angry/furious-scream/im2325.png,pain
angry/furious-scream/im2326.png,pain
angry/furious-scream/im2331_2.png,pain
angry/furious-scream/im2352_2.png,pain
angry/furious-scream/im2361.png,pain
angry/furious-scream/im2369.png,pain
angry/furious-scream/im2375.png,pain
angry/furious-scream/im2383.png,pain
angry/furious-scream/im2384.png,pain
angry/furious-scream/im2395.png,pain
angry/furious-scream/im2436.png,pain
angry/furious-scream/im2445.png,pain
angry/furious-scream/im2446.png,pain
angry/furious-scream/im2460.png,pain
angry/furious-scream/im2462.png,pain
angry/furious-scream/im2465.png,pain
angry/furious-scream/im2468.png,pain
angry/furious-scream/im2474.png,pain
angry/furious-scream/im2475.png,pain
angry/furious-scream/im2480.png,pain
angry/furious-scream/im2491.png,pain
angry/furious-scream/im2495.png,pain
angry/furious-scream/im2502.png,pain
angry/furious-scream/im2504.png,pain
angry/furious-scream/im2524.png,pain
angry/furious-scream/im2541.png,pain
angry/furious-scream/im2544_2.png,pain
angry/furious-scream/im2545.png,pain
angry/furious-scream/im2555.png,pain
angry/furious-scream/im2584.png,pain
angry/furious-scream/im2603.png,pain
angry/furious-scream/im2610.png,pain
angry/furious-scream/im2613.png,pain
angry/furious-scream/im2618.png,pain
angry/furious-scream/im2627.png,pain
angry/furious-scream/im2632.png,pain
angry/furious-scream/im2652.png,pain
angry/furious-scream/im2656.png,pain
angry/furious-scream/im2667.png,pain
angry/furious-scream/im2669.png,pain
angry/furious-scream/im2673.png,pain
angry/furious-scream/im2679.png,pain
angry/furious-scream/im2694.png,pain
angry/furious-scream/im2699.png,pain
angry/furious-scream/im2712.png,pain
angry/furious-scream/im2714.png,pain
angry/furious-scream/im2725.png,pain
angry/furious-scream/im2738.png,pain
angry/furious-scream/im2755_2.png,pain
angry/furious-scream/im2764.png,pain
angry/furious-scream/im2772.png,pain
angry/furious-scream/im2778.png,pain
angry/furious-scream/im2794.png,pain
angry/furious-scream/im2796.png,pain
angry/furious-scream/im2797.png,pain
angry/furious-scream/im2809.png,pain
angry/furious-scream/im2811.png,pain
angry/furious-scream/im2821_2.png,pain
angry/furious-scream/im2832.png,pain
angry/furious-scream/im2836.png,pain
angry/furious-scream/im2843.png,pain
angry/furious-scream/im2853.png,pain
angry/furious-scream/im2865.png,pain
angry/furious-scream/im2878_2.png,pain
angry/furious-scream/im2884.png,pain
angry/furious-scream/im2889.png,pain
angry/furious-scream/im2892.png,pain
angry/furious-scream/im2893.png,pain
angry/furious-scream/im2898.png,pain
angry/furious-scream/im2911.png,pain
angry/furious-scream/im2920.png,pain
angry/furious-scream/im2928.png,pain
angry/furious-scream/im2935.png,pain
angry/furious-scream/im2947.png,pain
angry/furious-scream/im2952.png,pain
angry/furious-scream/im2958.png,pain
angry/furious-scream/im2962.png,pain
angry/furious-scream/im2971_2.png,pain
angry/furious-scream/im2973_2.png,pain
angry/furious-scream/im2976.png,pain
angry/furious-scream/im2977.png,pain
angry/furious-scream/im2985.png,pain
angry/furious-scream/im2988.png,pain
angry/furious-scream/im2992.png,pain
angry/furious-scream/im2996.png,pain
angry/furious-scream/im3011.png,pain
angry/furious-scream/im3017.png,pain
angry/furious-scream/im3023.png,pain
angry/furious-scream/im3031_2.png,pain
angry/furious-scream/im3032.png,pain
angry/furious-scream/im3033.png,pain
angry/furious-scream/im3035.png,pain
angry/furious-scream/im3038.png,pain
angry/furious-scream/im3039.png,pain
angry/furious-scream/im3040.png,pain
angry/furious-scream/im3041.png,pain
angry/furious-scream/im3059_2.png,pain
angry/furious-scream/im3062.png,pain
angry/furious-scream/im3071.png,pain
angry/furious-scream/im3081.png,pain
angry/furious-scream/im3086.png,pain
angry/furious-scream/im3089.png,pain
angry/furious-scream/im3105.png,pain
angry/furious-scream/im3106.png,pain
angry/furious-scream/im3111.png,pain
angry/furious-scream/im3114.png,pain
angry/furious-scream/im3115_2.png,pain
angry/furious-scream/im3120.png,pain
angry/furious-scream/im3121.png,pain
angry/furious-scream/im3130.png,pain
angry/furious-scream/im3135.png,pain
angry/furious-scream/im3137.png,pain
angry/furious-scream/im3138.png,pain
angry/furious-scream/im3138_2.png,pain
angry/furious-scream/im3139.png,pain
angry/furious-scream/im3140.png,pain
angry/furious-scream/im3145.png,pain
angry/furious-scream/im3153.png,pain
angry/furious-scream/im3160.png,pain
angry/furious-scream/im3180.png,pain
angry/furious-scream/im3192.png,pain
angry/furious-scream/im3192_1.png,pain
angry/furious-scream/im3218_1.png,pain
angry/furious-scream/im3246.png,pain
angry/furious-scream/im3254.png,pain
angry/furious-scream/im3278.png,pain
angry/furious-scream/im3287.png,pain
angry/furious-scream/im3289.png,pain
angry/furious-scream/im3290_2.png,pain
angry/furious-scream/im3308.png,pain
angry/furious-scream/im3317.png,pain
angry/furious-scream/im3320_1.png,pain
angry/furious-scream/im3327.png,pain
angry/furious-scream/im3334.png,pain
angry/furious-scream/im3344.png,pain
angry/furious-scream/im3344_1.png,pain
angry/furious-scream/im3353.png,pain
angry/furious-scream/im3359.png,pain
angry/furious-scream/im3360_2.png,pain
angry/furious-scream/im3364.png,pain
angry/furious-scream/im3398.png,pain
angry/furious-scream/im3442_2.png,pain
angry/furious-scream/im3462_2.png,pain
angry/furious-scream/im3479.png,pain
angry/furious-scream/im3482.png,pain
angry/furious-scream/im3482_2.png,pain
angry/furious-scream/im3491.png,pain
angry/furious-scream/im3494_2.png,pain
angry/furious-scream/im3506.png,pain
angry/furious-scream/im3517.png,pain
angry/furious-scream/im3530_2.png,pain
angry/furious-scream/im3533.png,pain
angry/furious-scream/im3536.png,pain
angry/furious-scream/im3542.png,pain
angry/furious-scream/im3545.png,pain
angry/furious-scream/im3547.png,pain
angry/furious-scream/im3548.png,pain
angry/furious-scream/im3564_2.png,pain
angry/furious-scream/im3568.png,pain
angry/furious-scream/im3574.png,pain
angry/furious-scream/im3579.png,pain
angry/furious-scream/im3582.png,pain
angry/furious-scream/im3583.png,pain
angry/furious-scream/im3587.png,pain
angry/furious-scream/im3590.png,pain
angry/furious-scream/im3594.png,pain
angry/furious-scream/im3609.png,pain
angry/furious-scream/im3614.png,pain
angry/furious-scream/im3615_1.png,pain
angry/furious-scream/im3617.png,pain
angry/furious-scream/im3625.png,pain
angry/furious-scream/im3640.png,pain
angry/furious-scream/im3661.png,pain
angry/furious-scream/im3677.png,pain
angry/furious-scream/im3687.png,pain
angry/furious-scream/im3689.png,pain
angry/furious-scream/im3702.png,pain
angry/furious-scream/im3720.png,pain
angry/furious-scream/im3725.png,pain
angry/furious-scream/im3734.png,pain
angry/furious-scream/im3737.png,pain
angry/furious-scream/im3740.png,pain
angry/furious-scream/im3742.png,pain
angry/furious-scream/im3743.png,pain
angry/furious-scream/im3750.png,pain
angry/furious-scream/im3759.png,pain
angry/furious-scream/im3760.png,pain
angry/furious-scream/im3777_2.png,pain
angry/furious-scream/im3780.png,pain
angry/furious-scream/im3791.png,pain
angry/furious-scream/im3794.png,pain
angry/furious-scream/im3796.png,pain
angry/furious-scream/im3801_2.png,pain
angry/furious-scream/im3820.png,pain
angry/furious-scream/im3833.png,pain
angry/furious-scream/im3834_2.png,pain
angry/furious-scream/im3837.png,pain
angry/furious-scream/im3840.png,pain
angry/furious-scream/im3848_2.png,pain
angry/furious-scream/im3849.png,pain
angry/furious-scream/im3866.png,pain
angry/furious-scream/im3872.png,pain
angry/furious-scream/im3879.png,pain
angry/furious-scream/im3897.png,pain
angry/furious-scream/im3898.png,pain
angry/furious-scream/im3904.png,pain
angry/furious-scream/im3909.png,pain
angry/furious-scream/im3923.png,pain
angry/furious-scream/im3926.png,pain
angry/furious-scream/im3928.png,pain
angry/furious-scream/im3929_2.png,pain
angry/furious-scream/im3930.png,pain
angry/furious-scream/im3932.png,pain
angry/furious-scream/im3937_1_1.png,pain
angry/furious-scream/im3942.png,pain
angry/furious-scream/im3944_2.png,pain
angry/furious-scream/im3945.png,pain
angry/furious-scream/im3993.png,pain
angry/furious-scream/im6226_1.png,pain
angry/scolding/im69.png,pain
angry/scolding/im73.png,pain
angry/scolding/im86_1.png,pain
angry/scolding/im89.png,pain
angry/scolding/im104_2.png,pain
angry/scolding/im107.png,pain
angry/scolding/im138.png,pain
angry/scolding/im142.png,pain
angry/scolding/im145.png,pain
angry/scolding/im172.png,pain
angry/scolding/im173_2.png,pain
angry/scolding/im192.png,pain
angry/scolding/im207.png,pain
angry/scolding/im221.png,pain
angry/scolding/im232_2.png,pain
angry/scolding/im252.png,pain
angry/scolding/im255.png,pain
angry/scolding/im271.png,pain
angry/scolding/im278.png,pain
angry/scolding/im283.png,pain
angry/scolding/im350_2.png,pain
angry/scolding/im354.png,pain
angry/scolding/im360_2.png,pain
angry/scolding/im366.png,pain
angry/scolding/im378.png,pain
angry/scolding/im393.png,pain
angry/scolding/im405.png,pain
angry/scolding/im420.png,pain
angry/scolding/im434.png,pain
angry/scolding/im448.png,pain
angry/scolding/im467.png,pain
angry/scolding/im496.png,pain
angry/scolding/im500.png,pain
angry/scolding/im508_1.png,pain
angry/scolding/im528.png,pain
angry/scolding/im531.png,pain
angry/scolding/im532.png,pain
angry/scolding/im561.png,pain
angry/scolding/im576.png,pain
angry/scolding/im580.png,pain
angry/scolding/im581.png,pain
angry/scolding/im590.png,pain
angry/scolding/im602.png,pain
angry/scolding/im628.png,pain
angry/scolding/im636.png,pain
angry/scolding/im661.png,pain
angry/scolding/im666.png,pain
angry/scolding/im679.png,pain
angry/scolding/im681.png,pain
angry/scolding/im689.png,pain
angry/scolding/im694.png,pain
angry/scolding/im703.png,pain
angry/scolding/im706.png,pain
angry/scolding/im708_2.png,pain
angry/scolding/im722.png,pain
angry/scolding/im723.png,pain
angry/scolding/im730.png,pain
angry/scolding/im742.png,pain
angry/scolding/im771.png,pain
angry/scolding/im790.png,pain
angry/scolding/im806.png,pain
angry/scolding/im819.png,pain
angry/scolding/im854.png,pain
angry/scolding/im880.png,pain
angry/scolding/im885.png,pain
angry/scolding/im901.png,pain
angry/scolding/im977_1.png,pain
angry/scolding/im1031_1.png,pain
angry/scolding/im1066_1.png,pain
angry/scolding/im1068.png,pain
angry/scolding/im1070.png,pain
angry/scolding/im1089.png,pain
angry/scolding/im1107.png,pain
angry/scolding/im1130.png,pain
angry/scolding/im1147_2.png,pain
angry/scolding/im1190.png,pain
angry/scolding/im1208.png,pain
angry/scolding/im1264.png,pain
angry/scolding/im1267.png,pain
angry/scolding/im1299.png,pain
angry/scolding/im1312.png,pain
angry/scolding/im1347.png,pain
angry/scolding/im1351.png,pain
angry/scolding/im1372.png,pain
angry/scolding/im1381_2.png,pain
angry/scolding/im1425.png,pain
angry/scolding/im1438_2.png,pain
angry/scolding/im1458.png,pain
angry/scolding/im1461.png,pain
angry/scolding/im1470.png,pain
angry/scolding/im1485.png,pain
angry/scolding/im1486_1.png,pain
angry/scolding/im1496.png,pain
angry/scolding/im1502.png,pain
angry/scolding/im1507.png,pain
angry/scolding/im1513.png,pain
angry/scolding/im1530.png,pain
angry/scolding/im1560.png,pain
angry/scolding/im1591_1.png,pain
angry/scolding/im1613.png,pain
angry/scolding/im1626.png,pain
angry/scolding/im1711.png,pain
angry/scolding/im1712.png,pain
angry/scolding/im1727.png,pain
angry/scolding/im1735.png,pain
angry/scolding/im1757.png,pain
angry/scolding/im1781.png,pain
angry/scolding/im1797.png,pain
angry/scolding/im1815.png,pain
angry/scolding/im1817.png,pain
angry/scolding/im1834.png,pain
angry/scolding/im1839.png,pain
angry/scolding/im1841.png,pain
angry/scolding/im1842.png,pain
angry/scolding/im1868.png,pain
angry/scolding/im1882.png,pain
angry/scolding/im1885.png,pain
angry/scolding/im1886.png,pain
angry/scolding/im1901.png,pain
angry/scolding/im1904.png,pain
angry/scolding/im1935.png,pain
angry/scolding/im1969.png,pain
angry/scolding/im1997.png,pain
angry/scolding/im2003_2.png,pain
angry/scolding/im2005.png,pain
angry/scolding/im2006.png,pain
angry/scolding/im2024.png,pain
angry/scolding/im2031.png,pain
angry/scolding/im2035.png,pain
angry/scolding/im2045.png,pain
angry/scolding/im2052.png,pain
angry/scolding/im2072.png,pain
angry/scolding/im2073.png,pain
angry/scolding/im2086.png,pain
angry/scolding/im2088.png,pain
angry/scolding/im2094.png,pain
angry/scolding/im2120.png,pain
angry/scolding/im2144_2.png,pain
angry/scolding/im2148.png,pain
angry/scolding/im2186.png,pain
angry/scolding/im2192.png,pain
angry/scolding/im2194.png,pain
angry/scolding/im2232.png,pain
angry/scolding/im2253.png,pain
angry/scolding/im2282.png,pain
angry/scolding/im2305.png,pain
angry/scolding/im2307.png,pain
angry/scolding/im2312.png,pain
angry/scolding/im2319.png,pain
angry/scolding/im2354.png,pain
angry/scolding/im2385.png,pain
angry/scolding/im2410.png,pain
angry/scolding/im2417.png,pain
angry/scolding/im2454.png,pain
angry/scolding/im2455_2.png,pain
angry/scolding/im2466.png,pain
angry/scolding/im2488.png,pain
angry/scolding/im2490.png,pain
angry/scolding/im2576_2.png,pain
angry/scolding/im2595.png,pain
angry/scolding/im2597.png,pain
angry/scolding/im2621.png,pain
angry/scolding/im2657.png,pain
angry/scolding/im2658.png,pain
angry/scolding/im2663.png,pain
angry/scolding/im2672.png,pain
angry/scolding/im2677.png,pain
angry/scolding/im2685.png,pain
angry/scolding/im2691.png,pain
angry/scolding/im2719_2.png,pain
angry/scolding/im2720.png,pain
angry/scolding/im2750.png,pain
angry/scolding/im2763.png,pain
angry/scolding/im2766.png,pain
angry/scolding/im2774.png,pain
angry/scolding/im2801.png,pain
angry/scolding/im2806.png,pain
angry/scolding/im2826.png,pain
angry/scolding/im2827.png,pain
angry/scolding/im2862.png,pain
angry/scolding/im2914.png,pain
angry/scolding/im2972_1.png,pain
angry/scolding/im2981.png,pain
angry/scolding/im3006.png,pain
angry/scolding/im3043.png,pain
angry/scolding/im3072.png,pain
angry/scolding/im3073.png,pain
angry/scolding/im3093_2.png,pain
angry/scolding/im3142.png,pain
angry/scolding/im3164.png,pain
angry/scolding/im3185.png,pain
angry/scolding/im3207.png,pain
angry/scolding/im3211_1.png,pain
angry/scolding/im3245.png,pain
angry/scolding/im3321.png,pain
angry/scolding/im3388.png,pain
angry/scolding/im3390.png,pain
angry/scolding/im3413.png,pain
angry/scolding/im3464.png,pain
angry/scolding/im3556.png,pain
angry/scolding/im3558.png,pain
angry/scolding/im3582_2.png,pain
angry/scolding/im3603.png,pain
angry/scolding/im3611.png,pain
angry/scolding/im3636_2.png,pain
angry/scolding/im3693.png,pain
angry/scolding/im3694.png,pain
angry/scolding/im3724.png,pain
angry/scolding/im3744.png,pain
angry/scolding/im3749.png,pain
angry/scolding/im3769.png,pain
angry/scolding/im3770_2.png,pain
angry/scolding/im3784.png,pain
angry/scolding/im3811.png,pain
angry/scolding/im3848.png,pain
angry/scolding/im3874.png,pain
angry/scolding/im3885.png,pain
angry/scolding/im3903.png,pain
angry/scolding/im3949.png,pain
angry/scolding/im3963.png,pain
angry/scolding/im3968.png,pain
angry/scolding/im3994_1.png,pain
angry/scolding/im4686_1.png,pain
angry/scolding/im4894_1.png,pain
happy/attention-happy/im1325_2.png,positive
happy/attention-happy/im1531.png,positive
happy/attention-happy/im1721.png,positive
happy/attention-happy/im2035.png,positive
happy/attention-happy/im2356.png,positive
happy/attention-happy/im2383.png,positive
happy/attention-happy/im2587.png,positive
happy/attention-happy/im2697.png,positive
happy/attention-happy/im2959_2.png,positive
happy/attention-happy/im3203_1.png,positive
happy/attention-happy/im3317_2.png,positive
happy/attention-happy/im3412_1.png,positive
happy/attention-happy/im3712_1.png,positive
happy/attention-happy/im4017_1.png,positive
happy/attention-happy/im4066_1.png,positive
happy/attention-happy/im4086_1.png,positive
happy/attention-happy/im4580_1.png,positive
happy/attention-happy/im4744.png,positive
happy/attention-happy/im4818.png,positive
happy/attention-happy/im4977.png,positive
happy/attention-happy/im5206_1.png,positive
happy/attention-happy/im5593_1.png,positive
happy/attention-happy/im5845_1.png,positive
happy/attention-happy/im6153_1.png,positive
happy/attention-happy/im6154_1.png,positive
happy/attention-happy/im6244_1.png,positive
happy/attention-happy/im6325_1.png,positive
happy/attention-happy/im6564.png,positive
happy/attention-happy/im6888.png,positive
happy/evil-smile/im4.png,positive
happy/evil-smile/im103.png,positive
happy/evil-smile/im282.png,positive
happy/evil-smile/im1096.png,positive
happy/evil-smile/im1965.png,positive
happy/evil-smile/im2308.png,positive
happy/evil-smile/im2771.png,positive
happy/evil-smile/im3212.png,positive
happy/evil-smile/im3220.png,positive
happy/exited-attention-happy/im234.png,positive
happy/exited-attention-happy/im238_1.png,positive
happy/exited-attention-happy/im469_1.png,positive
happy/exited-attention-happy/im494.png,positive
happy/exited-attention-happy/im559_1.png,positive
happy/exited-attention-happy/im774_1.png,positive
happy/exited-attention-happy/im997_1.png,positive
happy/exited-attention-happy/im1003.png,positive
happy/exited-attention-happy/im1051_1.png,positive
happy/exited-attention-happy/im1246.png,positive
happy/exited-attention-happy/im1406.png,positive
happy/exited-attention-happy/im1856.png,positive
happy/exited-attention-happy/im2042.png,positive
happy/exited-attention-happy/im2096_1.png,positive
happy/exited-attention-happy/im2200.png,positive
happy/exited-attention-happy/im2348.png,positive
happy/exited-attention-happy/im2406_1.png,positive
happy/exited-attention-happy/im2423.png,positive
happy/exited-attention-happy/im2788_1.png,positive
happy/exited-attention-happy/im2970_1.png,positive
happy/exited-attention-happy/im3173_1.png,positive
happy/exited-attention-happy/im3222.png,positive
happy/exited-attention-happy/im3425_1.png,positive
happy/exited-attention-happy/im3586_1.png,positive
happy/exited-attention-happy/im3705_1.png,positive
happy/exited-attention-happy/im3918_1.png,positive
happy/exited-attention-happy/im4442_1.png,positive
happy/exited-attention-happy/im4603.png,positive
happy/exited-attention-happy/im4817_1.png,positive
happy/exited-attention-happy/im4877.png,positive
happy/exited-attention-happy/im5383_1.png,positive
happy/exited-attention-happy/im5459_1.png,positive
happy/exited-attention-happy/im5564_1.png,positive
happy/exited-attention-happy/im5634_1.png,positive
happy/exited-attention-happy/im5639_1.png,positive
happy/exited-attention-happy/im5768_1.png,positive
happy/exited-attention-happy/im5804.png,positive
happy/exited-attention-happy/im5856.png,positive
happy/exited-attention-happy/im5925_1.png,positive
happy/exited-attention-happy/im6087_1.png,positive
happy/exited-attention-happy/im6245_1.png,positive
happy/exited-attention-happy/im6250_1.png,positive
happy/exited-attention-happy/im6548_1.png,positive
happy/exited-attention-happy/im6779_1.png,positive
happy/exited-attention-happy/im6818_1.png,positive
happy/exited-attention-happy/im6829_1.png,positive
happy/exited-attention-happy/im6833_1.png,positive
happy/exited-closed-eyes-happy/im309_1.png,positive
happy/exited-closed-eyes-happy/im512.png,positive
happy/exited-closed-eyes-happy/im716_1.png,positive
happy/exited-closed-eyes-happy/im1062_1.png,positive
happy/exited-closed-eyes-happy/im1397_1.png,positive
happy/exited-closed-eyes-happy/im2249_1.png,positive
happy/exited-closed-eyes-happy/im2507.png,positive
happy/exited-closed-eyes-happy/im3335_2.png,positive
happy/exited-closed-eyes-happy/im3555.png,positive
happy/exited-closed-eyes-happy/im3637_2.png,positive
happy/exited-closed-eyes-happy/im3664_1.png,positive
happy/exited-closed-eyes-happy/im5045_1.png,positive
happy/exited-closed-eyes-happy/im5226_1.png,positive
happy/exited-closed-eyes-happy/im5767_1.png,positive
happy/exited-closed-eyes-happy/im6387.png,positive
happy/exited-closed-eyes-happy/im6894_1.png,positive
happy/exited-closed-eyes-happy/im7082_1.png,positive
happy/fake-smile/im100.png,positive
happy/fake-smile/im114.png,positive
happy/fake-smile/im232.png,positive
happy/fake-smile/im422_1.png,positive
happy/fake-smile/im510_2.png,positive
happy/fake-smile/im719.png,positive
happy/fake-smile/im808.png,positive
happy/fake-smile/im1081_2.png,positive
happy/fake-smile/im1143.png,positive
happy/fake-smile/im1179.png,positive
happy/fake-smile/im1205.png,positive
happy/fake-smile/im1250_1.png,positive
happy/fake-smile/im1312_1.png,positive
happy/fake-smile/im1663.png,positive
happy/fake-smile/im1689.png,positive
happy/fake-smile/im1802_1.png,positive
happy/fake-smile/im2115_2.png,positive
happy/fake-smile/im2135_1.png,positive
happy/fake-smile/im2582_2.png,positive
happy/fake-smile/im2619.png,positive
happy/fake-smile/im2781.png,positive
happy/fake-smile/im2879.png,positive
happy/fake-smile/im3108.png,positive
happy/fake-smile/im3225.png,positive
happy/fake-smile/im3242.png,positive
happy/fake-smile/im3404.png,positive
happy/fake-smile/im3495_2.png,positive
happy/fake-smile/im3609.png,positive
happy/fake-smile/im3729.png,positive
happy/fake-smile/im4110.png,positive
happy/fake-smile/im4206.png,positive
happy/fake-smile/im4233.png,positive
happy/fake-smile/im4368.png,positive
happy/fake-smile/im4383.png,positive
happy/fake-smile/im4478.png,positive
happy/fake-smile/im4811.png,positive
happy/fake-smile/im4904.png,positive
happy/fake-smile/im4913.png,positive
happy/fake-smile/im6025.png,positive
happy/fake-smile/im6616.png,positive
happy/fake-smile/im6636.png,positive
happy/im0.png,positive
happy/im1.png,positive
happy/im2.png,positive
happy/im3.png,positive
happy/im5.png,positive
happy/im6.png,positive
happy/im7.png,positive
happy/im8.png,positive
happy/im10.png,positive
happy/im11.png,positive
happy/im12.png,positive
happy/im15.png,positive
happy/im15_2.png,positive
happy/im17.png,positive
happy/im19.png,positive
happy/im20.png,positive
happy/im22.png,positive
happy/im26.png,positive
happy/im27.png,positive
happy/im28.png,positive
happy/im29.png,positive
happy/im29_1.png,positive
happy/im30.png,positive
happy/im30_1.png,positive
happy/im31.png,positive
happy/im31_1.png,positive
happy/im32.png,positive
happy/im33.png,positive
happy/im35.png,positive
happy/im36.png,positive
happy/im37.png,positive
happy/im38.png,positive
happy/im38_1.png,positive
happy/im39.png,positive
happy/im40.png,positive
happy/im41.png,positive
happy/im42.png,positive
happy/im43.png,positive
happy/im44.png,positive
happy/im46.png,positive
happy/im47.png,positive
happy/im49.png,positive
happy/im50.png,positive
happy/im51.png,positive
happy/im52.png,positive
happy/im53.png,positive
happy/im54.png,positive
happy/im55.png,positive
happy/im57.png,positive
happy/im59.png,positive
happy/im60.png,positive
happy/im61.png,positive
happy/im62.png,positive
happy/im63.png,positive
happy/im65.png,positive
happy/im66.png,positive
happy/im67.png,positive
happy/im68.png,positive
happy/im69.png,positive
happy/im70.png,positive
happy/im71.png,positive
happy/im72.png,positive
happy/im74.png,positive
happy/im75.png,positive
happy/im76.png,positive
happy/im77.png,positive
happy/im79.png,positive
happy/im80.png,positive
happy/im81.png,positive
happy/im82_2.png,positive
happy/im83.png,positive
happy/im86.png,positive
happy/im87.png,positive
happy/im88.png,positive
happy/im89.png,positive
happy/im90.png,positive
happy/im91.png,positive
happy/im92.png,positive
happy/im94.png,positive
happy/im95.png,positive
happy/im95_1.png,positive
happy/im96.png,positive
happy/im97.png,positive
happy/im97_1.png,positive
happy/im98.png,positive
happy/im99.png,positive
happy/im101.png,positive
happy/im102.png,positive
happy/im105.png,positive
happy/im106.png,positive
happy/im107.png,positive
happy/im108.png,positive
happy/im109.png,positive
happy/im110.png,positive
happy/im111.png,positive
happy/im112.png,positive
happy/im114.png,positive
happy/im115.png,positive
happy/im116.png,positive
happy/im117.png,positive
happy/im117_1.png,positive
happy/im118.png,positive
happy/im119.png,positive
happy/im120.png,positive
happy/im121.png,positive
happy/im123.png,positive
happy/im124.png,positive
happy/im125.png,positive
happy/im126.png,positive
happy/im128.png,positive
happy/im128_1.png,positive
happy/im129.png,positive
happy/im130.png,positive
happy/im131.png,positive
happy/im132.png,positive
happy/im133.png,positive
happy/im134.png,positive
happy/im135.png,positive
happy/im136.png,positive
happy/im137.png,positive
happy/im139.png,positive
happy/im141.png,positive
happy/im142.png,positive
happy/im143.png,positive
happy/im144.png,positive
happy/im145.png,positive
happy/im146.png,positive
happy/im147.png,positive
happy/im148.png,positive
happy/im149.png,positive
happy/im150.png,positive
happy/im151.png,positive
happy/im152.png,positive
happy/im153.png,positive
happy/im154.png,positive
happy/im155.png,positive
happy/im156.png,positive
happy/im158.png,positive
happy/im159.png,positive
happy/im160.png,positive
happy/im160_1.png,positive
happy/im161.png,positive
happy/im162.png,positive
happy/im163.png,positive
happy/im165.png,positive
happy/im167.png,positive
happy/im167_1.png,positive
happy/im168.png,positive
happy/im169.png,positive
happy/im169_1.png,positive
happy/im170.png,positive
happy/im171.png,positive
happy/im172.png,positive
happy/im173.png,positive
happy/im174.png,positive
happy/im175.png,positive
happy/im176.png,positive
happy/im176_1.png,positive
happy/im177.png,positive
happy/im178.png,positive
happy/im179.png,positive
happy/im180.png,positive
happy/im181.png,positive
happy/im183.png,positive
happy/im184.png,positive
happy/im185.png,positive
happy/im186.png,positive
happy/im188.png,positive
happy/im189.png,positive
happy/im190.png,positive
happy/im191.png,positive
happy/im192.png,positive
happy/im193.png,positive
happy/im194.png,positive
happy/im195.png,positive
happy/im196.png,positive
happy/im197.png,positive
happy/im198.png,positive
happy/im202.png,positive
happy/im202_1.png,positive
happy/im203.png,positive
happy/im204.png,positive
happy/im205.png,positive
happy/im206.png,positive
happy/im208.png,positive
happy/im209.png,positive
happy/im210.png,positive
happy/im211.png,positive
happy/im211_1.png,positive
happy/im212.png,positive
happy/im213.png,positive
happy/im214.png,positive
happy/im215.png,positive
happy/im216.png,positive
happy/im218.png,positive
happy/im219.png,positive
happy/im220.png,positive
happy/im222.png,positive
happy/im224.png,positive
happy/im225.png,positive
happy/im226.png,positive
happy/im227.png,positive
happy/im228.png,positive
happy/im229.png,positive
happy/im230.png,positive
happy/im231.png,positive
happy/im232.png,positive
happy/im233.png,positive
happy/im234.png,positive
happy/im235.png,positive
happy/im237.png,positive
happy/im238.png,positive
happy/im240.png,positive
happy/im241.png,positive
happy/im242.png,positive
happy/im242_1.png,positive
happy/im243.png,positive
happy/im244.png,positive
happy/im245.png,positive
happy/im246.png,positive
happy/im247.png,positive
happy/im248.png,positive
happy/im249_1.png,positive
happy/im250.png,positive
happy/im251.png,positive
happy/im251_1.png,positive
happy/im253.png,positive
happy/im254.png,positive
happy/im255.png,positive
happy/im256.png,positive
happy/im257.png,positive
happy/im258.png,positive
happy/im259.png,positive
happy/im261.png,positive
happy/im262.png,positive
happy/im263.png,positive
happy/im264.png,positive
happy/im265.png,positive
happy/im266.png,positive
happy/im267.png,positive
happy/im268.png,positive
happy/im269_1.png,positive
happy/im270.png,positive
happy/im270_1.png,positive
happy/im271.png,positive
happy/im271_1.png,positive
happy/im272.png,positive
happy/im273.png,positive
happy/im274.png,positive
happy/im275.png,positive
happy/im276.png,positive
happy/im277.png,positive
happy/im279.png,positive
happy/im280.png,positive
happy/im281.png,positive
happy/im282.png,positive
happy/im283.png,positive
happy/im284.png,positive
happy/im285.png,positive
happy/im286.png,positive
happy/im287.png,positive
happy/im288.png,positive
happy/im289.png,positive
happy/im289_1.png,positive
happy/im290.png,positive
happy/im291.png,positive
happy/im292.png,positive
happy/im293.png,positive
happy/im294.png,positive
happy/im294_1.png,positive
happy/im295.png,positive
happy/im297.png,positive
happy/im298.png,positive
happy/im299.png,positive
happy/im299_1.png,positive
happy/im300_1.png,positive
happy/im301.png,positive
happy/im302.png,positive
happy/im303.png,positive
happy/im304.png,positive
happy/im305.png,positive
happy/im306.png,positive
happy/im310.png,positive
happy/im311.png,positive
happy/im312.png,positive
happy/im313.png,positive
happy/im313_1.png,positive
happy/im314.png,positive
happy/im314_1.png,positive
happy/im315.png,positive
happy/im316.png,positive
happy/im317.png,positive
happy/im318.png,positive
happy/im319.png,positive
happy/im321.png,positive
happy/im322.png,positive
happy/im322_1.png,positive
happy/im323.png,positive
happy/im324.png,positive
happy/im325.png,positive
happy/im327.png,positive
happy/im328.png,positive
happy/im329.png,positive
happy/im330.png,positive
happy/im331.png,positive
happy/im332.png,positive
happy/im333.png,positive
happy/im334.png,positive
happy/im335.png,positive
happy/im335_1.png,positive
happy/im338.png,positive
happy/im339.png,positive
happy/im339_1.png,positive
happy/im340.png,positive
happy/im341_1.png,positive
happy/im342.png,positive
happy/im343.png,positive
happy/im344.png,positive
happy/im346.png,positive
happy/im347.png,positive
happy/im348.png,positive
happy/im349.png,positive
happy/im350.png,positive
happy/im351.png,positive
happy/im352.png,positive
happy/im353.png,positive
happy/im354.png,positive
happy/im355.png,positive
happy/im356.png,positive
happy/im357.png,positive
happy/im357_1.png,positive
happy/im359.png,positive
happy/im360.png,positive
happy/im361.png,positive
happy/im362.png,positive
happy/im363.png,positive
happy/im364.png,positive
happy/im365.png,positive
happy/im368.png,positive
happy/im368_2.png,positive
happy/im369.png,positive
happy/im369_1.png,positive
happy/im370.png,positive
happy/im371.png,positive
happy/im372.png,positive
happy/im373.png,positive
happy/im374.png,positive
happy/im376.png,positive
happy/im377.png,positive
happy/im378.png,positive
happy/im379.png,positive
happy/im380.png,positive
happy/im381.png,positive
happy/im382_1.png,positive
happy/im383.png,positive
happy/im384.png,positive
happy/im385.png,positive
happy/im386.png,positive
happy/im387.png,positive
happy/im390.png,positive
happy/im390_2.png,positive
happy/im391.png,positive
happy/im392.png,positive
happy/im393.png,positive
happy/im394.png,positive
happy/im395.png,positive
happy/im396.png,positive
happy/im397.png,positive
happy/im398.png,positive
happy/im399.png,positive
happy/im399_1.png,positive
happy/im400.png,positive
happy/im402.png,positive
happy/im403.png,positive
happy/im405.png,positive
happy/im406.png,positive
happy/im408.png,positive
happy/im409.png,positive
happy/im410.png,positive
happy/im411.png,positive
happy/im411_1.png,positive
happy/im412.png,positive
happy/im413.png,positive
happy/im414.png,positive
happy/im415.png,positive
happy/im416.png,positive
happy/im417.png,positive
happy/im418.png,positive
happy/im419.png,positive
happy/im422.png,positive
happy/im423.png,positive
happy/im423_1.png,positive
happy/im424.png,positive
happy/im425.png,positive
happy/im426.png,positive
happy/im427.png,positive
happy/im428.png,positive
happy/im429.png,positive
happy/im430.png,positive
happy/im430_2.png,positive
happy/im432.png,positive
happy/im433.png,positive
happy/im435.png,positive
happy/im436.png,positive
happy/im437_1.png,positive
happy/im438.png,positive
happy/im439.png,positive
happy/im440.png,positive
happy/im441.png,positive
happy/im442.png,positive
happy/im443.png,positive
happy/im444.png,positive
happy/im445.png,positive
happy/im446.png,positive
happy/im447.png,positive
happy/im448.png,positive
happy/im449.png,positive
happy/im450.png,positive
happy/im450_1.png,positive
happy/im451.png,positive
happy/im452.png,positive
happy/im453.png,positive
happy/im454.png,positive
happy/im455.png,positive
happy/im456_1.png,positive
happy/im457.png,positive
happy/im458.png,positive
happy/im459.png,positive
happy/im460.png,positive
happy/im461.png,positive
happy/im462.png,positive
happy/im463.png,positive
happy/im464.png,positive
happy/im466.png,positive
happy/im467.png,positive
happy/im470.png,positive
happy/im471.png,positive
happy/im473.png,positive
happy/im474.png,positive
happy/im475.png,positive
happy/im476.png,positive
happy/im477.png,positive
happy/im479.png,positive
happy/im480.png,positive
happy/im481.png,positive
happy/im481_1.png,positive
happy/im482.png,positive
happy/im484.png,positive
happy/im486.png,positive
happy/im487.png,positive
happy/im487_1.png,positive
happy/im489.png,positive
happy/im490.png,positive
happy/im491.png,positive
happy/im492.png,positive
happy/im493.png,positive
happy/im493_1.png,positive
happy/im495.png,positive
happy/im496.png,positive
happy/im496_1.png,positive
happy/im497.png,positive
happy/im498.png,positive
happy/im499.png,positive
happy/im500.png,positive
happy/im501.png,positive
happy/im502.png,positive
happy/im503.png,positive
happy/im503_1.png,positive
happy/im504.png,positive
happy/im505.png,positive
happy/im506.png,positive
happy/im507.png,positive
happy/im508.png,positive
happy/im509.png,positive
happy/im510.png,positive
happy/im511.png,positive
happy/im513.png,positive
happy/im514.png,positive
happy/im515.png,positive
happy/im516.png,positive
happy/im517.png,positive
happy/im518.png,positive
happy/im519.png,positive
happy/im520.png,positive
happy/im521.png,positive
happy/im522_1.png,positive
happy/im524.png,positive
happy/im525.png,positive
happy/im526.png,positive
happy/im527.png,positive
happy/im528.png,positive
happy/im529.png,positive
happy/im530.png,positive
happy/im531.png,positive
happy/im532.png,positive
happy/im533.png,positive
happy/im533_2.png,positive
happy/im534.png,positive
happy/im534_1.png,positive
happy/im535.png,positive
happy/im536.png,positive
happy/im537.png,positive
happy/im538.png,positive
happy/im538_1.png,positive
happy/im539.png,positive
happy/im541.png,positive
happy/im542.png,positive
happy/im543.png,positive
happy/im544.png,positive
happy/im545.png,positive
happy/im546.png,positive
happy/im547.png,positive
happy/im548.png,positive
happy/im549.png,positive
happy/im550.png,positive
happy/im551.png,positive
happy/im552.png,positive
happy/im553.png,positive
happy/im554.png,positive
happy/im555.png,positive
happy/im556.png,positive
happy/im557.png,positive
happy/im558.png,positive
happy/im558_1.png,positive
happy/im558_2.png,positive
happy/im560.png,positive
happy/im561.png,positive
happy/im562.png,positive
happy/im563.png,positive
happy/im564.png,positive
happy/im565.png,positive
happy/im566.png,positive
happy/im567.png,positive
happy/im569.png,positive
happy/im569_1.png,positive
happy/im570.png,positive
happy/im571.png,positive
happy/im572.png,positive
happy/im573.png,positive
happy/im574.png,positive
happy/im575.png,positive
happy/im576.png,positive
happy/im577.png,positive
happy/im577_1.png,positive
happy/im578.png,positive
happy/im579.png,positive
happy/im581.png,positive
happy/im582.png,positive
happy/im583.png,positive
happy/im586.png,positive
happy/im587.png,positive
happy/im588.png,positive
happy/im589.png,positive
happy/im590.png,positive
happy/im591.png,positive
happy/im592.png,positive
happy/im594.png,positive
happy/im596.png,positive
happy/im597.png,positive
happy/im599.png,positive
happy/im600.png,positive
happy/im601.png,positive
happy/im602.png,positive
happy/im603.png,positive
happy/im603_1.png,positive
happy/im604.png,positive
happy/im605.png,positive
happy/im606.png,positive
happy/im608.png,positive
happy/im610.png,positive
happy/im611.png,positive
happy/im612.png,positive
happy/im613.png,positive
happy/im614.png,positive
happy/im616.png,positive
happy/im617.png,positive
happy/im618.png,positive
happy/im619.png,positive
happy/im620.png,positive
happy/im621.png,positive
happy/im622.png,positive
happy/im624.png,positive
happy/im625.png,positive
happy/im626.png,positive
happy/im627.png,positive
happy/im627_1.png,positive
happy/im628.png,positive
happy/im629.png,positive
happy/im630.png,positive
happy/im631.png,positive
happy/im631_2.png,positive
happy/im632.png,positive
happy/im633.png,positive
happy/im634.png,positive
happy/im635.png,positive
happy/im636.png,positive
happy/im637.png,positive
happy/im637_1.png,positive
happy/im638.png,positive
happy/im639.png,positive
happy/im640.png,positive
happy/im640_1.png,positive
happy/im641.png,positive
happy/im642.png,positive
happy/im643.png,positive
happy/im643_1.png,positive
happy/im644.png,positive
happy/im645.png,positive
happy/im647.png,positive
happy/im648.png,positive
happy/im649.png,positive
happy/im650.png,positive
happy/im651.png,positive
happy/im651_1.png,positive
happy/im652.png,positive
happy/im653.png,positive
happy/im654.png,positive
happy/im655.png,positive
happy/im656.png,positive
happy/im657.png,positive
happy/im658.png,positive
happy/im658_1.png,positive
happy/im660.png,positive
happy/im661.png,positive
happy/im662.png,positive
happy/im663.png,positive
happy/im664.png,positive
happy/im664_1.png,positive
happy/im666.png,positive
happy/im667.png,positive
happy/im668.png,positive
happy/im669.png,positive
happy/im670_1.png,positive
happy/im670_2.png,positive
happy/im671.png,positive
happy/im672.png,positive
happy/im673.png,positive
happy/im674.png,positive
happy/im675.png,positive
happy/im676.png,positive
happy/im677.png,positive
happy/im678.png,positive
happy/im680.png,positive
happy/im681.png,positive
happy/im682.png,positive
happy/im683.png,positive
happy/im685.png,positive
happy/im686.png,positive
happy/im688.png,positive
happy/im689.png,positive
happy/im690.png,positive
happy/im691.png,positive
happy/im692.png,positive
happy/im693.png,positive
happy/im694.png,positive
happy/im695.png,positive
happy/im696.png,positive
happy/im696_1.png,positive
happy/im697.png,positive
happy/im698.png,positive
happy/im700.png,positive
happy/im701.png,positive
happy/im702.png,positive
happy/im703.png,positive
happy/im704.png,positive
happy/im705.png,positive
happy/im706.png,positive
happy/im707.png,positive
happy/im708_1.png,positive
happy/im710.png,positive
happy/im711.png,positive
happy/im712.png,positive
happy/im713.png,positive
happy/im714.png,positive
happy/im717.png,positive
happy/im718.png,positive
happy/im720.png,positive
happy/im721.png,positive
happy/im722.png,positive
happy/im723.png,positive
happy/im725.png,positive
happy/im726.png,positive
happy/im727.png,positive
happy/im728.png,positive
happy/im728_1.png,positive
happy/im729.png,positive
happy/im730.png,positive
happy/im730_1.png,positive
happy/im731.png,positive
happy/im733.png,positive
happy/im734.png,positive
happy/im735.png,positive
happy/im736.png,positive
happy/im736_1.png,positive
happy/im737.png,positive
happy/im738.png,positive
happy/im739.png,positive
happy/im740.png,positive
happy/im741.png,positive
happy/im742.png,positive
happy/im743.png,positive
happy/im743_1.png,positive
happy/im744.png,positive
happy/im748.png,positive
happy/im749.png,positive
happy/im750.png,positive
happy/im750_1.png,positive
happy/im751.png,positive
happy/im752.png,positive
happy/im753.png,positive
happy/im755.png,positive
happy/im756.png,positive
happy/im757.png,positive
happy/im758.png,positive
happy/im758_1.png,positive
happy/im759.png,positive
happy/im760.png,positive
happy/im761.png,positive
happy/im763.png,positive
happy/im764.png,positive
happy/im766.png,positive
happy/im767.png,positive
happy/im768.png,positive
happy/im769.png,positive
happy/im770.png,positive
happy/im770_1.png,positive
happy/im771.png,positive
happy/im772.png,positive
happy/im773.png,positive
happy/im773_1.png,positive
happy/im774_1.png,positive
happy/im775.png,positive
happy/im776.png,positive
happy/im776_1.png,positive
happy/im777.png,positive
happy/im778.png,positive
happy/im779.png,positive
happy/im780.png,positive
happy/im781.png,positive
happy/im783.png,positive
happy/im784.png,positive
happy/im785.png,positive
happy/im786.png,positive
happy/im787.png,positive
happy/im788.png,positive
happy/im789.png,positive
happy/im790.png,positive
happy/im791.png,positive
happy/im792.png,positive
happy/im793.png,positive
happy/im794.png,positive
happy/im796.png,positive
happy/im796_1.png,positive
happy/im797.png,positive
happy/im798.png,positive
happy/im800.png,positive
happy/im801.png,positive
happy/im802.png,positive
happy/im806.png,positive
happy/im809.png,positive
happy/im810.png,positive
happy/im812.png,positive
happy/im814.png,positive
happy/im815.png,positive
happy/im816.png,positive
happy/im817.png,positive
happy/im818.png,positive
happy/im820.png,positive
happy/im821_2.png,positive
happy/im823.png,positive
happy/im823_1.png,positive
happy/im824.png,positive
happy/im825.png,positive
happy/im826.png,positive
happy/im828.png,positive
happy/im829.png,positive
happy/im830.png,positive
happy/im830_2.png,positive
happy/im831.png,positive
happy/im832.png,positive
happy/im834.png,positive
happy/im835.png,positive
happy/im835_1.png,positive
happy/im836_2.png,positive
happy/im837.png,positive
happy/im838.png,positive
happy/im839.png,positive
happy/im840.png,positive
happy/im841.png,positive
happy/im842.png,positive
happy/im843.png,positive
happy/im843_1.png,positive
happy/im844.png,positive
happy/im845.png,positive
happy/im846.png,positive
happy/im848.png,positive
happy/im850.png,positive
happy/im851.png,positive
happy/im852.png,positive
happy/im854.png,positive
happy/im855.png,positive
happy/im856.png,positive
happy/im857.png,positive
happy/im857_1.png,positive
happy/im860.png,positive
happy/im861.png,positive
happy/im862.png,positive
happy/im863.png,positive
happy/im864.png,positive
happy/im865.png,positive
happy/im866.png,positive
happy/im867_1.png,positive
happy/im868.png,positive
happy/im869.png,positive
happy/im871.png,positive
happy/im872.png,positive
happy/im873.png,positive
happy/im874.png,positive
happy/im875.png,positive
happy/im877.png,positive
happy/im878.png,positive
happy/im879.png,positive
happy/im880.png,positive
happy/im881.png,positive
happy/im881_1.png,positive
happy/im882.png,positive
happy/im883.png,positive
happy/im884.png,positive
happy/im885.png,positive
happy/im886.png,positive
happy/im886_1.png,positive
happy/im887.png,positive
happy/im889.png,positive
happy/im889_1.png,positive
happy/im890.png,positive
happy/im891.png,positive
happy/im892.png,positive
happy/im893.png,positive
happy/im895.png,positive
happy/im896.png,positive
happy/im897.png,positive
happy/im898.png,positive
happy/im899.png,positive
happy/im901.png,positive
happy/im903.png,positive
happy/im904.png,positive
happy/im905.png,positive
happy/im906.png,positive
happy/im907.png,positive
happy/im908.png,positive
happy/im909.png,positive
happy/im910.png,positive
happy/im910_1.png,positive
happy/im911.png,positive
happy/im911_1.png,positive
happy/im912.png,positive
happy/im913.png,positive
happy/im914.png,positive
happy/im915.png,positive
happy/im916.png,positive
happy/im917.png,positive
happy/im918.png,positive
happy/im919.png,positive
happy/im921.png,positive
happy/im922.png,positive
happy/im923.png,positive
happy/im926.png,positive
happy/im927.png,positive
happy/im928.png,positive
happy/im929.png,positive
happy/im930.png,positive
happy/im931.png,positive
happy/im932.png,positive
happy/im933.png,positive
happy/im934.png,positive
happy/im935.png,positive
happy/im936.png,positive
happy/im937.png,positive
happy/im938.png,positive
happy/im939.png,positive
happy/im940_1.png,positive
happy/im941.png,positive
happy/im942.png,positive
happy/im943.png,positive
happy/im945.png,positive
happy/im946.png,positive
happy/im947.png,positive
happy/im948.png,positive
happy/im949.png,positive
happy/im949_1.png,positive
happy/im950.png,positive
happy/im951.png,positive
happy/im952.png,positive
happy/im952_1.png,positive
happy/im953.png,positive
happy/im954.png,positive
happy/im955.png,positive
happy/im956.png,positive
happy/im957.png,positive
happy/im958.png,positive
happy/im959.png,positive
happy/im960.png,positive
happy/im961.png,positive
happy/im962.png,positive
happy/im965.png,positive
happy/im965_1.png,positive
happy/im966.png,positive
happy/im967.png,positive
happy/im968.png,positive
happy/im969.png,positive
happy/im970.png,positive
happy/im971.png,positive
happy/im972.png,positive
happy/im974.png,positive
happy/im975.png,positive
happy/im976.png,positive
happy/im977.png,positive
happy/im978.png,positive
happy/im979.png,positive
happy/im979_1.png,positive
happy/im979_2.png,positive
happy/im980.png,positive
happy/im981.png,positive
happy/im982.png,positive
happy/im984.png,positive
happy/im985.png,positive
happy/im986.png,positive
happy/im987.png,positive
happy/im988.png,positive
happy/im989.png,positive
happy/im990.png,positive
happy/im991.png,positive
happy/im992.png,positive
happy/im993.png,positive
happy/im994.png,positive
happy/im995.png,positive
happy/im996.png,positive
happy/im999.png,positive
happy/im1000.png,positive
happy/im1001.png,positive
happy/im1002.png,positive
happy/im1002_1.png,positive
happy/im1004.png,positive
happy/im1006.png,positive
happy/im1007.png,positive
happy/im1008.png,positive
happy/im1009.png,positive
happy/im1010.png,positive
happy/im1012.png,positive
happy/im1013.png,positive
happy/im1014.png,positive
happy/im1015.png,positive
happy/im1017.png,positive
happy/im1018.png,positive
happy/im1020.png,positive
happy/im1021.png,positive
happy/im1022.png,positive
happy/im1023.png,positive
happy/im1024.png,positive
happy/im1024_1.png,positive
happy/im1025.png,positive
happy/im1026.png,positive
happy/im1027.png,positive
happy/im1028.png,positive
happy/im1030.png,positive
happy/im1031.png,positive
happy/im1032.png,positive
happy/im1033.png,positive
happy/im1033_1.png,positive
happy/im1034.png,positive
happy/im1035.png,positive
happy/im1036.png,positive
happy/im1037.png,positive
happy/im1038.png,positive
happy/im1039.png,positive
happy/im1040.png,positive
happy/im1040_1.png,positive
happy/im1041.png,positive
happy/im1042.png,positive
happy/im1043.png,positive
happy/im1044.png,positive
happy/im1045.png,positive
happy/im1046.png,positive
happy/im1046_2.png,positive
happy/im1047.png,positive
happy/im1048.png,positive
happy/im1050.png,positive
happy/im1052.png,positive
happy/im1053.png,positive
happy/im1054.png,positive
happy/im1055.png,positive
happy/im1056.png,positive
happy/im1057.png,positive
happy/im1058.png,positive
happy/im1059.png,positive
happy/im1059_1.png,positive
happy/im1060.png,positive
happy/im1061.png,positive
happy/im1063.png,positive
happy/im1064.png,positive
happy/im1065.png,positive
happy/im1066.png,positive
happy/im1067.png,positive
happy/im1071.png,positive
happy/im1072.png,positive
happy/im1072_1.png,positive
happy/im1074.png,positive
happy/im1075.png,positive
happy/im1075_1.png,positive
happy/im1076.png,positive
happy/im1077.png,positive
happy/im1078.png,positive
happy/im1079.png,positive
happy/im1079_1.png,positive
happy/im1080.png,positive
happy/im1082.png,positive
happy/im1083.png,positive
happy/im1084.png,positive
happy/im1085.png,positive
happy/im1086.png,positive
happy/im1087.png,positive
happy/im1088.png,positive
happy/im1089.png,positive
happy/im1090.png,positive
happy/im1092.png,positive
happy/im1093.png,positive
happy/im1094.png,positive
happy/im1095.png,positive
happy/im1096.png,positive
happy/im1097.png,positive
happy/im1098.png,positive
happy/im1099.png,positive
happy/im1100.png,positive
happy/im1101.png,positive
happy/im1102.png,positive
happy/im1103.png,positive
happy/im1104.png,positive
happy/im1105.png,positive
happy/im1106.png,positive
happy/im1106_1.png,positive
happy/im1109.png,positive
happy/im1109_1.png,positive
happy/im1110.png,positive
happy/im1112.png,positive
happy/im1113.png,positive
happy/im1114.png,positive
happy/im1115.png,positive
happy/im1117.png,positive
happy/im1118.png,positive
happy/im1119.png,positive
happy/im1120.png,positive
happy/im1122.png,positive
happy/im1123.png,positive
happy/im1125.png,positive
happy/im1126.png,positive
happy/im1127.png,positive
happy/im1128.png,positive
happy/im1129.png,positive
happy/im1130.png,positive
happy/im1131.png,positive
happy/im1133.png,positive
happy/im1134.png,positive
happy/im1136.png,positive
happy/im1137.png,positive
happy/im1138.png,positive
happy/im1139.png,positive
happy/im1140.png,positive
happy/im1141.png,positive
happy/im1142.png,positive
happy/im1143.png,positive
happy/im1144.png,positive
happy/im1145.png,positive
happy/im1146.png,positive
happy/im1147.png,positive
happy/im1148.png,positive
happy/im1149.png,positive
happy/im1150.png,positive
happy/im1151.png,positive
happy/im1152.png,positive
happy/im1153.png,positive
happy/im1154.png,positive
happy/im1155.png,positive
happy/im1156.png,positive
happy/im1156_1.png,positive
happy/im1158.png,positive
happy/im1159.png,positive
happy/im1160.png,positive
happy/im1161.png,positive
happy/im1162.png,positive
happy/im1163.png,positive
happy/im1164.png,positive
happy/im1165.png,positive
happy/im1166.png,positive
happy/im1167.png,positive
happy/im1168.png,positive
happy/im1169.png,positive
happy/im1170.png,positive
happy/im1171.png,positive
happy/im1172.png,positive
happy/im1173.png,positive
happy/im1174.png,positive
happy/im1175.png,positive
happy/im1176.png,positive
happy/im1177.png,positive
happy/im1178.png,positive
happy/im1180.png,positive
happy/im1182.png,positive
happy/im1183.png,positive
happy/im1184.png,positive
happy/im1185.png,positive
happy/im1186.png,positive
happy/im1186_1.png,positive
happy/im1187.png,positive
happy/im1187_2.png,positive
happy/im1188.png,positive
happy/im1188_1.png,positive
happy/im1189.png,positive
happy/im1191.png,positive
happy/im1192.png,positive
happy/im1194.png,positive
happy/im1195.png,positive
happy/im1196.png,positive
happy/im1197.png,positive
happy/im1197_1.png,positive
happy/im1199.png,positive
happy/im1200.png,positive
happy/im1201.png,positive
happy/im1202.png,positive
happy/im1203.png,positive
happy/im1204.png,positive
happy/im1204_2.png,positive
happy/im1207.png,positive
happy/im1209.png,positive
happy/im1210.png,positive
happy/im1210_1.png,positive
happy/im1211.png,positive
happy/im1212.png,positive
happy/im1214.png,positive
happy/im1215.png,positive
happy/im1216.png,positive
happy/im1217.png,positive
happy/im1217_1.png,positive
happy/im1218.png,positive
happy/im1220.png,positive
happy/im1221.png,positive
happy/im1222.png,positive
happy/im1223.png,positive
happy/im1224.png,positive
happy/im1225.png,positive
happy/im1226.png,positive
happy/im1226_2.png,positive
happy/im1227.png,positive
happy/im1228.png,positive
happy/im1229.png,positive
happy/im1230.png,positive
happy/im1231.png,positive
happy/im1232.png,positive
happy/im1233.png,positive
happy/im1234.png,positive
happy/im1235.png,positive
happy/im1236.png,positive
happy/im1237.png,positive
happy/im1238.png,positive
happy/im1239.png,positive
happy/im1240.png,positive
happy/im1241.png,positive
happy/im1242.png,positive
happy/im1243.png,positive
happy/im1244.png,positive
happy/im1245.png,positive
happy/im1246.png,positive
happy/im1247.png,positive
happy/im1248.png,positive
happy/im1250.png,positive
happy/im1253.png,positive
happy/im1254.png,positive
happy/im1255.png,positive
happy/im1256.png,positive
happy/im1257.png,positive
happy/im1259.png,positive
happy/im1260.png,positive
happy/im1261.png,positive
happy/im1262.png,positive
happy/im1263.png,positive
happy/im1263_1.png,positive
happy/im1264.png,positive
happy/im1265.png,positive
happy/im1266.png,positive
happy/im1267.png,positive
happy/im1268.png,positive
happy/im1269.png,positive
happy/im1270.png,positive
happy/im1271.png,positive
happy/im1271_1.png,positive
happy/im1272.png,positive
happy/im1273.png,positive
happy/im1274.png,positive
happy/im1275.png,positive
happy/im1276.png,positive
happy/im1277.png,positive
happy/im1278.png,positive
happy/im1279.png,positive
happy/im1280.png,positive
happy/im1281.png,positive
happy/im1282.png,positive
happy/im1285.png,positive
happy/im1286.png,positive
happy/im1286_2.png,positive
happy/im1287.png,positive
happy/im1288.png,positive
happy/im1289.png,positive
happy/im1289_1.png,positive
happy/im1290.png,positive
happy/im1291.png,positive
happy/im1292.png,positive
happy/im1293.png,positive
happy/im1294.png,positive
happy/im1294_1.png,positive
happy/im1295.png,positive
happy/im1297.png,positive
happy/im1298.png,positive
happy/im1299.png,positive
happy/im1300.png,positive
happy/im1301.png,positive
happy/im1302.png,positive
happy/im1303.png,positive
happy/im1303_1.png,positive
happy/im1304.png,positive
happy/im1305.png,positive
happy/im1307.png,positive
happy/im1308.png,positive
happy/im1309.png,positive
happy/im1310.png,positive
happy/im1310_1.png,positive
happy/im1311.png,positive
happy/im1312.png,positive
happy/im1313.png,positive
happy/im1314.png,positive
happy/im1315.png,positive
happy/im1316.png,positive
happy/im1316_1.png,positive
happy/im1317.png,positive
happy/im1318.png,positive
happy/im1318_1.png,positive
happy/im1319.png,positive
happy/im1320.png,positive
happy/im1322.png,positive
happy/im1323.png,positive
happy/im1325.png,positive
happy/im1326.png,positive
happy/im1327.png,positive
happy/im1328.png,positive
happy/im1329.png,positive
happy/im1329_1.png,positive
happy/im1330.png,positive
happy/im1331.png,positive
happy/im1332.png,positive
happy/im1332_1.png,positive
happy/im1333.png,positive
happy/im1334.png,positive
happy/im1335.png,positive
happy/im1336.png,positive
happy/im1337.png,positive
happy/im1338.png,positive
happy/im1339.png,positive
happy/im1341.png,positive
happy/im1342.png,positive
happy/im1343.png,positive
happy/im1344.png,positive
happy/im1345.png,positive
happy/im1346.png,positive
happy/im1348.png,positive
happy/im1349.png,positive
happy/im1350.png,positive
happy/im1350_1.png,positive
happy/im1351.png,positive
happy/im1352.png,positive
happy/im1354.png,positive
happy/im1356.png,positive
happy/im1357.png,positive
happy/im1358.png,positive
happy/im1359.png,positive
happy/im1361.png,positive
happy/im1362.png,positive
happy/im1363.png,positive
happy/im1364.png,positive
happy/im1365.png,positive
happy/im1366.png,positive
happy/im1367.png,positive
happy/im1368.png,positive
happy/im1369.png,positive
happy/im1370.png,positive
happy/im1370_1.png,positive
happy/im1371.png,positive
happy/im1372.png,positive
happy/im1372_1.png,positive
happy/im1373.png,positive
happy/im1374.png,positive
happy/im1375.png,positive
happy/im1377.png,positive
happy/im1378.png,positive
happy/im1379.png,positive
happy/im1381.png,positive
happy/im1382.png,positive
happy/im1383.png,positive
happy/im1385.png,positive
happy/im1386.png,positive
happy/im1387.png,positive
happy/im1388.png,positive
happy/im1389.png,positive
happy/im1390.png,positive
happy/im1392.png,positive
happy/im1393.png,positive
happy/im1394.png,positive
happy/im1395.png,positive
happy/im1396.png,positive
happy/im1397.png,positive
happy/im1399.png,positive
happy/im1400.png,positive
happy/im1401.png,positive
happy/im1402.png,positive
happy/im1403.png,positive
happy/im1404.png,positive
happy/im1404_1.png,positive
happy/im1406.png,positive
happy/im1406_1.png,positive
happy/im1407.png,positive
happy/im1408.png,positive
happy/im1409.png,positive
happy/im1410.png,positive
happy/im1411.png,positive
happy/im1412.png,positive
happy/im1413.png,positive
happy/im1414.png,positive
happy/im1415.png,positive
happy/im1416.png,positive
happy/im1417.png,positive
happy/im1418.png,positive
happy/im1420.png,positive
happy/im1421.png,positive
happy/im1422.png,positive
happy/im1423.png,positive
happy/im1424.png,positive
happy/im1424_1.png,positive
happy/im1426.png,positive
happy/im1427.png,positive
happy/im1428.png,positive
happy/im1429.png,positive
happy/im1430.png,positive
happy/im1431.png,positive
happy/im1432.png,positive
happy/im1433.png,positive
happy/im1434.png,positive
happy/im1436.png,positive
happy/im1436_1.png,positive
happy/im1437.png,positive
happy/im1438.png,positive
happy/im1439.png,positive
happy/im1440.png,positive
happy/im1441.png,positive
happy/im1442.png,positive
happy/im1443.png,positive
happy/im1444.png,positive
happy/im1445.png,positive
happy/im1446.png,positive
happy/im1447.png,positive
happy/im1448.png,positive
happy/im1449.png,positive
happy/im1450.png,positive
happy/im1451.png,positive
happy/im1451_2.png,positive
happy/im1453.png,positive
happy/im1454.png,positive
happy/im1455.png,positive
happy/im1456.png,positive
happy/im1457.png,positive
happy/im1458.png,positive
happy/im1459.png,positive
happy/im1460.png,positive
happy/im1461.png,positive
happy/im1462.png,positive
happy/im1463.png,positive
happy/im1468.png,positive
happy/im1469.png,positive
happy/im1470.png,positive
happy/im1471.png,positive
happy/im1472.png,positive
happy/im1473.png,positive
happy/im1475.png,positive
happy/im1476.png,positive
happy/im1477.png,positive
happy/im1478.png,positive
happy/im1479.png,positive
happy/im1480.png,positive
happy/im1481.png,positive
happy/im1482.png,positive
happy/im1482_1.png,positive
happy/im1483.png,positive
happy/im1483_1.png,positive
happy/im1484.png,positive
happy/im1484_1.png,positive
happy/im1485.png,positive
happy/im1486.png,positive
happy/im1487.png,positive
happy/im1489.png,positive
happy/im1490.png,positive
happy/im1492.png,positive
happy/im1494.png,positive
happy/im1495.png,positive
happy/im1496.png,positive
happy/im1496_1.png,positive
happy/im1497.png,positive
happy/im1499.png,positive
happy/im1500.png,positive
happy/im1501.png,positive
happy/im1502.png,positive
happy/im1503.png,positive
happy/im1504.png,positive
happy/im1506.png,positive
happy/im1507.png,positive
happy/im1508.png,positive
happy/im1510.png,positive
happy/im1511.png,positive
happy/im1511_1.png,positive
happy/im1512.png,positive
happy/im1513.png,positive
happy/im1514.png,positive
happy/im1515.png,positive
happy/im1516.png,positive
happy/im1517.png,positive
happy/im1518.png,positive
happy/im1519.png,positive
happy/im1520.png,positive
happy/im1522.png,positive
happy/im1524.png,positive
happy/im1525.png,positive
happy/im1526.png,positive
happy/im1528.png,positive
happy/im1529.png,positive
happy/im1530.png,positive
happy/im1531.png,positive
happy/im1532.png,positive
happy/im1533.png,positive
happy/im1534.png,positive
happy/im1535.png,positive
happy/im1536.png,positive
happy/im1537.png,positive
happy/im1537_2.png,positive
happy/im1538.png,positive
happy/im1540.png,positive
happy/im1542.png,positive
happy/im1543.png,positive
happy/im1544.png,positive
happy/im1545.png,positive
happy/im1545_1.png,positive
happy/im1546.png,positive
happy/im1547.png,positive
happy/im1548.png,positive
happy/im1549.png,positive
happy/im1550.png,positive
happy/im1551.png,positive
happy/im1552.png,positive
happy/im1553.png,positive
happy/im1554.png,positive
happy/im1555.png,positive
happy/im1555_1.png,positive
happy/im1556.png,positive
happy/im1557.png,positive
happy/im1558.png,positive
happy/im1559.png,positive
happy/im1560.png,positive
happy/im1561.png,positive
happy/im1562.png,positive
happy/im1563.png,positive
happy/im1564.png,positive
happy/im1565.png,positive
happy/im1566.png,positive
happy/im1567.png,positive
happy/im1568.png,positive
happy/im1569.png,positive
happy/im1572.png,positive
happy/im1573.png,positive
happy/im1574.png,positive
happy/im1575.png,positive
happy/im1577.png,positive
happy/im1578.png,positive
happy/im1579.png,positive
happy/im1580.png,positive
happy/im1581.png,positive
happy/im1582.png,positive
happy/im1583.png,positive
happy/im1584.png,positive
happy/im1585.png,positive
happy/im1586.png,positive
happy/im1587.png,positive
happy/im1587_1.png,positive
happy/im1588.png,positive
happy/im1589.png,positive
happy/im1590.png,positive
happy/im1591.png,positive
happy/im1592.png,positive
happy/im1593.png,positive
happy/im1594.png,positive
happy/im1595.png,positive
happy/im1596.png,positive
happy/im1596_1.png,positive
happy/im1597.png,positive
happy/im1598.png,positive
happy/im1600.png,positive
happy/im1601.png,positive
happy/im1602.png,positive
happy/im1603.png,positive
happy/im1604.png,positive
happy/im1605.png,positive
happy/im1606.png,positive
happy/im1607.png,positive
happy/im1609.png,positive
happy/im1610_2.png,positive
happy/im1612.png,positive
happy/im1613.png,positive
happy/im1614.png,positive
happy/im1615.png,positive
happy/im1616.png,positive
happy/im1617.png,positive
happy/im1617_1.png,positive
happy/im1618.png,positive
happy/im1619.png,positive
happy/im1620.png,positive
happy/im1621.png,positive
happy/im1622.png,positive
happy/im1623.png,positive
happy/im1624.png,positive
happy/im1625.png,positive
happy/im1627.png,positive
happy/im1628.png,positive
happy/im1629.png,positive
happy/im1630.png,positive
happy/im1631.png,positive
happy/im1632.png,positive
happy/im1634.png,positive
happy/im1635.png,positive
happy/im1636.png,positive
happy/im1637.png,positive
happy/im1639.png,positive
happy/im1640.png,positive
happy/im1641.png,positive
happy/im1642.png,positive
happy/im1643.png,positive
happy/im1644.png,positive
happy/im1645.png,positive
happy/im1647.png,positive
happy/im1648.png,positive
happy/im1649.png,positive
happy/im1650.png,positive
happy/im1651.png,positive
happy/im1652.png,positive
happy/im1653.png,positive
happy/im1654.png,positive
happy/im1655.png,positive
happy/im1656.png,positive
happy/im1657.png,positive
happy/im1659.png,positive
happy/im1660.png,positive
happy/im1661.png,positive
happy/im1662.png,positive
happy/im1664.png,positive
happy/im1665.png,positive
happy/im1665_1.png,positive
happy/im1666.png,positive
happy/im1667.png,positive
happy/im1668.png,positive
happy/im1669.png,positive
happy/im1670.png,positive
happy/im1672.png,positive
happy/im1673.png,positive
happy/im1674.png,positive
happy/im1676.png,positive
happy/im1677.png,positive
happy/im1678.png,positive
happy/im1679.png,positive
happy/im1680.png,positive
happy/im1682.png,positive
happy/im1683.png,positive
happy/im1684.png,positive
happy/im1685.png,positive
happy/im1686.png,positive
happy/im1687.png,positive
happy/im1688.png,positive
happy/im1690.png,positive
happy/im1691_1.png,positive
happy/im1693.png,positive
happy/im1694.png,positive
happy/im1695.png,positive
happy/im1699.png,positive
happy/im1700.png,positive
happy/im1701.png,positive
happy/im1702.png,positive
happy/im1703.png,positive
happy/im1703_1.png,positive
happy/im1705.png,positive
happy/im1706.png,positive
happy/im1708.png,positive
happy/im1709.png,positive
happy/im1710.png,positive
happy/im1711.png,positive
happy/im1712.png,positive
happy/im1714.png,positive
happy/im1715.png,positive
happy/im1716.png,positive
happy/im1718.png,positive
happy/im1718_1.png,positive
happy/im1719.png,positive
happy/im1720.png,positive
happy/im1720_2.png,positive
happy/im1721_1.png,positive
happy/im1722.png,positive
happy/im1724.png,positive
happy/im1725.png,positive
happy/im1726.png,positive
happy/im1727.png,positive
happy/im1728.png,positive
happy/im1729.png,positive
happy/im1730.png,positive
happy/im1731.png,positive
happy/im1733.png,positive
happy/im1734.png,positive
happy/im1736.png,positive
happy/im1737.png,positive
happy/im1738.png,positive
happy/im1739.png,positive
happy/im1740.png,positive
happy/im1741.png,positive
happy/im1743.png,positive
happy/im1745.png,positive
happy/im1746_1.png,positive
happy/im1747.png,positive
happy/im1748.png,positive
happy/im1749.png,positive
happy/im1750.png,positive
happy/im1751.png,positive
happy/im1752.png,positive
happy/im1753.png,positive
happy/im1754.png,positive
happy/im1755.png,positive
happy/im1756.png,positive
happy/im1758.png,positive
happy/im1759.png,positive
happy/im1760.png,positive
happy/im1761.png,positive
happy/im1761_1.png,positive
happy/im1761_2.png,positive
happy/im1762.png,positive
happy/im1763.png,positive
happy/im1764.png,positive
happy/im1765.png,positive
happy/im1766.png,positive
happy/im1767.png,positive
happy/im1768.png,positive
happy/im1769.png,positive
happy/im1771.png,positive
happy/im1772.png,positive
happy/im1773.png,positive
happy/im1774.png,positive
happy/im1775.png,positive
happy/im1776.png,positive
happy/im1777.png,positive
happy/im1778.png,positive
happy/im1780.png,positive
happy/im1782_1.png,positive
happy/im1783.png,positive
happy/im1784.png,positive
happy/im1785.png,positive
happy/im1786.png,positive
happy/im1787.png,positive
happy/im1788.png,positive
happy/im1790.png,positive
happy/im1791.png,positive
happy/im1792.png,positive
happy/im1793.png,positive
happy/im1794.png,positive
happy/im1794_1.png,positive
happy/im1795.png,positive
happy/im1796.png,positive
happy/im1797.png,positive
happy/im1798.png,positive
happy/im1799.png,positive
happy/im1800.png,positive
happy/im1800_1.png,positive
happy/im1801.png,positive
happy/im1801_1.png,positive
happy/im1802.png,positive
happy/im1803.png,positive
happy/im1804.png,positive
happy/im1805.png,positive
happy/im1806.png,positive
happy/im1807.png,positive
happy/im1808.png,positive
happy/im1809.png,positive
happy/im1810.png,positive
happy/im1811.png,positive
happy/im1812.png,positive
happy/im1813.png,positive
happy/im1814.png,positive
happy/im1815.png,positive
happy/im1818.png,positive
happy/im1819.png,positive
happy/im1820.png,positive
happy/im1821.png,positive
happy/im1823.png,positive
happy/im1825.png,positive
happy/im1826.png,positive
happy/im1827.png,positive
happy/im1828.png,positive
happy/im1828_2.png,positive
happy/im1829.png,positive
happy/im1830.png,positive
happy/im1830_1.png,positive
happy/im1831.png,positive
happy/im1832.png,positive
happy/im1833.png,positive
happy/im1834.png,positive
happy/im1834_1.png,positive
happy/im1835.png,positive
happy/im1836.png,positive
happy/im1837.png,positive
happy/im1837_1.png,positive
happy/im1838.png,positive
happy/im1839.png,positive
happy/im1841.png,positive
happy/im1842.png,positive
happy/im1845.png,positive
happy/im1846.png,positive
happy/im1847.png,positive
happy/im1848.png,positive
happy/im1849.png,positive
happy/im1850.png,positive
happy/im1851.png,positive
happy/im1852.png,positive
happy/im1853.png,positive
happy/im1854.png,positive
happy/im1855.png,positive
happy/im1856.png,positive
happy/im1857.png,positive
happy/im1858_1.png,positive
happy/im1859.png,positive
happy/im1860.png,positive
happy/im1862.png,positive
happy/im1864.png,positive
happy/im1865.png,positive
happy/im1866.png,positive
happy/im1867.png,positive
happy/im1868.png,positive
happy/im1869.png,positive
happy/im1872.png,positive
happy/im1873.png,positive
happy/im1874.png,positive
happy/im1875.png,positive
happy/im1877.png,positive
happy/im1878.png,positive
happy/im1878_2.png,positive
happy/im1879.png,positive
happy/im1880.png,positive
happy/im1881.png,positive
happy/im1884.png,positive
happy/im1885.png,positive
happy/im1886.png,positive
happy/im1887.png,positive
happy/im1888.png,positive
happy/im1889.png,positive
happy/im1890.png,positive
happy/im1891.png,positive
happy/im1892.png,positive
happy/im1893.png,positive
happy/im1895.png,positive
happy/im1896.png,positive
happy/im1897.png,positive
happy/im1897_1.png,positive
happy/im1898.png,positive
happy/im1899.png,positive
happy/im1902.png,positive
happy/im1903.png,positive
happy/im1903_2.png,positive
happy/im1906.png,positive
happy/im1906_1.png,positive
happy/im1907.png,positive
happy/im1909.png,positive
happy/im1910.png,positive
happy/im1911.png,positive
happy/im1912.png,positive
happy/im1913.png,positive
happy/im1914.png,positive
happy/im1914_1.png,positive
happy/im1915.png,positive
happy/im1916.png,positive
happy/im1918.png,positive
happy/im1919.png,positive
happy/im1920.png,positive
happy/im1921.png,positive
happy/im1922.png,positive
happy/im1924.png,positive
happy/im1925.png,positive
happy/im1926.png,positive
happy/im1927_1.png,positive
happy/im1928.png,positive
happy/im1929.png,positive
happy/im1930.png,positive
happy/im1931.png,positive
happy/im1931_1.png,positive
happy/im1932.png,positive
happy/im1934.png,positive
happy/im1935.png,positive
happy/im1936.png,positive
happy/im1936_1.png,positive
happy/im1937.png,positive
happy/im1938.png,positive
happy/im1939.png,positive
happy/im1940.png,positive
happy/im1942.png,positive
happy/im1943.png,positive
happy/im1944.png,positive
happy/im1945.png,positive
happy/im1946.png,positive
happy/im1947.png,positive
happy/im1948.png,positive
happy/im1949.png,positive
happy/im1950.png,positive
happy/im1951.png,positive
happy/im1952.png,positive
happy/im1952_2.png,positive
happy/im1953.png,positive
happy/im1954.png,positive
happy/im1955.png,positive
happy/im1956.png,positive
happy/im1957.png,positive
happy/im1957_1.png,positive
happy/im1958.png,positive
happy/im1959.png,positive
happy/im1960.png,positive
happy/im1961.png,positive
happy/im1962.png,positive
happy/im1963.png,positive
happy/im1964.png,positive
happy/im1965.png,positive
happy/im1966.png,positive
happy/im1967.png,positive
happy/im1968.png,positive
happy/im1969.png,positive
happy/im1970.png,positive
happy/im1971.png,positive
happy/im1972.png,positive
happy/im1973.png,positive
happy/im1975.png,positive
happy/im1976.png,positive
happy/im1977.png,positive
happy/im1978.png,positive
happy/im1979.png,positive
happy/im1980.png,positive
happy/im1981.png,positive
happy/im1982.png,positive
happy/im1983.png,positive
happy/im1984.png,positive
happy/im1984_1.png,positive
happy/im1985.png,positive
happy/im1986.png,positive
happy/im1987.png,positive
happy/im1988.png,positive
happy/im1989.png,positive
happy/im1990.png,positive
happy/im1992.png,positive
happy/im1993.png,positive
happy/im1995.png,positive
happy/im1996.png,positive
happy/im1997.png,positive
happy/im1999.png,positive
happy/im2000.png,positive
happy/im2001.png,positive
happy/im2003.png,positive
happy/im2005.png,positive
happy/im2005_1.png,positive
happy/im2006.png,positive
happy/im2007.png,positive
happy/im2008.png,positive
happy/im2009.png,positive
happy/im2010.png,positive
happy/im2011.png,positive
happy/im2012.png,positive
happy/im2013.png,positive
happy/im2014.png,positive
happy/im2015.png,positive
happy/im2016.png,positive
happy/im2016_2.png,positive
happy/im2017_1.png,positive
happy/im2017_2.png,positive
happy/im2018.png,positive
happy/im2019.png,positive
happy/im2020.png,positive
happy/im2021.png,positive
happy/im2022.png,positive
happy/im2023.png,positive
happy/im2025.png,positive
happy/im2026.png,positive
happy/im2027.png,positive
happy/im2028.png,positive
happy/im2029.png,positive
happy/im2030_2.png,positive
happy/im2031.png,positive
happy/im2032.png,positive
happy/im2033.png,positive
happy/im2034.png,positive
happy/im2037.png,positive
happy/im2038.png,positive
happy/im2041.png,positive
happy/im2041_1.png,positive
happy/im2042.png,positive
happy/im2043.png,positive
happy/im2044.png,positive
happy/im2045.png,positive
happy/im2046.png,positive
happy/im2047.png,positive
happy/im2048.png,positive
happy/im2048_1.png,positive
happy/im2049.png,positive
happy/im2051.png,positive
happy/im2053.png,positive
happy/im2055.png,positive
happy/im2056.png,positive
happy/im2057.png,positive
happy/im2058.png,positive
happy/im2059.png,positive
happy/im2060.png,positive
happy/im2061.png,positive
happy/im2062.png,positive
happy/im2063.png,positive
happy/im2064.png,positive
happy/im2065.png,positive
happy/im2065_1.png,positive
happy/im2067.png,positive
happy/im2068.png,positive
happy/im2069.png,positive
happy/im2070.png,positive
happy/im2071.png,positive
happy/im2071_1.png,positive
happy/im2072.png,positive
happy/im2073.png,positive
happy/im2074.png,positive
happy/im2075.png,positive
happy/im2075_2.png,positive
happy/im2076.png,positive
happy/im2077.png,positive
happy/im2078.png,positive
happy/im2078_1.png,positive
happy/im2079.png,positive
happy/im2080.png,positive
happy/im2081.png,positive
happy/im2082.png,positive
happy/im2083.png,positive
happy/im2084.png,positive
happy/im2085.png,positive
happy/im2086.png,positive
happy/im2087.png,positive
happy/im2088.png,positive
happy/im2089.png,positive
happy/im2091.png,positive
happy/im2092.png,positive
happy/im2093.png,positive
happy/im2094.png,positive
happy/im2095.png,positive
happy/im2096_2.png,positive
happy/im2097.png,positive
happy/im2098.png,positive
happy/im2099.png,positive
happy/im2100.png,positive
happy/im2100_1.png,positive
happy/im2101.png,positive
happy/im2101_2.png,positive
happy/im2102.png,positive
happy/im2103.png,positive
happy/im2104.png,positive
happy/im2105.png,positive
happy/im2106.png,positive
happy/im2107.png,positive
happy/im2108.png,positive
happy/im2112.png,positive
happy/im2114.png,positive
happy/im2115.png,positive
happy/im2116.png,positive
happy/im2117.png,positive
happy/im2118.png,positive
happy/im2119.png,positive
happy/im2120.png,positive
happy/im2121.png,positive
happy/im2122.png,positive
happy/im2123.png,positive
happy/im2123_1.png,positive
happy/im2124.png,positive
happy/im2124_1.png,positive
happy/im2125.png,positive
happy/im2126.png,positive
happy/im2126_1.png,positive
happy/im2127.png,positive
happy/im2127_2.png,positive
happy/im2129.png,positive
happy/im2130.png,positive
happy/im2131.png,positive
happy/im2132.png,positive
happy/im2133.png,positive
happy/im2133_1.png,positive
happy/im2134.png,positive
happy/im2135.png,positive
happy/im2136.png,positive
happy/im2137.png,positive
happy/im2138.png,positive
happy/im2139.png,positive
happy/im2140.png,positive
happy/im2141.png,positive
happy/im2142.png,positive
happy/im2143.png,positive
happy/im2144.png,positive
happy/im2145.png,positive
happy/im2146.png,positive
happy/im2147.png,positive
happy/im2148.png,positive
happy/im2149.png,positive
happy/im2150.png,positive
happy/im2151.png,positive
happy/im2152.png,positive
happy/im2153.png,positive
happy/im2154.png,positive
happy/im2155.png,positive
happy/im2156.png,positive
happy/im2157.png,positive
happy/im2157_1.png,positive
happy/im2158.png,positive
happy/im2159.png,positive
happy/im2159_1.png,positive
happy/im2160.png,positive
happy/im2161.png,positive
happy/im2162.png,positive
happy/im2162_1.png,positive
happy/im2164.png,positive
happy/im2165.png,positive
happy/im2166.png,positive
happy/im2167.png,positive
happy/im2168.png,positive
happy/im2169.png,positive
happy/im2170.png,positive
happy/im2171.png,positive
happy/im2172.png,positive
happy/im2174.png,positive
happy/im2175.png,positive
happy/im2178.png,positive
happy/im2179.png,positive
happy/im2180.png,positive
happy/im2181.png,positive
happy/im2182.png,positive
happy/im2183.png,positive
happy/im2184.png,positive
happy/im2185.png,positive
happy/im2186.png,positive
happy/im2188.png,positive
happy/im2189.png,positive
happy/im2190.png,positive
happy/im2191.png,positive
happy/im2191_1.png,positive
happy/im2192.png,positive
happy/im2194.png,positive
happy/im2195.png,positive
happy/im2196.png,positive
happy/im2198.png,positive
happy/im2199.png,positive
happy/im2200.png,positive
happy/im2201.png,positive
happy/im2202.png,positive
happy/im2203.png,positive
happy/im2204.png,positive
happy/im2204_1.png,positive
happy/im2205.png,positive
happy/im2206.png,positive
happy/im2208.png,positive
happy/im2209.png,positive
happy/im2210.png,positive
happy/im2211.png,positive
happy/im2212.png,positive
happy/im2213.png,positive
happy/im2215.png,positive
happy/im2216.png,positive
happy/im2216_2.png,positive
happy/im2217.png,positive
happy/im2218.png,positive
happy/im2218_1.png,positive
happy/im2219.png,positive
happy/im2220.png,positive
happy/im2221.png,positive
happy/im2222.png,positive
happy/im2223.png,positive
happy/im2224.png,positive
happy/im2224_1.png,positive
happy/im2225.png,positive
happy/im2225_2.png,positive
happy/im2227.png,positive
happy/im2229.png,positive
happy/im2230.png,positive
happy/im2231.png,positive
happy/im2232.png,positive
happy/im2232_1.png,positive
happy/im2234.png,positive
happy/im2235.png,positive
happy/im2236.png,positive
happy/im2237.png,positive
happy/im2238_2.png,positive
happy/im2239.png,positive
happy/im2240.png,positive
happy/im2241.png,positive
happy/im2242.png,positive
happy/im2243.png,positive
happy/im2244.png,positive
happy/im2245.png,positive
happy/im2246.png,positive
happy/im2247.png,positive
happy/im2251.png,positive
happy/im2252.png,positive
happy/im2254.png,positive
happy/im2255.png,positive
happy/im2256.png,positive
happy/im2257.png,positive
happy/im2258.png,positive
happy/im2259.png,positive
happy/im2260.png,positive
happy/im2261.png,positive
happy/im2262.png,positive
happy/im2263.png,positive
happy/im2263_1.png,positive
happy/im2265.png,positive
happy/im2266.png,positive
happy/im2266_1.png,positive
happy/im2267.png,positive
happy/im2268.png,positive
happy/im2269.png,positive
happy/im2269_1.png,positive
happy/im2270.png,positive
happy/im2271.png,positive
happy/im2272.png,positive
happy/im2273.png,positive
happy/im2274.png,positive
happy/im2275.png,positive
happy/im2276.png,positive
happy/im2277.png,positive
happy/im2278.png,positive
happy/im2279.png,positive
happy/im2280.png,positive
happy/im2281.png,positive
happy/im2282.png,positive
happy/im2283.png,positive
happy/im2285.png,positive
happy/im2286.png,positive
happy/im2288.png,positive
happy/im2289.png,positive
happy/im2289_1.png,positive
happy/im2291.png,positive
happy/im2292.png,positive
happy/im2293.png,positive
happy/im2294.png,positive
happy/im2295.png,positive
happy/im2297.png,positive
happy/im2298.png,positive
happy/im2299.png,positive
happy/im2299_1.png,positive
happy/im2301.png,positive
happy/im2302.png,positive
happy/im2305.png,positive
happy/im2306.png,positive
happy/im2307.png,positive
happy/im2308.png,positive
happy/im2309.png,positive
happy/im2310.png,positive
happy/im2311.png,positive
happy/im2312.png,positive
happy/im2313.png,positive
happy/im2314.png,positive
happy/im2315.png,positive
happy/im2316.png,positive
happy/im2317.png,positive
happy/im2318.png,positive
happy/im2319.png,positive
happy/im2321.png,positive
happy/im2322.png,positive
happy/im2323.png,positive
happy/im2325.png,positive
happy/im2327.png,positive
happy/im2328.png,positive
happy/im2329.png,positive
happy/im2330.png,positive
happy/im2331.png,positive
happy/im2332.png,positive
happy/im2333.png,positive
happy/im2335.png,positive
happy/im2336.png,positive
happy/im2337.png,positive
happy/im2337_1.png,positive
happy/im2338.png,positive
happy/im2339.png,positive
happy/im2341.png,positive
happy/im2343.png,positive
happy/im2344.png,positive
happy/im2346.png,positive
happy/im2347.png,positive
happy/im2349.png,positive
happy/im2350.png,positive
happy/im2351.png,positive
happy/im2352.png,positive
happy/im2352_1.png,positive
happy/im2353.png,positive
happy/im2354.png,positive
happy/im2355.png,positive
happy/im2357.png,positive
happy/im2358.png,positive
happy/im2359.png,positive
happy/im2360.png,positive
happy/im2361.png,positive
happy/im2362.png,positive
happy/im2363_2.png,positive
happy/im2364.png,positive
happy/im2365.png,positive
happy/im2366.png,positive
happy/im2367.png,positive
happy/im2368.png,positive
happy/im2369.png,positive
happy/im2369_1.png,positive
happy/im2370.png,positive
happy/im2371.png,positive
happy/im2372.png,positive
happy/im2373.png,positive
happy/im2374.png,positive
happy/im2375.png,positive
happy/im2376_1.png,positive
happy/im2377.png,positive
happy/im2379.png,positive
happy/im2380.png,positive
happy/im2381.png,positive
happy/im2382.png,positive
happy/im2383.png,positive
happy/im2384_1.png,positive
happy/im2385.png,positive
happy/im2387.png,positive
happy/im2388.png,positive
happy/im2388_1.png,positive
happy/im2389.png,positive
happy/im2389_1.png,positive
happy/im2390.png,positive
happy/im2391.png,positive
happy/im2392.png,positive
happy/im2393.png,positive
happy/im2394.png,positive
happy/im2395.png,positive
happy/im2396.png,positive
happy/im2397.png,positive
happy/im2398.png,positive
happy/im2399.png,positive
happy/im2400.png,positive
happy/im2401.png,positive
happy/im2402.png,positive
happy/im2404.png,positive
happy/im2405.png,positive
happy/im2408.png,positive
happy/im2408_2.png,positive
happy/im2409.png,positive
happy/im2411.png,positive
happy/im2412.png,positive
happy/im2413.png,positive
happy/im2414.png,positive
happy/im2415.png,positive
happy/im2416.png,positive
happy/im2417.png,positive
happy/im2418.png,positive
happy/im2420.png,positive
happy/im2421.png,positive
happy/im2422.png,positive
happy/im2423.png,positive
happy/im2424.png,positive
happy/im2425.png,positive
happy/im2426.png,positive
happy/im2427.png,positive
happy/im2427_1.png,positive
happy/im2428.png,positive
happy/im2429.png,positive
happy/im2430.png,positive
happy/im2431.png,positive
happy/im2433.png,positive
happy/im2434.png,positive
happy/im2434_1.png,positive
happy/im2435.png,positive
happy/im2436.png,positive
happy/im2437.png,positive
happy/im2438.png,positive
happy/im2439.png,positive
happy/im2440.png,positive
happy/im2441.png,positive
happy/im2442.png,positive
happy/im2443.png,positive
happy/im2444.png,positive
happy/im2445.png,positive
happy/im2446.png,positive
happy/im2447.png,positive
happy/im2448.png,positive
happy/im2449.png,positive
happy/im2450.png,positive
happy/im2451.png,positive
happy/im2452.png,positive
happy/im2453.png,positive
happy/im2454.png,positive
happy/im2455.png,positive
happy/im2456.png,positive
happy/im2460.png,positive
happy/im2462.png,positive
happy/im2463.png,positive
happy/im2464.png,positive
happy/im2466.png,positive
happy/im2467.png,positive
happy/im2468.png,positive
happy/im2469.png,positive
happy/im2470.png,positive
happy/im2471.png,positive
happy/im2472.png,positive
happy/im2473.png,positive
happy/im2474.png,positive
happy/im2475.png,positive
happy/im2475_1.png,positive
happy/im2476.png,positive
happy/im2477.png,positive
happy/im2478.png,positive
happy/im2479.png,positive
happy/im2480.png,positive
happy/im2481.png,positive
happy/im2482.png,positive
happy/im2483.png,positive
happy/im2484.png,positive
happy/im2485.png,positive
happy/im2486.png,positive
happy/im2487.png,positive
happy/im2492.png,positive
happy/im2492_1.png,positive
happy/im2493.png,positive
happy/im2494.png,positive
happy/im2495.png,positive
happy/im2496.png,positive
happy/im2498.png,positive
happy/im2499.png,positive
happy/im2500.png,positive
happy/im2501.png,positive
happy/im2501_1.png,positive
happy/im2502.png,positive
happy/im2503.png,positive
happy/im2504.png,positive
happy/im2505.png,positive
happy/im2506.png,positive
happy/im2509.png,positive
happy/im2511.png,positive
happy/im2513.png,positive
happy/im2514.png,positive
happy/im2515.png,positive
happy/im2516.png,positive
happy/im2516_1.png,positive
happy/im2517.png,positive
happy/im2517_1.png,positive
happy/im2518.png,positive
happy/im2519_1.png,positive
happy/im2520.png,positive
happy/im2521.png,positive
happy/im2522.png,positive
happy/im2523.png,positive
happy/im2524.png,positive
happy/im2525.png,positive
happy/im2526.png,positive
happy/im2527.png,positive
happy/im2528.png,positive
happy/im2529.png,positive
happy/im2530.png,positive
happy/im2530_1.png,positive
happy/im2531.png,positive
happy/im2532.png,positive
happy/im2533.png,positive
happy/im2534.png,positive
happy/im2535.png,positive
happy/im2537.png,positive
happy/im2540.png,positive
happy/im2542.png,positive
happy/im2543.png,positive
happy/im2544.png,positive
happy/im2545.png,positive
happy/im2546.png,positive
happy/im2547.png,positive
happy/im2548.png,positive
happy/im2549.png,positive
happy/im2550.png,positive
happy/im2551.png,positive
happy/im2552.png,positive
happy/im2553.png,positive
happy/im2553_1.png,positive
happy/im2554.png,positive
happy/im2554_1.png,positive
happy/im2555.png,positive
happy/im2556.png,positive
happy/im2557.png,positive
happy/im2558.png,positive
happy/im2559.png,positive
happy/im2560.png,positive
happy/im2561.png,positive
happy/im2562.png,positive
happy/im2563.png,positive
happy/im2564.png,positive
happy/im2565.png,positive
happy/im2566.png,positive
happy/im2567_1.png,positive
happy/im2568.png,positive
happy/im2568_1.png,positive
happy/im2570.png,positive
happy/im2571.png,positive
happy/im2572.png,positive
happy/im2573.png,positive
happy/im2574.png,positive
happy/im2575.png,positive
happy/im2576.png,positive
happy/im2577.png,positive
happy/im2578.png,positive
happy/im2579.png,positive
happy/im2580.png,positive
happy/im2581.png,positive
happy/im2582.png,positive
happy/im2583.png,positive
happy/im2584.png,positive
happy/im2585.png,positive
happy/im2586.png,positive
happy/im2587.png,positive
happy/im2588.png,positive
happy/im2589.png,positive
happy/im2590.png,positive
happy/im2591.png,positive
happy/im2592.png,positive
happy/im2593.png,positive
happy/im2594.png,positive
happy/im2595.png,positive
happy/im2596.png,positive
happy/im2597.png,positive
happy/im2598.png,positive
happy/im2598_1.png,positive
happy/im2599.png,positive
happy/im2601_1.png,positive
happy/im2602.png,positive
happy/im2603.png,positive
happy/im2604.png,positive
happy/im2605.png,positive
happy/im2606.png,positive
happy/im2607.png,positive
happy/im2609.png,positive
happy/im2610.png,positive
happy/im2611.png,positive
happy/im2612.png,positive
happy/im2613.png,positive
happy/im2614.png,positive
happy/im2615.png,positive
happy/im2616.png,positive
happy/im2617.png,positive
happy/im2619.png,positive
happy/im2620.png,positive
happy/im2620_1.png,positive
happy/im2621.png,positive
happy/im2622.png,positive
happy/im2623.png,positive
happy/im2624.png,positive
happy/im2625.png,positive
happy/im2626.png,positive
happy/im2626_1.png,positive
happy/im2627.png,positive
happy/im2628.png,positive
happy/im2629.png,positive
happy/im2630.png,positive
happy/im2631.png,positive
happy/im2632.png,positive
happy/im2633.png,positive
happy/im2634.png,positive
happy/im2635.png,positive
happy/im2636.png,positive
happy/im2636_1.png,positive
happy/im2637.png,positive
happy/im2638.png,positive
happy/im2639.png,positive
happy/im2640.png,positive
happy/im2641.png,positive
happy/im2642.png,positive
happy/im2644.png,positive
happy/im2645.png,positive
happy/im2646.png,positive
happy/im2647.png,positive
happy/im2648.png,positive
happy/im2650.png,positive
happy/im2651.png,positive
happy/im2652.png,positive
happy/im2653.png,positive
happy/im2654.png,positive
happy/im2655.png,positive
happy/im2656.png,positive
happy/im2657.png,positive
happy/im2658.png,positive
happy/im2659.png,positive
happy/im2660.png,positive
happy/im2661.png,positive
happy/im2662.png,positive
happy/im2663.png,positive
happy/im2664.png,positive
happy/im2665.png,positive
happy/im2666.png,positive
happy/im2667.png,positive
happy/im2668.png,positive
happy/im2668_1.png,positive
happy/im2669.png,positive
happy/im2670.png,positive
happy/im2671.png,positive
happy/im2672.png,positive
happy/im2672_1.png,positive
happy/im2673.png,positive
happy/im2674.png,positive
happy/im2674_1.png,positive
happy/im2675.png,positive
happy/im2676.png,positive
happy/im2676_1.png,positive
happy/im2677.png,positive
happy/im2678.png,positive
happy/im2679.png,positive
happy/im2680.png,positive
happy/im2682.png,positive
happy/im2683.png,positive
happy/im2684.png,positive
happy/im2685.png,positive
happy/im2686.png,positive
happy/im2687.png,positive
happy/im2688.png,positive
happy/im2689.png,positive
happy/im2691.png,positive
happy/im2693.png,positive
happy/im2694.png,positive
happy/im2695.png,positive
happy/im2696.png,positive
happy/im2696_2.png,positive
happy/im2697.png,positive
happy/im2698.png,positive
happy/im2698_1.png,positive
happy/im2699.png,positive
happy/im2700.png,positive
happy/im2701.png,positive
happy/im2702.png,positive
happy/im2703.png,positive
happy/im2704.png,positive
happy/im2705.png,positive
happy/im2706.png,positive
happy/im2707.png,positive
happy/im2708.png,positive
happy/im2709.png,positive
happy/im2710.png,positive
happy/im2711.png,positive
happy/im2712.png,positive
happy/im2713.png,positive
happy/im2714.png,positive
happy/im2715.png,positive
happy/im2716.png,positive
happy/im2717.png,positive
happy/im2718.png,positive
happy/im2720.png,positive
happy/im2721.png,positive
happy/im2722.png,positive
happy/im2723.png,positive
happy/im2723_2.png,positive
happy/im2726.png,positive
happy/im2728.png,positive
happy/im2729.png,positive
happy/im2731.png,positive
happy/im2732.png,positive
happy/im2733.png,positive
happy/im2734.png,positive
happy/im2735.png,positive
happy/im2736.png,positive
happy/im2736_2.png,positive
happy/im2737.png,positive
happy/im2738.png,positive
happy/im2739.png,positive
happy/im2740.png,positive
happy/im2741.png,positive
happy/im2742.png,positive
happy/im2743.png,positive
happy/im2744.png,positive
happy/im2748.png,positive
happy/im2748_1.png,positive
happy/im2749.png,positive
happy/im2750.png,positive
happy/im2751.png,positive
happy/im2752.png,positive
happy/im2754.png,positive
happy/im2756.png,positive
happy/im2757.png,positive
happy/im2758.png,positive
happy/im2760.png,positive
happy/im2761.png,positive
happy/im2762.png,positive
happy/im2763.png,positive
happy/im2763_2.png,positive
happy/im2764.png,positive
happy/im2768.png,positive
happy/im2769.png,positive
happy/im2769_1.png,positive
happy/im2770.png,positive
happy/im2771.png,positive
happy/im2771_1.png,positive
happy/im2772.png,positive
happy/im2773.png,positive
happy/im2774.png,positive
happy/im2775.png,positive
happy/im2776.png,positive
happy/im2777.png,positive
happy/im2778.png,positive
happy/im2780.png,positive
happy/im2782.png,positive
happy/im2785.png,positive
happy/im2785_1.png,positive
happy/im2786.png,positive
happy/im2787.png,positive
happy/im2789.png,positive
happy/im2790.png,positive
happy/im2793.png,positive
happy/im2794.png,positive
happy/im2795.png,positive
happy/im2796.png,positive
happy/im2797.png,positive
happy/im2798.png,positive
happy/im2799.png,positive
happy/im2800.png,positive
happy/im2801.png,positive
happy/im2803.png,positive
happy/im2805.png,positive
happy/im2807.png,positive
happy/im2808.png,positive
happy/im2809.png,positive
happy/im2810.png,positive
happy/im2811.png,positive
happy/im2812.png,positive
happy/im2813.png,positive
happy/im2814.png,positive
happy/im2814_2.png,positive
happy/im2816.png,positive
happy/im2817.png,positive
happy/im2818.png,positive
happy/im2820.png,positive
happy/im2821.png,positive
happy/im2822.png,positive
happy/im2823.png,positive
happy/im2824.png,positive
happy/im2825.png,positive
happy/im2826.png,positive
happy/im2826_1.png,positive
happy/im2827_1.png,positive
happy/im2828.png,positive
happy/im2829.png,positive
happy/im2829_1.png,positive
happy/im2830.png,positive
happy/im2831.png,positive
happy/im2832_1.png,positive
happy/im2833.png,positive
happy/im2834.png,positive
happy/im2835.png,positive
happy/im2836.png,positive
happy/im2837.png,positive
happy/im2837_1.png,positive
happy/im2838.png,positive
happy/im2839.png,positive
happy/im2841.png,positive
happy/im2842.png,positive
happy/im2843.png,positive
happy/im2844.png,positive
happy/im2845.png,positive
happy/im2846.png,positive
happy/im2848.png,positive
happy/im2849.png,positive
happy/im2850.png,positive
happy/im2850_1.png,positive
happy/im2851.png,positive
happy/im2852.png,positive
happy/im2853.png,positive
happy/im2854.png,positive
happy/im2855.png,positive
happy/im2857.png,positive
happy/im2858.png,positive
happy/im2859.png,positive
happy/im2860.png,positive
happy/im2861.png,positive
happy/im2861_1.png,positive
happy/im2862.png,positive
happy/im2863.png,positive
happy/im2864.png,positive
happy/im2865.png,positive
happy/im2866.png,positive
happy/im2867.png,positive
happy/im2868.png,positive
happy/im2870.png,positive
happy/im2871.png,positive
happy/im2872.png,positive
happy/im2873.png,positive
happy/im2874.png,positive
happy/im2875.png,positive
happy/im2876.png,positive
happy/im2877.png,positive
happy/im2878.png,positive
happy/im2879.png,positive
happy/im2880.png,positive
happy/im2882.png,positive
happy/im2883.png,positive
happy/im2886.png,positive
happy/im2887.png,positive
happy/im2888.png,positive
happy/im2889.png,positive
happy/im2890.png,positive
happy/im2891.png,positive
happy/im2892.png,positive
happy/im2893.png,positive
happy/im2894.png,positive
happy/im2896.png,positive
happy/im2897.png,positive
happy/im2898.png,positive
happy/im2899.png,positive
happy/im2900.png,positive
happy/im2901.png,positive
happy/im2904.png,positive
happy/im2905.png,positive
happy/im2906.png,positive
happy/im2907.png,positive
happy/im2909.png,positive
happy/im2909_1.png,positive
happy/im2910.png,positive
happy/im2911.png,positive
happy/im2912.png,positive
happy/im2913.png,positive
happy/im2915.png,positive
happy/im2915_1.png,positive
happy/im2916.png,positive
happy/im2918.png,positive
happy/im2919.png,positive
happy/im2920_1.png,positive
happy/im2922.png,positive
happy/im2923.png,positive
happy/im2924.png,positive
happy/im2925.png,positive
happy/im2925_1.png,positive
happy/im2926.png,positive
happy/im2927.png,positive
happy/im2928.png,positive
happy/im2929.png,positive
happy/im2930.png,positive
happy/im2931.png,positive
happy/im2933.png,positive
happy/im2935.png,positive
happy/im2937.png,positive
happy/im2938.png,positive
happy/im2939.png,positive
happy/im2940.png,positive
happy/im2941.png,positive
happy/im2942.png,positive
happy/im2943.png,positive
happy/im2944.png,positive
happy/im2945.png,positive
happy/im2946.png,positive
happy/im2947.png,positive
happy/im2948.png,positive
happy/im2949.png,positive
happy/im2951.png,positive
happy/im2952.png,positive
happy/im2953.png,positive
happy/im2954.png,positive
happy/im2955.png,positive
happy/im2956.png,positive
happy/im2956_2.png,positive
happy/im2957.png,positive
happy/im2958.png,positive
happy/im2960.png,positive
happy/im2961.png,positive
happy/im2962.png,positive
happy/im2963.png,positive
happy/im2964.png,positive
happy/im2965.png,positive
happy/im2967.png,positive
happy/im2968.png,positive
happy/im2969.png,positive
happy/im2971.png,positive
happy/im2972.png,positive
happy/im2973.png,positive
happy/im2973_1.png,positive
happy/im2974.png,positive
happy/im2974_2.png,positive
happy/im2975.png,positive
happy/im2976.png,positive
happy/im2977.png,positive
happy/im2977_1.png,positive
happy/im2979.png,positive
happy/im2980.png,positive
happy/im2981.png,positive
happy/im2983.png,positive
happy/im2984.png,positive
happy/im2986.png,positive
happy/im2987.png,positive
happy/im2988.png,positive
happy/im2989.png,positive
happy/im2989_2.png,positive
happy/im2990.png,positive
happy/im2991.png,positive
happy/im2992.png,positive
happy/im2993.png,positive
happy/im2994.png,positive
happy/im2995.png,positive
happy/im2997.png,positive
happy/im2998.png,positive
happy/im2999.png,positive
happy/im3000.png,positive
happy/im3001.png,positive
happy/im3002.png,positive
happy/im3003.png,positive
happy/im3004.png,positive
happy/im3005.png,positive
happy/im3006.png,positive
happy/im3007.png,positive
happy/im3008.png,positive
happy/im3009.png,positive
happy/im3010.png,positive
happy/im3012.png,positive
happy/im3013.png,positive
happy/im3015.png,positive
happy/im3017.png,positive
happy/im3018.png,positive
happy/im3019.png,positive
happy/im3020.png,positive
happy/im3021.png,positive
happy/im3022.png,positive
happy/im3024.png,positive
happy/im3025.png,positive
happy/im3026.png,positive
happy/im3027.png,positive
happy/im3029.png,positive
happy/im3030.png,positive
happy/im3032.png,positive
happy/im3033.png,positive
happy/im3034.png,positive
happy/im3036.png,positive
happy/im3038.png,positive
happy/im3039.png,positive
happy/im3040.png,positive
happy/im3042.png,positive
happy/im3043.png,positive
happy/im3044.png,positive
happy/im3045.png,positive
happy/im3046.png,positive
happy/im3047.png,positive
happy/im3047_1.png,positive
happy/im3048.png,positive
happy/im3049.png,positive
happy/im3052.png,positive
happy/im3053.png,positive
happy/im3054.png,positive
happy/im3055.png,positive
happy/im3056.png,positive
happy/im3057_2.png,positive
happy/im3058.png,positive
happy/im3058_2.png,positive
happy/im3059.png,positive
happy/im3061.png,positive
happy/im3062.png,positive
happy/im3063.png,positive
happy/im3063_1.png,positive
happy/im3064.png,positive
happy/im3065.png,positive
happy/im3066.png,positive
happy/im3067.png,positive
happy/im3068.png,positive
happy/im3069.png,positive
happy/im3070.png,positive
happy/im3071.png,positive
happy/im3072.png,positive
happy/im3073.png,positive
happy/im3074.png,positive
happy/im3075.png,positive
happy/im3077.png,positive
happy/im3078.png,positive
happy/im3079.png,positive
happy/im3080.png,positive
happy/im3081.png,positive
happy/im3082.png,positive
happy/im3082_1.png,positive
happy/im3083.png,positive
happy/im3085.png,positive
happy/im3086.png,positive
happy/im3087.png,positive
happy/im3089.png,positive
happy/im3090.png,positive
happy/im3091.png,positive
happy/im3092.png,positive
happy/im3093.png,positive
happy/im3094.png,positive
happy/im3095.png,positive
happy/im3096.png,positive
happy/im3097.png,positive
happy/im3099.png,positive
happy/im3100.png,positive
happy/im3102.png,positive
happy/im3102_1.png,positive
happy/im3103.png,positive
happy/im3104.png,positive
happy/im3105.png,positive
happy/im3105_1.png,positive
happy/im3106.png,positive
happy/im3107.png,positive
happy/im3107_1.png,positive
happy/im3108.png,positive
happy/im3109.png,positive
happy/im3110.png,positive
happy/im3112.png,positive
happy/im3114.png,positive
happy/im3115.png,positive
happy/im3116.png,positive
happy/im3117.png,positive
happy/im3119.png,positive
happy/im3120.png,positive
happy/im3121.png,positive
happy/im3122.png,positive
happy/im3122_2.png,positive
happy/im3123.png,positive
happy/im3124.png,positive
happy/im3125.png,positive
happy/im3126.png,positive
happy/im3127.png,positive
happy/im3128.png,positive
happy/im3130.png,positive
happy/im3131.png,positive
happy/im3132.png,positive
happy/im3133.png,positive
happy/im3134.png,positive
happy/im3135.png,positive
happy/im3135_1.png,positive
happy/im3136.png,positive
happy/im3138.png,positive
happy/im3138_1.png,positive
happy/im3140.png,positive
happy/im3142.png,positive
happy/im3143.png,positive
happy/im3144.png,positive
happy/im3145.png,positive
happy/im3146.png,positive
happy/im3147.png,positive
happy/im3148.png,positive
happy/im3149.png,positive
happy/im3150.png,positive
happy/im3151.png,positive
happy/im3153.png,positive
happy/im3155.png,positive
happy/im3156.png,positive
happy/im3158.png,positive
happy/im3159.png,positive
happy/im3160.png,positive
happy/im3161.png,positive
happy/im3162.png,positive
happy/im3162_1.png,positive
happy/im3163.png,positive
happy/im3165.png,positive
happy/im3166.png,positive
happy/im3167.png,positive
happy/im3168.png,positive
happy/im3169.png,positive
happy/im3170.png,positive
happy/im3171.png,positive
happy/im3171_2.png,positive
happy/im3172.png,positive
happy/im3174.png,positive
happy/im3175.png,positive
happy/im3175_2.png,positive
happy/im3177.png,positive
happy/im3178.png,positive
happy/im3179.png,positive
happy/im3181.png,positive
happy/im3182.png,positive
happy/im3183.png,positive
happy/im3184.png,positive
happy/im3185.png,positive
happy/im3185_1.png,positive
happy/im3187.png,positive
happy/im3188.png,positive
happy/im3189.png,positive
happy/im3190.png,positive
happy/im3193.png,positive
happy/im3194.png,positive
happy/im3196.png,positive
happy/im3197.png,positive
happy/im3198.png,positive
happy/im3199.png,positive
happy/im3200.png,positive
happy/im3204.png,positive
happy/im3205.png,positive
happy/im3206.png,positive
happy/im3206_2.png,positive
happy/im3207.png,positive
happy/im3209.png,positive
happy/im3210.png,positive
happy/im3212.png,positive
happy/im3213.png,positive
happy/im3215.png,positive
happy/im3216.png,positive
happy/im3217.png,positive
happy/im3218.png,positive
happy/im3219.png,positive
happy/im3220.png,positive
happy/im3221.png,positive
happy/im3223.png,positive
happy/im3224.png,positive
happy/im3226.png,positive
happy/im3227.png,positive
happy/im3228.png,positive
happy/im3229.png,positive
happy/im3230.png,positive
happy/im3231.png,positive
happy/im3232.png,positive
happy/im3233.png,positive
happy/im3234.png,positive
happy/im3234_1.png,positive
happy/im3235.png,positive
happy/im3236.png,positive
happy/im3237.png,positive
happy/im3238.png,positive
happy/im3239.png,positive
happy/im3240.png,positive
happy/im3241.png,positive
happy/im3243.png,positive
happy/im3244.png,positive
happy/im3245.png,positive
happy/im3246.png,positive
happy/im3247.png,positive
happy/im3248.png,positive
happy/im3248_2.png,positive
happy/im3250.png,positive
happy/im3251.png,positive
happy/im3252.png,positive
happy/im3252_2.png,positive
happy/im3253.png,positive
happy/im3254.png,positive
happy/im3255.png,positive
happy/im3257.png,positive
happy/im3259.png,positive
happy/im3260.png,positive
happy/im3261.png,positive
happy/im3262.png,positive
happy/im3263.png,positive
happy/im3264.png,positive
happy/im3265.png,positive
happy/im3267.png,positive
happy/im3268.png,positive
happy/im3269.png,positive
happy/im3270.png,positive
happy/im3271.png,positive
happy/im3272.png,positive
happy/im3273.png,positive
happy/im3273_1.png,positive
happy/im3274.png,positive
happy/im3274_1.png,positive
happy/im3275.png,positive
happy/im3276.png,positive
happy/im3277.png,positive
happy/im3278.png,positive
happy/im3279.png,positive
happy/im3282.png,positive
happy/im3284.png,positive
happy/im3285.png,positive
happy/im3286.png,positive
happy/im3286_1.png,positive
happy/im3287.png,positive
happy/im3288.png,positive
happy/im3289.png,positive
happy/im3290.png,positive
happy/im3291.png,positive
happy/im3292.png,positive
happy/im3293.png,positive
happy/im3294.png,positive
happy/im3295.png,positive
happy/im3296.png,positive
happy/im3297.png,positive
happy/im3297_2.png,positive
happy/im3300.png,positive
happy/im3301_1.png,positive
happy/im3302.png,positive
happy/im3303.png,positive
happy/im3304.png,positive
happy/im3305.png,positive
happy/im3306.png,positive
happy/im3307.png,positive
happy/im3308.png,positive
happy/im3309.png,positive
happy/im3310.png,positive
happy/im3311.png,positive
happy/im3312.png,positive
happy/im3313.png,positive
happy/im3314.png,positive
happy/im3315.png,positive
happy/im3318.png,positive
happy/im3319.png,positive
happy/im3319_2.png,positive
happy/im3320.png,positive
happy/im3321.png,positive
happy/im3321_1.png,positive
happy/im3322.png,positive
happy/im3323.png,positive
happy/im3324.png,positive
happy/im3325.png,positive
happy/im3326.png,positive
happy/im3327.png,positive
happy/im3328.png,positive
happy/im3329.png,positive
happy/im3330.png,positive
happy/im3332.png,positive
happy/im3333.png,positive
happy/im3334.png,positive
happy/im3335.png,positive
happy/im3336.png,positive
happy/im3337.png,positive
happy/im3338.png,positive
happy/im3339_1.png,positive
happy/im3340.png,positive
happy/im3341.png,positive
happy/im3342.png,positive
happy/im3343.png,positive
happy/im3343_2.png,positive
happy/im3345.png,positive
happy/im3346.png,positive
happy/im3347.png,positive
happy/im3349.png,positive
happy/im3349_1.png,positive
happy/im3350.png,positive
happy/im3352.png,positive
happy/im3353.png,positive
happy/im3354.png,positive
happy/im3354_1.png,positive
happy/im3355.png,positive
happy/im3356_1.png,positive
happy/im3357.png,positive
happy/im3359.png,positive
happy/im3360.png,positive
happy/im3362.png,positive
happy/im3363.png,positive
happy/im3364.png,positive
happy/im3366.png,positive
happy/im3367.png,positive
happy/im3368.png,positive
happy/im3369.png,positive
happy/im3370.png,positive
happy/im3371_1.png,positive
happy/im3372.png,positive
happy/im3373.png,positive
happy/im3374.png,positive
happy/im3375.png,positive
happy/im3376.png,positive
happy/im3378.png,positive
happy/im3379.png,positive
happy/im3380.png,positive
happy/im3381.png,positive
happy/im3382.png,positive
happy/im3382_2.png,positive
happy/im3383.png,positive
happy/im3384.png,positive
happy/im3385.png,positive
happy/im3386.png,positive
happy/im3387.png,positive
happy/im3388.png,positive
happy/im3389.png,positive
happy/im3390.png,positive
happy/im3391.png,positive
happy/im3392.png,positive
happy/im3393.png,positive
happy/im3394.png,positive
happy/im3395.png,positive
happy/im3395_1.png,positive
happy/im3396.png,positive
happy/im3397.png,positive
happy/im3398.png,positive
happy/im3400.png,positive
happy/im3401.png,positive
happy/im3402.png,positive
happy/im3402_1.png,positive
happy/im3403.png,positive
happy/im3406.png,positive
happy/im3407.png,positive
happy/im3408.png,positive
happy/im3409.png,positive
happy/im3410.png,positive
happy/im3411.png,positive
happy/im3412_2.png,positive
happy/im3413.png,positive
happy/im3413_1.png,positive
happy/im3414.png,positive
happy/im3414_1.png,positive
happy/im3415.png,positive
happy/im3417.png,positive
happy/im3418.png,positive
happy/im3419.png,positive
happy/im3420.png,positive
happy/im3421.png,positive
happy/im3423.png,positive
happy/im3424_1.png,positive
happy/im3426.png,positive
happy/im3427.png,positive
happy/im3428.png,positive
happy/im3429.png,positive
happy/im3430.png,positive
happy/im3431.png,positive
happy/im3432.png,positive
happy/im3433.png,positive
happy/im3434.png,positive
happy/im3435.png,positive
happy/im3436.png,positive
happy/im3437.png,positive
happy/im3439.png,positive
happy/im3441.png,positive
happy/im3442.png,positive
happy/im3443.png,positive
happy/im3444.png,positive
happy/im3445.png,positive
happy/im3446.png,positive
happy/im3447.png,positive
happy/im3447_2.png,positive
happy/im3449.png,positive
happy/im3450.png,positive
happy/im3451.png,positive
happy/im3452.png,positive
happy/im3455.png,positive
happy/im3457.png,positive
happy/im3458.png,positive
happy/im3458_1.png,positive
happy/im3459.png,positive
happy/im3460.png,positive
happy/im3461.png,positive
happy/im3462.png,positive
happy/im3463.png,positive
happy/im3464.png,positive
happy/im3465.png,positive
happy/im3466.png,positive
happy/im3467.png,positive
happy/im3468.png,positive
happy/im3469.png,positive
happy/im3471.png,positive
happy/im3472.png,positive
happy/im3473.png,positive
happy/im3474.png,positive
happy/im3475.png,positive
happy/im3476.png,positive
happy/im3477.png,positive
happy/im3479.png,positive
happy/im3480.png,positive
happy/im3480_1.png,positive
happy/im3481.png,positive
happy/im3482.png,positive
happy/im3483.png,positive
happy/im3484.png,positive
happy/im3485.png,positive
happy/im3486.png,positive
happy/im3487.png,positive
happy/im3488.png,positive
happy/im3489.png,positive
happy/im3490.png,positive
happy/im3491.png,positive
happy/im3492.png,positive
happy/im3493.png,positive
happy/im3494.png,positive
happy/im3494_1.png,positive
happy/im3495.png,positive
happy/im3496.png,positive
happy/im3497.png,positive
happy/im3499.png,positive
happy/im3500.png,positive
happy/im3501.png,positive
happy/im3506.png,positive
happy/im3507.png,positive
happy/im3508.png,positive
happy/im3509.png,positive
happy/im3511.png,positive
happy/im3512.png,positive
happy/im3513.png,positive
happy/im3514.png,positive
happy/im3515.png,positive
happy/im3516.png,positive
happy/im3518.png,positive
happy/im3519.png,positive
happy/im3520.png,positive
happy/im3521.png,positive
happy/im3522.png,positive
happy/im3523.png,positive
happy/im3524.png,positive
happy/im3525.png,positive
happy/im3526.png,positive
happy/im3527_1.png,positive
happy/im3528.png,positive
happy/im3529.png,positive
happy/im3530.png,positive
happy/im3530_1.png,positive
happy/im3531.png,positive
happy/im3532.png,positive
happy/im3533.png,positive
happy/im3534.png,positive
happy/im3535.png,positive
happy/im3536.png,positive
happy/im3538.png,positive
happy/im3539.png,positive
happy/im3540.png,positive
happy/im3541.png,positive
happy/im3542.png,positive
happy/im3543.png,positive
happy/im3544.png,positive
happy/im3545.png,positive
happy/im3546.png,positive
happy/im3547.png,positive
happy/im3548.png,positive
happy/im3549.png,positive
happy/im3550.png,positive
happy/im3550_1.png,positive
happy/im3551.png,positive
happy/im3552.png,positive
happy/im3553.png,positive
happy/im3553_2.png,positive
happy/im3554.png,positive
happy/im3556.png,positive
happy/im3557.png,positive
happy/im3557_1.png,positive
happy/im3559.png,positive
happy/im3560.png,positive
happy/im3561.png,positive
happy/im3563.png,positive
happy/im3564.png,positive
happy/im3565.png,positive
happy/im3567.png,positive
happy/im3568.png,positive
happy/im3569.png,positive
happy/im3569_2.png,positive
happy/im3570.png,positive
happy/im3571.png,positive
happy/im3572.png,positive
happy/im3573.png,positive
happy/im3574.png,positive
happy/im3575.png,positive
happy/im3576.png,positive
happy/im3577.png,positive
happy/im3578.png,positive
happy/im3579.png,positive
happy/im3582.png,positive
happy/im3582_1.png,positive
happy/im3584.png,positive
happy/im3585.png,positive
happy/im3585_1.png,positive
happy/im3586_1.png,positive
happy/im3587.png,positive
happy/im3588.png,positive
happy/im3590.png,positive
happy/im3591.png,positive
happy/im3592.png,positive
happy/im3593.png,positive
happy/im3594.png,positive
happy/im3595.png,positive
happy/im3596.png,positive
happy/im3597.png,positive
happy/im3598.png,positive
happy/im3599.png,positive
happy/im3600.png,positive
happy/im3602.png,positive
happy/im3603.png,positive
happy/im3604.png,positive
happy/im3605.png,positive
happy/im3606.png,positive
happy/im3610.png,positive
happy/im3611.png,positive
happy/im3613.png,positive
happy/im3614.png,positive
happy/im3617.png,positive
happy/im3618.png,positive
happy/im3619.png,positive
happy/im3620.png,positive
happy/im3621.png,positive
happy/im3622.png,positive
happy/im3623.png,positive
happy/im3624.png,positive
happy/im3625.png,positive
happy/im3626.png,positive
happy/im3627.png,positive
happy/im3628.png,positive
happy/im3629.png,positive
happy/im3630.png,positive
happy/im3631.png,positive
happy/im3632.png,positive
happy/im3633.png,positive
happy/im3634.png,positive
happy/im3635.png,positive
happy/im3636.png,positive
happy/im3637.png,positive
happy/im3638.png,positive
happy/im3639.png,positive
happy/im3640.png,positive
happy/im3641.png,positive
happy/im3641_2.png,positive
happy/im3643.png,positive
happy/im3644.png,positive
happy/im3645.png,positive
happy/im3646.png,positive
happy/im3647.png,positive
happy/im3648.png,positive
happy/im3649.png,positive
happy/im3650.png,positive
happy/im3651.png,positive
happy/im3652.png,positive
happy/im3653.png,positive
happy/im3654.png,positive
happy/im3655.png,positive
happy/im3656.png,positive
happy/im3657.png,positive
happy/im3658.png,positive
happy/im3659.png,positive
happy/im3661.png,positive
happy/im3662.png,positive
happy/im3663.png,positive
happy/im3665.png,positive
happy/im3668.png,positive
happy/im3669.png,positive
happy/im3670.png,positive
happy/im3671.png,positive
happy/im3672.png,positive
happy/im3673.png,positive
happy/im3674.png,positive
happy/im3675.png,positive
happy/im3675_1.png,positive
happy/im3676.png,positive
happy/im3678.png,positive
happy/im3679.png,positive
happy/im3680.png,positive
happy/im3682.png,positive
happy/im3683.png,positive
happy/im3684.png,positive
happy/im3685.png,positive
happy/im3687.png,positive
happy/im3687_1.png,positive
happy/im3688.png,positive
happy/im3688_1.png,positive
happy/im3689.png,positive
happy/im3690.png,positive
happy/im3691.png,positive
happy/im3692.png,positive
happy/im3693.png,positive
happy/im3694.png,positive
happy/im3695.png,positive
happy/im3696.png,positive
happy/im3697.png,positive
happy/im3697_1.png,positive
happy/im3698.png,positive
happy/im3699.png,positive
happy/im3700.png,positive
happy/im3703.png,positive
happy/im3704.png,positive
happy/im3706.png,positive
happy/im3707.png,positive
happy/im3708.png,positive
happy/im3710.png,positive
happy/im3711.png,positive
happy/im3714.png,positive
happy/im3716.png,positive
happy/im3717.png,positive
happy/im3718.png,positive
happy/im3719.png,positive
happy/im3720.png,positive
happy/im3721.png,positive
happy/im3722.png,positive
happy/im3723.png,positive
happy/im3724.png,positive
happy/im3725.png,positive
happy/im3726.png,positive
happy/im3727.png,positive
happy/im3728.png,positive
happy/im3728_1.png,positive
happy/im3731.png,positive
happy/im3732.png,positive
happy/im3734.png,positive
happy/im3734_1.png,positive
happy/im3735.png,positive
happy/im3736_1.png,positive
happy/im3737.png,positive
happy/im3738.png,positive
happy/im3739.png,positive
happy/im3740.png,positive
happy/im3741.png,positive
happy/im3742.png,positive
happy/im3743.png,positive
happy/im3744.png,positive
happy/im3745.png,positive
happy/im3746.png,positive
happy/im3747.png,positive
happy/im3748.png,positive
happy/im3749.png,positive
happy/im3750.png,positive
happy/im3751.png,positive
happy/im3752.png,positive
happy/im3753.png,positive
happy/im3754.png,positive
happy/im3755.png,positive
happy/im3756.png,positive
happy/im3757.png,positive
happy/im3757_1.png,positive
happy/im3759.png,positive
happy/im3760.png,positive
happy/im3762.png,positive
happy/im3763.png,positive
happy/im3763_1.png,positive
happy/im3764.png,positive
happy/im3765.png,positive
happy/im3767.png,positive
happy/im3768.png,positive
happy/im3769.png,positive
happy/im3770.png,positive
happy/im3771.png,positive
happy/im3772.png,positive
happy/im3775.png,positive
happy/im3776.png,positive
happy/im3776_1.png,positive
happy/im3778.png,positive
happy/im3779.png,positive
happy/im3780.png,positive
happy/im3782.png,positive
happy/im3783.png,positive
happy/im3784.png,positive
happy/im3786.png,positive
happy/im3787.png,positive
happy/im3788.png,positive
happy/im3791.png,positive
happy/im3792.png,positive
happy/im3793.png,positive
happy/im3794.png,positive
happy/im3796.png,positive
happy/im3797.png,positive
happy/im3798.png,positive
happy/im3799.png,positive
happy/im3800.png,positive
happy/im3801.png,positive
happy/im3802.png,positive
happy/im3803.png,positive
happy/im3804.png,positive
happy/im3805.png,positive
happy/im3806.png,positive
happy/im3807.png,positive
happy/im3808.png,positive
happy/im3809.png,positive
happy/im3810.png,positive
happy/im3811.png,positive
happy/im3812.png,positive
happy/im3813.png,positive
happy/im3814.png,positive
happy/im3816.png,positive
happy/im3817.png,positive
happy/im3819.png,positive
happy/im3820.png,positive
happy/im3821.png,positive
happy/im3822.png,positive
happy/im3822_1.png,positive
happy/im3823.png,positive
happy/im3824.png,positive
happy/im3825.png,positive
happy/im3826.png,positive
happy/im3827.png,positive
happy/im3828.png,positive
happy/im3829.png,positive
happy/im3830.png,positive
happy/im3831.png,positive
happy/im3832.png,positive
happy/im3834.png,positive
happy/im3835.png,positive
happy/im3836_1.png,positive
happy/im3837.png,positive
happy/im3838.png,positive
happy/im3839.png,positive
happy/im3840.png,positive
happy/im3841.png,positive
happy/im3842.png,positive
happy/im3842_2.png,positive
happy/im3844.png,positive
happy/im3845.png,positive
happy/im3846.png,positive
happy/im3848.png,positive
happy/im3849.png,positive
happy/im3852.png,positive
happy/im3853.png,positive
happy/im3854.png,positive
happy/im3854_2.png,positive
happy/im3855.png,positive
happy/im3856.png,positive
happy/im3856_1.png,positive
happy/im3857.png,positive
happy/im3858.png,positive
happy/im3859.png,positive
happy/im3860.png,positive
happy/im3861.png,positive
happy/im3862.png,positive
happy/im3863.png,positive
happy/im3864.png,positive
happy/im3866.png,positive
happy/im3867.png,positive
happy/im3868.png,positive
happy/im3869.png,positive
happy/im3870.png,positive
happy/im3871.png,positive
happy/im3873.png,positive
happy/im3874.png,positive
happy/im3875.png,positive
happy/im3876.png,positive
happy/im3877.png,positive
happy/im3878.png,positive
happy/im3880.png,positive
happy/im3881.png,positive
happy/im3883.png,positive
happy/im3884.png,positive
happy/im3885.png,positive
happy/im3886.png,positive
happy/im3887.png,positive
happy/im3888.png,positive
happy/im3888_1.png,positive
happy/im3889.png,positive
happy/im3889_1.png,positive
happy/im3891.png,positive
happy/im3892.png,positive
happy/im3893.png,positive
happy/im3894.png,positive
happy/im3895.png,positive
happy/im3896.png,positive
happy/im3896_1.png,positive
happy/im3897.png,positive
happy/im3899.png,positive
happy/im3900.png,positive
happy/im3901.png,positive
happy/im3902.png,positive
happy/im3903.png,positive
happy/im3904.png,positive
happy/im3905.png,positive
happy/im3906.png,positive
happy/im3908.png,positive
happy/im3909.png,positive
happy/im3911.png,positive
happy/im3912.png,positive
happy/im3912_1.png,positive
happy/im3913.png,positive
happy/im3914.png,positive
happy/im3915.png,positive
happy/im3916.png,positive
happy/im3917.png,positive
happy/im3919.png,positive
happy/im3920.png,positive
happy/im3922.png,positive
happy/im3923.png,positive
happy/im3924.png,positive
happy/im3925.png,positive
happy/im3926.png,positive
happy/im3927.png,positive
happy/im3929.png,positive
happy/im3930.png,positive
happy/im3931.png,positive
happy/im3932.png,positive
happy/im3933.png,positive
happy/im3934.png,positive
happy/im3935.png,positive
happy/im3936.png,positive
happy/im3936_1.png,positive
happy/im3937.png,positive
happy/im3938.png,positive
happy/im3939.png,positive
happy/im3940.png,positive
happy/im3941.png,positive
happy/im3942.png,positive
happy/im3943.png,positive
happy/im3944.png,positive
happy/im3945.png,positive
happy/im3946.png,positive
happy/im3947.png,positive
happy/im3949.png,positive
happy/im3950.png,positive
happy/im3951.png,positive
happy/im3952.png,positive
happy/im3954.png,positive
happy/im3955.png,positive
happy/im3956.png,positive
happy/im3957.png,positive
happy/im3958.png,positive
happy/im3959.png,positive
happy/im3960.png,positive
happy/im3961.png,positive
happy/im3962.png,positive
happy/im3963.png,positive
happy/im3965.png,positive
happy/im3966.png,positive
happy/im3966_1.png,positive
happy/im3967.png,positive
happy/im3968.png,positive
happy/im3969.png,positive
happy/im3969_1.png,positive
happy/im3970.png,positive
happy/im3971.png,positive
happy/im3971_1.png,positive
happy/im3972.png,positive
happy/im3973.png,positive
happy/im3974.png,positive
happy/im3975.png,positive
happy/im3977.png,positive
happy/im3978.png,positive
happy/im3979.png,positive
happy/im3979_1.png,positive
happy/im3980.png,positive
happy/im3982.png,positive
happy/im3984.png,positive
happy/im3985.png,positive
happy/im3987.png,positive
happy/im3988.png,positive
happy/im3989.png,positive
happy/im3990.png,positive
happy/im3991.png,positive
happy/im3992.png,positive
happy/im3993.png,positive
happy/im3994.png,positive
happy/im3995.png,positive
happy/im3996.png,positive
happy/im3997.png,positive
happy/im3999.png,positive
happy/im4000.png,positive
happy/im4001.png,positive
happy/im4002.png,positive
happy/im4003.png,positive
happy/im4004.png,positive
happy/im4005.png,positive
happy/im4006.png,positive
happy/im4007.png,positive
happy/im4008.png,positive
happy/im4009.png,positive
happy/im4011.png,positive
happy/im4012.png,positive
happy/im4012_1.png,positive
happy/im4014.png,positive
happy/im4016.png,positive
happy/im4018.png,positive
happy/im4018_2.png,positive
happy/im4019.png,positive
happy/im4020.png,positive
happy/im4021.png,positive
happy/im4022.png,positive
happy/im4023.png,positive
happy/im4024.png,positive
happy/im4025.png,positive
happy/im4026.png,positive
happy/im4027.png,positive
happy/im4028.png,positive
happy/im4029.png,positive
happy/im4031.png,positive
happy/im4033.png,positive
happy/im4034.png,positive
happy/im4036.png,positive
happy/im4037.png,positive
happy/im4038.png,positive
happy/im4039.png,positive
happy/im4040.png,positive
happy/im4041.png,positive
happy/im4042.png,positive
happy/im4043.png,positive
happy/im4044.png,positive
happy/im4045.png,positive
happy/im4047.png,positive
happy/im4049.png,positive
happy/im4050.png,positive
happy/im4051.png,positive
happy/im4052.png,positive
happy/im4053.png,positive
happy/im4054.png,positive
happy/im4054_1.png,positive
happy/im4055.png,positive
happy/im4056.png,positive
happy/im4058.png,positive
happy/im4059.png,positive
happy/im4060.png,positive
happy/im4061.png,positive
happy/im4062.png,positive
happy/im4063.png,positive
happy/im4064.png,positive
happy/im4065.png,positive
happy/im4067.png,positive
happy/im4068.png,positive
happy/im4069.png,positive
happy/im4070.png,positive
happy/im4071.png,positive
happy/im4072.png,positive
happy/im4074.png,positive
happy/im4076.png,positive
happy/im4077.png,positive
happy/im4078.png,positive
happy/im4079.png,positive
happy/im4080.png,positive
happy/im4082.png,positive
happy/im4083.png,positive
happy/im4084.png,positive
happy/im4085.png,positive
happy/im4088.png,positive
happy/im4090.png,positive
happy/im4091.png,positive
happy/im4091_1.png,positive
happy/im4092.png,positive
happy/im4093.png,positive
happy/im4095.png,positive
happy/im4096.png,positive
happy/im4097.png,positive
happy/im4098.png,positive
happy/im4099.png,positive
happy/im4100.png,positive
happy/im4102.png,positive
happy/im4103.png,positive
happy/im4104.png,positive
happy/im4108.png,positive
happy/im4109.png,positive
happy/im4111.png,positive
happy/im4112.png,positive
happy/im4113.png,positive
happy/im4114.png,positive
happy/im4115.png,positive
happy/im4116.png,positive
happy/im4117.png,positive
happy/im4118.png,positive
happy/im4119.png,positive
happy/im4120.png,positive
happy/im4122.png,positive
happy/im4124.png,positive
happy/im4125.png,positive
happy/im4126.png,positive
happy/im4127.png,positive
happy/im4128.png,positive
happy/im4130.png,positive
happy/im4131.png,positive
happy/im4132.png,positive
happy/im4132_1.png,positive
happy/im4133.png,positive
happy/im4134.png,positive
happy/im4135.png,positive
happy/im4136.png,positive
happy/im4137.png,positive
happy/im4138.png,positive
happy/im4140.png,positive
happy/im4141.png,positive
happy/im4142.png,positive
happy/im4143.png,positive
happy/im4144.png,positive
happy/im4145.png,positive
happy/im4145_1.png,positive
happy/im4147.png,positive
happy/im4148.png,positive
happy/im4149.png,positive
happy/im4149_1.png,positive
happy/im4150.png,positive
happy/im4151.png,positive
happy/im4152.png,positive
happy/im4153.png,positive
happy/im4154.png,positive
happy/im4155.png,positive
happy/im4156.png,positive
happy/im4157.png,positive
happy/im4158.png,positive
happy/im4158_1.png,positive
happy/im4159.png,positive
happy/im4161.png,positive
happy/im4162.png,positive
happy/im4163.png,positive
happy/im4164.png,positive
happy/im4165.png,positive
happy/im4168.png,positive
happy/im4169.png,positive
happy/im4171.png,positive
happy/im4172.png,positive
happy/im4173.png,positive
happy/im4174.png,positive
happy/im4175.png,positive
happy/im4176.png,positive
happy/im4177.png,positive
happy/im4178.png,positive
happy/im4179.png,positive
happy/im4180.png,positive
happy/im4182.png,positive
happy/im4183.png,positive
happy/im4184.png,positive
happy/im4185.png,positive
happy/im4187.png,positive
happy/im4188.png,positive
happy/im4189.png,positive
happy/im4190.png,positive
happy/im4191.png,positive
happy/im4192.png,positive
happy/im4193.png,positive
happy/im4194.png,positive
happy/im4198.png,positive
happy/im4199.png,positive
happy/im4200.png,positive
happy/im4201.png,positive
happy/im4202.png,positive
happy/im4204.png,positive
happy/im4205.png,positive
happy/im4207.png,positive
happy/im4208.png,positive
happy/im4209.png,positive
happy/im4210.png,positive
happy/im4211.png,positive
happy/im4212.png,positive
happy/im4213.png,positive
happy/im4213_1.png,positive
happy/im4214.png,positive
happy/im4215.png,positive
happy/im4216.png,positive
happy/im4217.png,positive
happy/im4219.png,positive
happy/im4220.png,positive
happy/im4221.png,positive
happy/im4222.png,positive
happy/im4223.png,positive
happy/im4224.png,positive
happy/im4225.png,positive
happy/im4226.png,positive
happy/im4227.png,positive
happy/im4228.png,positive
happy/im4230.png,positive
happy/im4231.png,positive
happy/im4232.png,positive
happy/im4233.png,positive
happy/im4234.png,positive
happy/im4235.png,positive
happy/im4236.png,positive
happy/im4237.png,positive
happy/im4239.png,positive
happy/im4240.png,positive
happy/im4241.png,positive
happy/im4242.png,positive
happy/im4243.png,positive
happy/im4244.png,positive
happy/im4246.png,positive
happy/im4247.png,positive
happy/im4248.png,positive
happy/im4249.png,positive
happy/im4249_1.png,positive
happy/im4250.png,positive
happy/im4251.png,positive
happy/im4253.png,positive
happy/im4254.png,positive
happy/im4255.png,positive
happy/im4256.png,positive
happy/im4259.png,positive
happy/im4260.png,positive
happy/im4261.png,positive
happy/im4262.png,positive
happy/im4263.png,positive
happy/im4265.png,positive
happy/im4266.png,positive
happy/im4267.png,positive
happy/im4269.png,positive
happy/im4270.png,positive
happy/im4271.png,positive
happy/im4272.png,positive
happy/im4274.png,positive
happy/im4275.png,positive
happy/im4276.png,positive
happy/im4279.png,positive
happy/im4280.png,positive
happy/im4281.png,positive
happy/im4281_1.png,positive
happy/im4282.png,positive
happy/im4284.png,positive
happy/im4285.png,positive
happy/im4286.png,positive
happy/im4287.png,positive
happy/im4289.png,positive
happy/im4290.png,positive
happy/im4291.png,positive
happy/im4293.png,positive
happy/im4294.png,positive
happy/im4295_1.png,positive
happy/im4296.png,positive
happy/im4297.png,positive
happy/im4298.png,positive
happy/im4299.png,positive
happy/im4300.png,positive
happy/im4303.png,positive
happy/im4304_1.png,positive
happy/im4305.png,positive
happy/im4306.png,positive
happy/im4307.png,positive
happy/im4308.png,positive
happy/im4309.png,positive
happy/im4310.png,positive
happy/im4311.png,positive
happy/im4312.png,positive
happy/im4313.png,positive
happy/im4314.png,positive
happy/im4315.png,positive
happy/im4315_1.png,positive
happy/im4316.png,positive
happy/im4317.png,positive
happy/im4318.png,positive
happy/im4319.png,positive
happy/im4320.png,positive
happy/im4321.png,positive
happy/im4321_1.png,positive
happy/im4322.png,positive
happy/im4323.png,positive
happy/im4324.png,positive
happy/im4325.png,positive
happy/im4326.png,positive
happy/im4327.png,positive
happy/im4328.png,positive
happy/im4329.png,positive
happy/im4329_1.png,positive
happy/im4331.png,positive
happy/im4332.png,positive
happy/im4333.png,positive
happy/im4334.png,positive
happy/im4335.png,positive
happy/im4336.png,positive
happy/im4337.png,positive
happy/im4337_1.png,positive
happy/im4338.png,positive
happy/im4339.png,positive
happy/im4340.png,positive
happy/im4341.png,positive
happy/im4343.png,positive
happy/im4344.png,positive
happy/im4345.png,positive
happy/im4345_1.png,positive
happy/im4346.png,positive
happy/im4348.png,positive
happy/im4349.png,positive
happy/im4350.png,positive
happy/im4351.png,positive
happy/im4352.png,positive
happy/im4353.png,positive
happy/im4354.png,positive
happy/im4355.png,positive
happy/im4356.png,positive
happy/im4356_1.png,positive
happy/im4357.png,positive
happy/im4358.png,positive
happy/im4359.png,positive
happy/im4360.png,positive
happy/im4362.png,positive
happy/im4363.png,positive
happy/im4364.png,positive
happy/im4365.png,positive
happy/im4365_1.png,positive
happy/im4366.png,positive
happy/im4367.png,positive
happy/im4369.png,positive
happy/im4370.png,positive
happy/im4371.png,positive
happy/im4372.png,positive
happy/im4373.png,positive
happy/im4374.png,positive
happy/im4375.png,positive
happy/im4376.png,positive
happy/im4378.png,positive
happy/im4379.png,positive
happy/im4380.png,positive
happy/im4381.png,positive
happy/im4382.png,positive
happy/im4385.png,positive
happy/im4386.png,positive
happy/im4387.png,positive
happy/im4388.png,positive
happy/im4389.png,positive
happy/im4390.png,positive
happy/im4391.png,positive
happy/im4393.png,positive
happy/im4396.png,positive
happy/im4397.png,positive
happy/im4398.png,positive
happy/im4399.png,positive
happy/im4400.png,positive
happy/im4400_1.png,positive
happy/im4401.png,positive
happy/im4402.png,positive
happy/im4404.png,positive
happy/im4405.png,positive
happy/im4406.png,positive
happy/im4407.png,positive
happy/im4408.png,positive
happy/im4410.png,positive
happy/im4411.png,positive
happy/im4412.png,positive
happy/im4413.png,positive
happy/im4414.png,positive
happy/im4415.png,positive
happy/im4416.png,positive
happy/im4417.png,positive
happy/im4418.png,positive
happy/im4419.png,positive
happy/im4419_1.png,positive
happy/im4420.png,positive
happy/im4421.png,positive
happy/im4422.png,positive
happy/im4423.png,positive
happy/im4424.png,positive
happy/im4425.png,positive
happy/im4426.png,positive
happy/im4426_1.png,positive
happy/im4427.png,positive
happy/im4427_1.png,positive
happy/im4428.png,positive
happy/im4429.png,positive
happy/im4430.png,positive
happy/im4431.png,positive
happy/im4432.png,positive
happy/im4433.png,positive
happy/im4434.png,positive
happy/im4435.png,positive
happy/im4436.png,positive
happy/im4437.png,positive
happy/im4438.png,positive
happy/im4439.png,positive
happy/im4443.png,positive
happy/im4444.png,positive
happy/im4445.png,positive
happy/im4448.png,positive
happy/im4449.png,positive
happy/im4450.png,positive
happy/im4451.png,positive
happy/im4452.png,positive
happy/im4453.png,positive
happy/im4453_1.png,positive
happy/im4454.png,positive
happy/im4457.png,positive
happy/im4458.png,positive
happy/im4459.png,positive
happy/im4460.png,positive
happy/im4461.png,positive
happy/im4462.png,positive
happy/im4463.png,positive
happy/im4464.png,positive
happy/im4465.png,positive
happy/im4466.png,positive
happy/im4468.png,positive
happy/im4469.png,positive
happy/im4470.png,positive
happy/im4471.png,positive
happy/im4473.png,positive
happy/im4474.png,positive
happy/im4475.png,positive
happy/im4476.png,positive
happy/im4476_1.png,positive
happy/im4477.png,positive
happy/im4479.png,positive
happy/im4480.png,positive
happy/im4481.png,positive
happy/im4484.png,positive
happy/im4485.png,positive
happy/im4486.png,positive
happy/im4487.png,positive
happy/im4488.png,positive
happy/im4489.png,positive
happy/im4490.png,positive
happy/im4491.png,positive
happy/im4492.png,positive
happy/im4493.png,positive
happy/im4494.png,positive
happy/im4495.png,positive
happy/im4496.png,positive
happy/im4497.png,positive
happy/im4498.png,positive
happy/im4499.png,positive
happy/im4500.png,positive
happy/im4501.png,positive
happy/im4502.png,positive
happy/im4503.png,positive
happy/im4504.png,positive
happy/im4505.png,positive
happy/im4506.png,positive
happy/im4508.png,positive
happy/im4509.png,positive
happy/im4510.png,positive
happy/im4512.png,positive
happy/im4513.png,positive
happy/im4514.png,positive
happy/im4515.png,positive
happy/im4516.png,positive
happy/im4517.png,positive
happy/im4518.png,positive
happy/im4519.png,positive
happy/im4520.png,positive
happy/im4521.png,positive
happy/im4522.png,positive
happy/im4523.png,positive
happy/im4524.png,positive
happy/im4525.png,positive
happy/im4526.png,positive
happy/im4527.png,positive
happy/im4528.png,positive
happy/im4529.png,positive
happy/im4530.png,positive
happy/im4530_1.png,positive
happy/im4531.png,positive
happy/im4532.png,positive
happy/im4535.png,positive
happy/im4536.png,positive
happy/im4537.png,positive
happy/im4539.png,positive
happy/im4540.png,positive
happy/im4541.png,positive
happy/im4543.png,positive
happy/im4544.png,positive
happy/im4545.png,positive
happy/im4546.png,positive
happy/im4547.png,positive
happy/im4548.png,positive
happy/im4549.png,positive
happy/im4550.png,positive
happy/im4552.png,positive
happy/im4553.png,positive
happy/im4554.png,positive
happy/im4555.png,positive
happy/im4556.png,positive
happy/im4557.png,positive
happy/im4559.png,positive
happy/im4561.png,positive
happy/im4562.png,positive
happy/im4563.png,positive
happy/im4565.png,positive
happy/im4565_1.png,positive
happy/im4566.png,positive
happy/im4567.png,positive
happy/im4568.png,positive
happy/im4569.png,positive
happy/im4569_1.png,positive
happy/im4570.png,positive
happy/im4571.png,positive
happy/im4572.png,positive
happy/im4573.png,positive
happy/im4574.png,positive
happy/im4575.png,positive
happy/im4576_1.png,positive
happy/im4577.png,positive
happy/im4578.png,positive
happy/im4579.png,positive
happy/im4580_1.png,positive
happy/im4581.png,positive
happy/im4582.png,positive
happy/im4583.png,positive
happy/im4584.png,positive
happy/im4585.png,positive
happy/im4588.png,positive
happy/im4589.png,positive
happy/im4590.png,positive
happy/im4591.png,positive
happy/im4592.png,positive
happy/im4595.png,positive
happy/im4596.png,positive
happy/im4596_1.png,positive
happy/im4597.png,positive
happy/im4598.png,positive
happy/im4599.png,positive
happy/im4600.png,positive
happy/im4601.png,positive
happy/im4602.png,positive
happy/im4604.png,positive
happy/im4606.png,positive
happy/im4608.png,positive
happy/im4609.png,positive
happy/im4610.png,positive
happy/im4610_1.png,positive
happy/im4611.png,positive
happy/im4612.png,positive
happy/im4614.png,positive
happy/im4615_1.png,positive
happy/im4616.png,positive
happy/im4617.png,positive
happy/im4618.png,positive
happy/im4619.png,positive
happy/im4620.png,positive
happy/im4621.png,positive
happy/im4622.png,positive
happy/im4623.png,positive
happy/im4625.png,positive
happy/im4626.png,positive
happy/im4627.png,positive
happy/im4629.png,positive
happy/im4630.png,positive
happy/im4631.png,positive
happy/im4632.png,positive
happy/im4633.png,positive
happy/im4635.png,positive
happy/im4636.png,positive
happy/im4637.png,positive
happy/im4638.png,positive
happy/im4639.png,positive
happy/im4640.png,positive
happy/im4641.png,positive
happy/im4642.png,positive
happy/im4643.png,positive
happy/im4644.png,positive
happy/im4645.png,positive
happy/im4646.png,positive
happy/im4647.png,positive
happy/im4648.png,positive
happy/im4650.png,positive
happy/im4651.png,positive
happy/im4654.png,positive
happy/im4655.png,positive
happy/im4656.png,positive
happy/im4657.png,positive
happy/im4659.png,positive
happy/im4659_1.png,positive
happy/im4660.png,positive
happy/im4661.png,positive
happy/im4662.png,positive
happy/im4663.png,positive
happy/im4664.png,positive
happy/im4665.png,positive
happy/im4666.png,positive
happy/im4667.png,positive
happy/im4668.png,positive
happy/im4669.png,positive
happy/im4670.png,positive
happy/im4671.png,positive
happy/im4672.png,positive
happy/im4674.png,positive
happy/im4676.png,positive
happy/im4677.png,positive
happy/im4679.png,positive
happy/im4681.png,positive
happy/im4681_1.png,positive
happy/im4682.png,positive
happy/im4683.png,positive
happy/im4683_1.png,positive
happy/im4684.png,positive
happy/im4685.png,positive
happy/im4685_1.png,positive
happy/im4686.png,positive
happy/im4687.png,positive
happy/im4688.png,positive
happy/im4691.png,positive
happy/im4692.png,positive
happy/im4693.png,positive
happy/im4694.png,positive
happy/im4695.png,positive
happy/im4696.png,positive
happy/im4697.png,positive
happy/im4698.png,positive
happy/im4699.png,positive
happy/im4700.png,positive
happy/im4701.png,positive
happy/im4701_1.png,positive
happy/im4702.png,positive
happy/im4703.png,positive
happy/im4704.png,positive
happy/im4705.png,positive
happy/im4706.png,positive
happy/im4707.png,positive
happy/im4709.png,positive
happy/im4709_1.png,positive
happy/im4711.png,positive
happy/im4712.png,positive
happy/im4713.png,positive
happy/im4713_1.png,positive
happy/im4714.png,positive
happy/im4717.png,positive
happy/im4718.png,positive
happy/im4719_1.png,positive
happy/im4720.png,positive
happy/im4721.png,positive
happy/im4722.png,positive
happy/im4723.png,positive
happy/im4724.png,positive
happy/im4726.png,positive
happy/im4727.png,positive
happy/im4729.png,positive
happy/im4730.png,positive
happy/im4731.png,positive
happy/im4732.png,positive
happy/im4733.png,positive
happy/im4734.png,positive
happy/im4734_1.png,positive
happy/im4735.png,positive
happy/im4736.png,positive
happy/im4739.png,positive
happy/im4740.png,positive
happy/im4741.png,positive
happy/im4743.png,positive
happy/im4745.png,positive
happy/im4745_1.png,positive
happy/im4746.png,positive
happy/im4747.png,positive
happy/im4750.png,positive
happy/im4753.png,positive
happy/im4754.png,positive
happy/im4755.png,positive
happy/im4756.png,positive
happy/im4756_1.png,positive
happy/im4759.png,positive
happy/im4760.png,positive
happy/im4761.png,positive
happy/im4762.png,positive
happy/im4763.png,positive
happy/im4764.png,positive
happy/im4765.png,positive
happy/im4766.png,positive
happy/im4767.png,positive
happy/im4768.png,positive
happy/im4770.png,positive
happy/im4771.png,positive
happy/im4772.png,positive
happy/im4773.png,positive
happy/im4774.png,positive
happy/im4775.png,positive
happy/im4776.png,positive
happy/im4777.png,positive
happy/im4778.png,positive
happy/im4779.png,positive
happy/im4780.png,positive
happy/im4781.png,positive
happy/im4783.png,positive
happy/im4784.png,positive
happy/im4785.png,positive
happy/im4786.png,positive
happy/im4788.png,positive
happy/im4789.png,positive
happy/im4790.png,positive
happy/im4791.png,positive
happy/im4792.png,positive
happy/im4793.png,positive
happy/im4794.png,positive
happy/im4795.png,positive
happy/im4796.png,positive
happy/im4797.png,positive
happy/im4798.png,positive
happy/im4799.png,positive
happy/im4802.png,positive
happy/im4803.png,positive
happy/im4804.png,positive
happy/im4805.png,positive
happy/im4806.png,positive
happy/im4807.png,positive
happy/im4808.png,positive
happy/im4810.png,positive
happy/im4811.png,positive
happy/im4813.png,positive
happy/im4816.png,positive
happy/im4819.png,positive
happy/im4820.png,positive
happy/im4821.png,positive
happy/im4822.png,positive
happy/im4823.png,positive
happy/im4824.png,positive
happy/im4826.png,positive
happy/im4826_1.png,positive
happy/im4827.png,positive
happy/im4828.png,positive
happy/im4828_1.png,positive
happy/im4829.png,positive
happy/im4830.png,positive
happy/im4831.png,positive
happy/im4832.png,positive
happy/im4833.png,positive
happy/im4834.png,positive
happy/im4834_1.png,positive
happy/im4836.png,positive
happy/im4837.png,positive
happy/im4840.png,positive
happy/im4840_1.png,positive
happy/im4841.png,positive
happy/im4842.png,positive
happy/im4843.png,positive
happy/im4844.png,positive
happy/im4845.png,positive
happy/im4846.png,positive
happy/im4847.png,positive
happy/im4848.png,positive
happy/im4849.png,positive
happy/im4851.png,positive
happy/im4852.png,positive
happy/im4853.png,positive
happy/im4854.png,positive
happy/im4855.png,positive
happy/im4856.png,positive
happy/im4857.png,positive
happy/im4858.png,positive
happy/im4859.png,positive
happy/im4860.png,positive
happy/im4862.png,positive
happy/im4863.png,positive
happy/im4864.png,positive
happy/im4865.png,positive
happy/im4866.png,positive
happy/im4867.png,positive
happy/im4868.png,positive
happy/im4869.png,positive
happy/im4871.png,positive
happy/im4872.png,positive
happy/im4873.png,positive
happy/im4875.png,positive
happy/im4876.png,positive
happy/im4878.png,positive
happy/im4879.png,positive
happy/im4880.png,positive
happy/im4882.png,positive
happy/im4883.png,positive
happy/im4884.png,positive
happy/im4885.png,positive
happy/im4886.png,positive
happy/im4886_1.png,positive
happy/im4887.png,positive
happy/im4888.png,positive
happy/im4889.png,positive
happy/im4890_1.png,positive
happy/im4891.png,positive
happy/im4892.png,positive
happy/im4893.png,positive
happy/im4895.png,positive
happy/im4896.png,positive
happy/im4897.png,positive
happy/im4898.png,positive
happy/im4899.png,positive
happy/im4900.png,positive
happy/im4901.png,positive
happy/im4902.png,positive
happy/im4903.png,positive
happy/im4904.png,positive
happy/im4905.png,positive
happy/im4906.png,positive
happy/im4907.png,positive
happy/im4908.png,positive
happy/im4909.png,positive
happy/im4911.png,positive
happy/im4912.png,positive
happy/im4913.png,positive
happy/im4914.png,positive
happy/im4915.png,positive
happy/im4916_1.png,positive
happy/im4918.png,positive
happy/im4919.png,positive
happy/im4920.png,positive
happy/im4921.png,positive
happy/im4922.png,positive
happy/im4923.png,positive
happy/im4925.png,positive
happy/im4926.png,positive
happy/im4928.png,positive
happy/im4929.png,positive
happy/im4930.png,positive
happy/im4931.png,positive
happy/im4932.png,positive
happy/im4933.png,positive
happy/im4935.png,positive
happy/im4936.png,positive
happy/im4937.png,positive
happy/im4938.png,positive
happy/im4940.png,positive
happy/im4941.png,positive
happy/im4942.png,positive
happy/im4944.png,positive
happy/im4945.png,positive
happy/im4945_1.png,positive
happy/im4946.png,positive
happy/im4947.png,positive
happy/im4948.png,positive
happy/im4949.png,positive
happy/im4950.png,positive
happy/im4951.png,positive
happy/im4952.png,positive
happy/im4953.png,positive
happy/im4957.png,positive
happy/im4958.png,positive
happy/im4959.png,positive
happy/im4960.png,positive
happy/im4961.png,positive
happy/im4962.png,positive
happy/im4963.png,positive
happy/im4964.png,positive
happy/im4965.png,positive
happy/im4968.png,positive
happy/im4969.png,positive
happy/im4970.png,positive
happy/im4972.png,positive
happy/im4973.png,positive
happy/im4974.png,positive
happy/im4975.png,positive
happy/im4976.png,positive
happy/im4978.png,positive
happy/im4979.png,positive
happy/im4981.png,positive
happy/im4982.png,positive
happy/im4983.png,positive
happy/im4984.png,positive
happy/im4985.png,positive
happy/im4986.png,positive
happy/im4987.png,positive
happy/im4988.png,positive
happy/im4990.png,positive
happy/im4991.png,positive
happy/im4993.png,positive
happy/im4995.png,positive
happy/im4996.png,positive
happy/im4997.png,positive
happy/im4999.png,positive
happy/im5000.png,positive
happy/im5002.png,positive
happy/im5003.png,positive
happy/im5004.png,positive
happy/im5005.png,positive
happy/im5006.png,positive
happy/im5007.png,positive
happy/im5008.png,positive
happy/im5009.png,positive
happy/im5010.png,positive
happy/im5014.png,positive
happy/im5015.png,positive
happy/im5018.png,positive
happy/im5019.png,positive
happy/im5020.png,positive
happy/im5021.png,positive
happy/im5022.png,positive
happy/im5023.png,positive
happy/im5025.png,positive
happy/im5026.png,positive
happy/im5027.png,positive
happy/im5028.png,positive
happy/im5029.png,positive
happy/im5030.png,positive
happy/im5031.png,positive
happy/im5032.png,positive
happy/im5033.png,positive
happy/im5034.png,positive
happy/im5035.png,positive
happy/im5036.png,positive
happy/im5037.png,positive
happy/im5039.png,positive
happy/im5040.png,positive
happy/im5041.png,positive
happy/im5042.png,positive
happy/im5043.png,positive
happy/im5044.png,positive
happy/im5046.png,positive
happy/im5047.png,positive
happy/im5048.png,positive
happy/im5050.png,positive
happy/im5051.png,positive
happy/im5052.png,positive
happy/im5053.png,positive
happy/im5054.png,positive
happy/im5055.png,positive
happy/im5056.png,positive
happy/im5057.png,positive
happy/im5058.png,positive
happy/im5059.png,positive
happy/im5061.png,positive
happy/im5062.png,positive
happy/im5063.png,positive
happy/im5064.png,positive
happy/im5066.png,positive
happy/im5067.png,positive
happy/im5068.png,positive
happy/im5069.png,positive
happy/im5070.png,positive
happy/im5071.png,positive
happy/im5072.png,positive
happy/im5073.png,positive
happy/im5074.png,positive
happy/im5075.png,positive
happy/im5076.png,positive
happy/im5077.png,positive
happy/im5078.png,positive
happy/im5080.png,positive
happy/im5081.png,positive
happy/im5082.png,positive
happy/im5083.png,positive
happy/im5084.png,positive
happy/im5085.png,positive
happy/im5086.png,positive
happy/im5087.png,positive
happy/im5088.png,positive
happy/im5091.png,positive
happy/im5092.png,positive
happy/im5093.png,positive
happy/im5094.png,positive
happy/im5096.png,positive
happy/im5097.png,positive
happy/im5099.png,positive
happy/im5100.png,positive
happy/im5101.png,positive
happy/im5102.png,positive
happy/im5104.png,positive
happy/im5105.png,positive
happy/im5106.png,positive
happy/im5107.png,positive
happy/im5108.png,positive
happy/im5109.png,positive
happy/im5110.png,positive
happy/im5111.png,positive
happy/im5113.png,positive
happy/im5114.png,positive
happy/im5115.png,positive
happy/im5116.png,positive
happy/im5117.png,positive
happy/im5119.png,positive
happy/im5120.png,positive
happy/im5121.png,positive
happy/im5122.png,positive
happy/im5123.png,positive
happy/im5124.png,positive
happy/im5125.png,positive
happy/im5126.png,positive
happy/im5128.png,positive
happy/im5129.png,positive
happy/im5130.png,positive
happy/im5131.png,positive
happy/im5132.png,positive
happy/im5134.png,positive
happy/im5135.png,positive
happy/im5136.png,positive
happy/im5137.png,positive
happy/im5138.png,positive
happy/im5140.png,positive
happy/im5141.png,positive
happy/im5143.png,positive
happy/im5144.png,positive
happy/im5145.png,positive
happy/im5146.png,positive
happy/im5148.png,positive
happy/im5149.png,positive
happy/im5150.png,positive
happy/im5151.png,positive
happy/im5154.png,positive
happy/im5155.png,positive
happy/im5156.png,positive
happy/im5157.png,positive
happy/im5158.png,positive
happy/im5159.png,positive
happy/im5160.png,positive
happy/im5161.png,positive
happy/im5162.png,positive
happy/im5163.png,positive
happy/im5164.png,positive
happy/im5165.png,positive
happy/im5166.png,positive
happy/im5168.png,positive
happy/im5169.png,positive
happy/im5170.png,positive
happy/im5173.png,positive
happy/im5174.png,positive
happy/im5175.png,positive
happy/im5176.png,positive
happy/im5178.png,positive
happy/im5179.png,positive
happy/im5180.png,positive
happy/im5181.png,positive
happy/im5183.png,positive
happy/im5184.png,positive
happy/im5185.png,positive
happy/im5186.png,positive
happy/im5187.png,positive
happy/im5188.png,positive
happy/im5189.png,positive
happy/im5192.png,positive
happy/im5193.png,positive
happy/im5194.png,positive
happy/im5195.png,positive
happy/im5196.png,positive
happy/im5197.png,positive
happy/im5198.png,positive
happy/im5199.png,positive
happy/im5200.png,positive
happy/im5201.png,positive
happy/im5202.png,positive
happy/im5203.png,positive
happy/im5204.png,positive
happy/im5208.png,positive
happy/im5209.png,positive
happy/im5210.png,positive
happy/im5211.png,positive
happy/im5212.png,positive
happy/im5213.png,positive
happy/im5214.png,positive
happy/im5215.png,positive
happy/im5216.png,positive
happy/im5217.png,positive
happy/im5218.png,positive
happy/im5219.png,positive
happy/im5220.png,positive
happy/im5221.png,positive
happy/im5223.png,positive
happy/im5224.png,positive
happy/im5225.png,positive
happy/im5227.png,positive
happy/im5228.png,positive
happy/im5229.png,positive
happy/im5230.png,positive
happy/im5231.png,positive
happy/im5232.png,positive
happy/im5233.png,positive
happy/im5234.png,positive
happy/im5236.png,positive
happy/im5237.png,positive
happy/im5238.png,positive
happy/im5239.png,positive
happy/im5241.png,positive
happy/im5242.png,positive
happy/im5243.png,positive
happy/im5244.png,positive
happy/im5245.png,positive
happy/im5246.png,positive
happy/im5247.png,positive
happy/im5248.png,positive
happy/im5249.png,positive
happy/im5250.png,positive
happy/im5251.png,positive
happy/im5252.png,positive
happy/im5254.png,positive
happy/im5255.png,positive
happy/im5256.png,positive
happy/im5257.png,positive
happy/im5258.png,positive
happy/im5259.png,positive
happy/im5260.png,positive
happy/im5261.png,positive
happy/im5262.png,positive
happy/im5263.png,positive
happy/im5264.png,positive
happy/im5266.png,positive
happy/im5269.png,positive
happy/im5270.png,positive
happy/im5272.png,positive
happy/im5273.png,positive
happy/im5274.png,positive
happy/im5275.png,positive
happy/im5276.png,positive
happy/im5277.png,positive
happy/im5278.png,positive
happy/im5279.png,positive
happy/im5280.png,positive
happy/im5281.png,positive
happy/im5282.png,positive
happy/im5284.png,positive
happy/im5285.png,positive
happy/im5286.png,positive
happy/im5288.png,positive
happy/im5289.png,positive
happy/im5290.png,positive
happy/im5291.png,positive
happy/im5292.png,positive
happy/im5293.png,positive
happy/im5294.png,positive
happy/im5295.png,positive
happy/im5296.png,positive
happy/im5297.png,positive
happy/im5299.png,positive
happy/im5300.png,positive
happy/im5301.png,positive
happy/im5302.png,positive
happy/im5304.png,positive
happy/im5305.png,positive
happy/im5306.png,positive
happy/im5307.png,positive
happy/im5308.png,positive
happy/im5309.png,positive
happy/im5310.png,positive
happy/im5312.png,positive
happy/im5313.png,positive
happy/im5314.png,positive
happy/im5315.png,positive
happy/im5316.png,positive
happy/im5317.png,positive
happy/im5318.png,positive
happy/im5319.png,positive
happy/im5321.png,positive
happy/im5322.png,positive
happy/im5323.png,positive
happy/im5325.png,positive
happy/im5326.png,positive
happy/im5327.png,positive
happy/im5328.png,positive
happy/im5330.png,positive
happy/im5331.png,positive
happy/im5332.png,positive
happy/im5333.png,positive
happy/im5334.png,positive
happy/im5336.png,positive
happy/im5339.png,positive
happy/im5340.png,positive
happy/im5341.png,positive
happy/im5342.png,positive
happy/im5343.png,positive
happy/im5344.png,positive
happy/im5346.png,positive
happy/im5348.png,positive
happy/im5349.png,positive
happy/im5350.png,positive
happy/im5351.png,positive
happy/im5352.png,positive
happy/im5353.png,positive
happy/im5355.png,positive
happy/im5356.png,positive
happy/im5357.png,positive
happy/im5358.png,positive
happy/im5359.png,positive
happy/im5360.png,positive
happy/im5361.png,positive
happy/im5362.png,positive
happy/im5363.png,positive
happy/im5364.png,positive
happy/im5365.png,positive
happy/im5366.png,positive
happy/im5367.png,positive
happy/im5368.png,positive
happy/im5369.png,positive
happy/im5371.png,positive
happy/im5372.png,positive
happy/im5373.png,positive
happy/im5374.png,positive
happy/im5375.png,positive
happy/im5376.png,positive
happy/im5377.png,positive
happy/im5379.png,positive
happy/im5380.png,positive
happy/im5381.png,positive
happy/im5382.png,positive
happy/im5384.png,positive
happy/im5385.png,positive
happy/im5386.png,positive
happy/im5387.png,positive
happy/im5389.png,positive
happy/im5390.png,positive
happy/im5391.png,positive
happy/im5392.png,positive
happy/im5393.png,positive
happy/im5395.png,positive
happy/im5396.png,positive
happy/im5397.png,positive
happy/im5398.png,positive
happy/im5399.png,positive
happy/im5400.png,positive
happy/im5401.png,positive
happy/im5402.png,positive
happy/im5403.png,positive
happy/im5404.png,positive
happy/im5405.png,positive
happy/im5406.png,positive
happy/im5408.png,positive
happy/im5409.png,positive
happy/im5410.png,positive
happy/im5412.png,positive
happy/im5414.png,positive
happy/im5415.png,positive
happy/im5416.png,positive
happy/im5417.png,positive
happy/im5418.png,positive
happy/im5419.png,positive
happy/im5420.png,positive
happy/im5421.png,positive
happy/im5422.png,positive
happy/im5424.png,positive
happy/im5425.png,positive
happy/im5426.png,positive
happy/im5427.png,positive
happy/im5428.png,positive
happy/im5429.png,positive
happy/im5430.png,positive
happy/im5432.png,positive
happy/im5433.png,positive
happy/im5434.png,positive
happy/im5435.png,positive
happy/im5436.png,positive
happy/im5437.png,positive
happy/im5438.png,positive
happy/im5439.png,positive
happy/im5440.png,positive
happy/im5441.png,positive
happy/im5442.png,positive
happy/im5444.png,positive
happy/im5445.png,positive
happy/im5446.png,positive
happy/im5447.png,positive
happy/im5448.png,positive
happy/im5449.png,positive
happy/im5450.png,positive
happy/im5451.png,positive
happy/im5452.png,positive
happy/im5453.png,positive
happy/im5454.png,positive
happy/im5455.png,positive
happy/im5456.png,positive
happy/im5458.png,positive
happy/im5460.png,positive
happy/im5461.png,positive
happy/im5462.png,positive
happy/im5463.png,positive
happy/im5464.png,positive
happy/im5465.png,positive
happy/im5466.png,positive
happy/im5467.png,positive
happy/im5468.png,positive
happy/im5469.png,positive
happy/im5470.png,positive
happy/im5471.png,positive
happy/im5472.png,positive
happy/im5473.png,positive
happy/im5474.png,positive
happy/im5475.png,positive
happy/im5476.png,positive
happy/im5477.png,positive
happy/im5478.png,positive
happy/im5479.png,positive
happy/im5480.png,positive
happy/im5481.png,positive
happy/im5483.png,positive
happy/im5484.png,positive
happy/im5485.png,positive
happy/im5487.png,positive
happy/im5489.png,positive
happy/im5490.png,positive
happy/im5491.png,positive
happy/im5492.png,positive
happy/im5493.png,positive
happy/im5495.png,positive
happy/im5496.png,positive
happy/im5498.png,positive
happy/im5499.png,positive
happy/im5500.png,positive
happy/im5503.png,positive
happy/im5504.png,positive
happy/im5505.png,positive
happy/im5506.png,positive
happy/im5507.png,positive
happy/im5508.png,positive
happy/im5509.png,positive
happy/im5510.png,positive
happy/im5511.png,positive
happy/im5512.png,positive
happy/im5513.png,positive
happy/im5514.png,positive
happy/im5515.png,positive
happy/im5516.png,positive
happy/im5517.png,positive
happy/im5519.png,positive
happy/im5520.png,positive
happy/im5521.png,positive
happy/im5522.png,positive
happy/im5523.png,positive
happy/im5524.png,positive
happy/im5525.png,positive
happy/im5526.png,positive
happy/im5527.png,positive
happy/im5529.png,positive
happy/im5530.png,positive
happy/im5533.png,positive
happy/im5534.png,positive
happy/im5536_1.png,positive
happy/im5537.png,positive
happy/im5539.png,positive
happy/im5540.png,positive
happy/im5541.png,positive
happy/im5542.png,positive
happy/im5543.png,positive
happy/im5544.png,positive
happy/im5546.png,positive
happy/im5547.png,positive
happy/im5548.png,positive
happy/im5549.png,positive
happy/im5551.png,positive
happy/im5552.png,positive
happy/im5553.png,positive
happy/im5554.png,positive
happy/im5555.png,positive
happy/im5556.png,positive
happy/im5557.png,positive
happy/im5558.png,positive
happy/im5559.png,positive
happy/im5560.png,positive
happy/im5561.png,positive
happy/im5562.png,positive
happy/im5565.png,positive
happy/im5566.png,positive
happy/im5567.png,positive
happy/im5568.png,positive
happy/im5569.png,positive
happy/im5570.png,positive
happy/im5571.png,positive
happy/im5573.png,positive
happy/im5574.png,positive
happy/im5575.png,positive
happy/im5576.png,positive
happy/im5577.png,positive
happy/im5578.png,positive
happy/im5580.png,positive
happy/im5581.png,positive
happy/im5582.png,positive
happy/im5585.png,positive
happy/im5586.png,positive
happy/im5587.png,positive
happy/im5588.png,positive
happy/im5589.png,positive
happy/im5590.png,positive
happy/im5592.png,positive
happy/im5594.png,positive
happy/im5596.png,positive
happy/im5598.png,positive
happy/im5599.png,positive
happy/im5600.png,positive
happy/im5601.png,positive
happy/im5602.png,positive
happy/im5603.png,positive
happy/im5604.png,positive
happy/im5605.png,positive
happy/im5607.png,positive
happy/im5609.png,positive
happy/im5611.png,positive
happy/im5612.png,positive
happy/im5613.png,positive
happy/im5615.png,positive
happy/im5616.png,positive
happy/im5617.png,positive
happy/im5618.png,positive
happy/im5619.png,positive
happy/im5620.png,positive
happy/im5621.png,positive
happy/im5622.png,positive
happy/im5623.png,positive
happy/im5624.png,positive
happy/im5625.png,positive
happy/im5626.png,positive
happy/im5627.png,positive
happy/im5628.png,positive
happy/im5629.png,positive
happy/im5630.png,positive
happy/im5631.png,positive
happy/im5632.png,positive
happy/im5633.png,positive
happy/im5635.png,positive
happy/im5638.png,positive
happy/im5640.png,positive
happy/im5641.png,positive
happy/im5642.png,positive
happy/im5643.png,positive
happy/im5644.png,positive
happy/im5645.png,positive
happy/im5646.png,positive
happy/im5647.png,positive
happy/im5648.png,positive
happy/im5649.png,positive
happy/im5650.png,positive
happy/im5651.png,positive
happy/im5652.png,positive
happy/im5653.png,positive
happy/im5654.png,positive
happy/im5655.png,positive
happy/im5656.png,positive
happy/im5658.png,positive
happy/im5659.png,positive
happy/im5660.png,positive
happy/im5661.png,positive
happy/im5662.png,positive
happy/im5663.png,positive
happy/im5666.png,positive
happy/im5667.png,positive
happy/im5669.png,positive
happy/im5670.png,positive
happy/im5672.png,positive
happy/im5673.png,positive
happy/im5674.png,positive
happy/im5676.png,positive
happy/im5677.png,positive
happy/im5678.png,positive
happy/im5679.png,positive
happy/im5680.png,positive
happy/im5681.png,positive
happy/im5682.png,positive
happy/im5683.png,positive
happy/im5684.png,positive
happy/im5685.png,positive
happy/im5686.png,positive
happy/im5688.png,positive
happy/im5689.png,positive
happy/im5690.png,positive
happy/im5692.png,positive
happy/im5693.png,positive
happy/im5694.png,positive
happy/im5695.png,positive
happy/im5696.png,positive
happy/im5697.png,positive
happy/im5698.png,positive
happy/im5699.png,positive
happy/im5700.png,positive
happy/im5701.png,positive
happy/im5702.png,positive
happy/im5703.png,positive
happy/im5704.png,positive
happy/im5705.png,positive
happy/im5708.png,positive
happy/im5710.png,positive
happy/im5711.png,positive
happy/im5712.png,positive
happy/im5714.png,positive
happy/im5716.png,positive
happy/im5717.png,positive
happy/im5718.png,positive
happy/im5719.png,positive
happy/im5720.png,positive
happy/im5721.png,positive
happy/im5722.png,positive
happy/im5723.png,positive
happy/im5724.png,positive
happy/im5725.png,positive
happy/im5726.png,positive
happy/im5727.png,positive
happy/im5728.png,positive
happy/im5729.png,positive
happy/im5730.png,positive
happy/im5731.png,positive
happy/im5732.png,positive
happy/im5733.png,positive
happy/im5734.png,positive
happy/im5735.png,positive
happy/im5737.png,positive
happy/im5741.png,positive
happy/im5742.png,positive
happy/im5743.png,positive
happy/im5744.png,positive
happy/im5745.png,positive
happy/im5746.png,positive
happy/im5747.png,positive
happy/im5748.png,positive
happy/im5749.png,positive
happy/im5750.png,positive
happy/im5751.png,positive
happy/im5754.png,positive
happy/im5755.png,positive
happy/im5756.png,positive
happy/im5757.png,positive
happy/im5758.png,positive
happy/im5759.png,positive
happy/im5761.png,positive
happy/im5762.png,positive
happy/im5764.png,positive
happy/im5765.png,positive
happy/im5766.png,positive
happy/im5769.png,positive
happy/im5770.png,positive
happy/im5771.png,positive
happy/im5773.png,positive
happy/im5774.png,positive
happy/im5775.png,positive
happy/im5776.png,positive
happy/im5777.png,positive
happy/im5778.png,positive
happy/im5779.png,positive
happy/im5780.png,positive
happy/im5781.png,positive
happy/im5782.png,positive
happy/im5784.png,positive
happy/im5785.png,positive
happy/im5786.png,positive
happy/im5789.png,positive
happy/im5790.png,positive
happy/im5792.png,positive
happy/im5793.png,positive
happy/im5794.png,positive
happy/im5795.png,positive
happy/im5796.png,positive
happy/im5797.png,positive
happy/im5798.png,positive
happy/im5800.png,positive
happy/im5801.png,positive
happy/im5802.png,positive
happy/im5803.png,positive
happy/im5806.png,positive
happy/im5807.png,positive
happy/im5808.png,positive
happy/im5809.png,positive
happy/im5810.png,positive
happy/im5811.png,positive
happy/im5812.png,positive
happy/im5813.png,positive
happy/im5814.png,positive
happy/im5815.png,positive
happy/im5816.png,positive
happy/im5817.png,positive
happy/im5818.png,positive
happy/im5819.png,positive
happy/im5820.png,positive
happy/im5821.png,positive
happy/im5822.png,positive
happy/im5823.png,positive
happy/im5824.png,positive
happy/im5825.png,positive
happy/im5827.png,positive
happy/im5828.png,positive
happy/im5829.png,positive
happy/im5830.png,positive
happy/im5831.png,positive
happy/im5833.png,positive
happy/im5834.png,positive
happy/im5835.png,positive
happy/im5836.png,positive
happy/im5837.png,positive
happy/im5838.png,positive
happy/im5839.png,positive
happy/im5840.png,positive
happy/im5844.png,positive
happy/im5846.png,positive
happy/im5847.png,positive
happy/im5848.png,positive
happy/im5849.png,positive
happy/im5850.png,positive
happy/im5851.png,positive
happy/im5852.png,positive
happy/im5853.png,positive
happy/im5854.png,positive
happy/im5855.png,positive
happy/im5857.png,positive
happy/im5858.png,positive
happy/im5860.png,positive
happy/im5861.png,positive
happy/im5863.png,positive
happy/im5864.png,positive
happy/im5865.png,positive
happy/im5866.png,positive
happy/im5867.png,positive
happy/im5869.png,positive
happy/im5871.png,positive
happy/im5872.png,positive
happy/im5874.png,positive
happy/im5875.png,positive
happy/im5876.png,positive
happy/im5877.png,positive
happy/im5878.png,positive
happy/im5879.png,positive
happy/im5880.png,positive
happy/im5882.png,positive
happy/im5883.png,positive
happy/im5884.png,positive
happy/im5885.png,positive
happy/im5886.png,positive
happy/im5887.png,positive
happy/im5889.png,positive
happy/im5890.png,positive
happy/im5891.png,positive
happy/im5892.png,positive
happy/im5893.png,positive
happy/im5895.png,positive
happy/im5896.png,positive
happy/im5897.png,positive
happy/im5898.png,positive
happy/im5899.png,positive
happy/im5901.png,positive
happy/im5902.png,positive
happy/im5904.png,positive
happy/im5905.png,positive
happy/im5906.png,positive
happy/im5908.png,positive
happy/im5909.png,positive
happy/im5910.png,positive
happy/im5911.png,positive
happy/im5912.png,positive
happy/im5913.png,positive
happy/im5914.png,positive
happy/im5915.png,positive
happy/im5916.png,positive
happy/im5917.png,positive
happy/im5918.png,positive
happy/im5919.png,positive
happy/im5920.png,positive
happy/im5921.png,positive
happy/im5923.png,positive
happy/im5924.png,positive
happy/im5926.png,positive
happy/im5927.png,positive
happy/im5928.png,positive
happy/im5930.png,positive
happy/im5931.png,positive
happy/im5932.png,positive
happy/im5934.png,positive
happy/im5935.png,positive
happy/im5937.png,positive
happy/im5939.png,positive
happy/im5940.png,positive
happy/im5941.png,positive
happy/im5943.png,positive
happy/im5944.png,positive
happy/im5946.png,positive
happy/im5947.png,positive
happy/im5948.png,positive
happy/im5949.png,positive
happy/im5950.png,positive
happy/im5952.png,positive
happy/im5953.png,positive
happy/im5954.png,positive
happy/im5955.png,positive
happy/im5956.png,positive
happy/im5957.png,positive
happy/im5958.png,positive
happy/im5959.png,positive
happy/im5960.png,positive
happy/im5961.png,positive
happy/im5962.png,positive
happy/im5963.png,positive
happy/im5964.png,positive
happy/im5965.png,positive
happy/im5966.png,positive
happy/im5967.png,positive
happy/im5969.png,positive
happy/im5970.png,positive
happy/im5971.png,positive
happy/im5972.png,positive
happy/im5973.png,positive
happy/im5974.png,positive
happy/im5975.png,positive
happy/im5976.png,positive
happy/im5977.png,positive
happy/im5978.png,positive
happy/im5979.png,positive
happy/im5981.png,positive
happy/im5982.png,positive
happy/im5983.png,positive
happy/im5984.png,positive
happy/im5985.png,positive
happy/im5986.png,positive
happy/im5987.png,positive
happy/im5988.png,positive
happy/im5989.png,positive
happy/im5990.png,positive
happy/im5991.png,positive
happy/im5992.png,positive
happy/im5993.png,positive
happy/im5994.png,positive
happy/im5995.png,positive
happy/im5998.png,positive
happy/im5999.png,positive
happy/im6001.png,positive
happy/im6003.png,positive
happy/im6004.png,positive
happy/im6006.png,positive
happy/im6008.png,positive
happy/im6009.png,positive
happy/im6010.png,positive
happy/im6011.png,positive
happy/im6012.png,positive
happy/im6013.png,positive
happy/im6014.png,positive
happy/im6015.png,positive
happy/im6016.png,positive
happy/im6018.png,positive
happy/im6019.png,positive
happy/im6020.png,positive
happy/im6021.png,positive
happy/im6022.png,positive
happy/im6023.png,positive
happy/im6024.png,positive
happy/im6026.png,positive
happy/im6027.png,positive
happy/im6028.png,positive
happy/im6029.png,positive
happy/im6030.png,positive
happy/im6031.png,positive
happy/im6032.png,positive
happy/im6034.png,positive
happy/im6036.png,positive
happy/im6037.png,positive
happy/im6038.png,positive
happy/im6039.png,positive
happy/im6040.png,positive
happy/im6041.png,positive
happy/im6043.png,positive
happy/im6044.png,positive
happy/im6045.png,positive
happy/im6046.png,positive
happy/im6048.png,positive
happy/im6050.png,positive
happy/im6051.png,positive
happy/im6052.png,positive
happy/im6053.png,positive
happy/im6054.png,positive
happy/im6055.png,positive
happy/im6056.png,positive
happy/im6057.png,positive
happy/im6058.png,positive
happy/im6059.png,positive
happy/im6060.png,positive
happy/im6061.png,positive
happy/im6063.png,positive
happy/im6064.png,positive
happy/im6065.png,positive
happy/im6066.png,positive
happy/im6067.png,positive
happy/im6069.png,positive
happy/im6070.png,positive
happy/im6071.png,positive
happy/im6072.png,positive
happy/im6073.png,positive
happy/im6074.png,positive
happy/im6075.png,positive
happy/im6076.png,positive
happy/im6077.png,positive
happy/im6078.png,positive
happy/im6079.png,positive
happy/im6080.png,positive
happy/im6081.png,positive
happy/im6082.png,positive
happy/im6083.png,positive
happy/im6084.png,positive
happy/im6085.png,positive
happy/im6086.png,positive
happy/im6088.png,positive
happy/im6089.png,positive
happy/im6090.png,positive
happy/im6091.png,positive
happy/im6092.png,positive
happy/im6093.png,positive
happy/im6094.png,positive
happy/im6098.png,positive
happy/im6100.png,positive
happy/im6101.png,positive
happy/im6102.png,positive
happy/im6103.png,positive
happy/im6104.png,positive
happy/im6106.png,positive
happy/im6107.png,positive
happy/im6108.png,positive
happy/im6110.png,positive
happy/im6111.png,positive
happy/im6112.png,positive
happy/im6113.png,positive
happy/im6115.png,positive
happy/im6116.png,positive
happy/im6117.png,positive
happy/im6118.png,positive
happy/im6119.png,positive
happy/im6120.png,positive
happy/im6121.png,positive
happy/im6122.png,positive
happy/im6123.png,positive
happy/im6125.png,positive
happy/im6126.png,positive
happy/im6129.png,positive
happy/im6130.png,positive
happy/im6131.png,positive
happy/im6132.png,positive
happy/im6133.png,positive
happy/im6134.png,positive
happy/im6135.png,positive
happy/im6136.png,positive
happy/im6137.png,positive
happy/im6138.png,positive
happy/im6139.png,positive
happy/im6142.png,positive
happy/im6143.png,positive
happy/im6145.png,positive
happy/im6146.png,positive
happy/im6147.png,positive
happy/im6148.png,positive
happy/im6149.png,positive
happy/im6150.png,positive
happy/im6152.png,positive
happy/im6156.png,positive
happy/im6157.png,positive
happy/im6158.png,positive
happy/im6159.png,positive
happy/im6160.png,positive
happy/im6161.png,positive
happy/im6162.png,positive
happy/im6163.png,positive
happy/im6164.png,positive
happy/im6166.png,positive
happy/im6167.png,positive
happy/im6168.png,positive
happy/im6169.png,positive
happy/im6170.png,positive
happy/im6171.png,positive
happy/im6172.png,positive
happy/im6173.png,positive
happy/im6174.png,positive
happy/im6175.png,positive
happy/im6176.png,positive
happy/im6177.png,positive
happy/im6178.png,positive
happy/im6179.png,positive
happy/im6180.png,positive
happy/im6181.png,positive
happy/im6182.png,positive
happy/im6183.png,positive
happy/im6184.png,positive
happy/im6185.png,positive
happy/im6186.png,positive
happy/im6189.png,positive
happy/im6190.png,positive
happy/im6191.png,positive
happy/im6192.png,positive
happy/im6193.png,positive
happy/im6194.png,positive
happy/im6195.png,positive
happy/im6196.png,positive
happy/im6197.png,positive
happy/im6198.png,positive
happy/im6199.png,positive
happy/im6200.png,positive
happy/im6201.png,positive
happy/im6202.png,positive
happy/im6203.png,positive
happy/im6204.png,positive
happy/im6206.png,positive
happy/im6207.png,positive
happy/im6208.png,positive
happy/im6209.png,positive
happy/im6210.png,positive
happy/im6211.png,positive
happy/im6212.png,positive
happy/im6215.png,positive
happy/im6216.png,positive
happy/im6217.png,positive
happy/im6218.png,positive
happy/im6219.png,positive
happy/im6220.png,positive
happy/im6221.png,positive
happy/im6222.png,positive
happy/im6223.png,positive
happy/im6225.png,positive
happy/im6227.png,positive
happy/im6228.png,positive
happy/im6231.png,positive
happy/im6233.png,positive
happy/im6234.png,positive
happy/im6236.png,positive
happy/im6237.png,positive
happy/im6240.png,positive
happy/im6241.png,positive
happy/im6242.png,positive
happy/im6246.png,positive
happy/im6247.png,positive
happy/im6248.png,positive
happy/im6251.png,positive
happy/im6252.png,positive
happy/im6254.png,positive
happy/im6256.png,positive
happy/im6257.png,positive
happy/im6258.png,positive
happy/im6259.png,positive
happy/im6260.png,positive
happy/im6262.png,positive
happy/im6263.png,positive
happy/im6264.png,positive
happy/im6265.png,positive
happy/im6267.png,positive
happy/im6268.png,positive
happy/im6269.png,positive
happy/im6271.png,positive
happy/im6273.png,positive
happy/im6274.png,positive
happy/im6275.png,positive
happy/im6276.png,positive
happy/im6277.png,positive
happy/im6278.png,positive
happy/im6281.png,positive
happy/im6282.png,positive
happy/im6283.png,positive
happy/im6284.png,positive
happy/im6285.png,positive
happy/im6286.png,positive
happy/im6287.png,positive
happy/im6288.png,positive
happy/im6289.png,positive
happy/im6290.png,positive
happy/im6291.png,positive
happy/im6292.png,positive
happy/im6293.png,positive
happy/im6294.png,positive
happy/im6295.png,positive
happy/im6296.png,positive
happy/im6299.png,positive
happy/im6300.png,positive
happy/im6301.png,positive
happy/im6302.png,positive
happy/im6303.png,positive
happy/im6304.png,positive
happy/im6305.png,positive
happy/im6306.png,positive
happy/im6307.png,positive
happy/im6308.png,positive
happy/im6309.png,positive
happy/im6311.png,positive
happy/im6312.png,positive
happy/im6313.png,positive
happy/im6314.png,positive
happy/im6315.png,positive
happy/im6317.png,positive
happy/im6318.png,positive
happy/im6319.png,positive
happy/im6321.png,positive
happy/im6322.png,positive
happy/im6323.png,positive
happy/im6327.png,positive
happy/im6329.png,positive
happy/im6330.png,positive
happy/im6331.png,positive
happy/im6332.png,positive
happy/im6333.png,positive
happy/im6334.png,positive
happy/im6335.png,positive
happy/im6336.png,positive
happy/im6337.png,positive
happy/im6338.png,positive
happy/im6339.png,positive
happy/im6340.png,positive
happy/im6341.png,positive
happy/im6342.png,positive
happy/im6343.png,positive
happy/im6344.png,positive
happy/im6345.png,positive
happy/im6346.png,positive
happy/im6347.png,positive
happy/im6348.png,positive
happy/im6349.png,positive
happy/im6350.png,positive
happy/im6352.png,positive
happy/im6353.png,positive
happy/im6354.png,positive
happy/im6356.png,positive
happy/im6358.png,positive
happy/im6359.png,positive
happy/im6360.png,positive
happy/im6362.png,positive
happy/im6363.png,positive
happy/im6364.png,positive
happy/im6365.png,positive
happy/im6366.png,positive
happy/im6367.png,positive
happy/im6368.png,positive
happy/im6369.png,positive
happy/im6370.png,positive
happy/im6371.png,positive
happy/im6372.png,positive
happy/im6373.png,positive
happy/im6375.png,positive
happy/im6376.png,positive
happy/im6377.png,positive
happy/im6378.png,positive
happy/im6379.png,positive
happy/im6380.png,positive
happy/im6381.png,positive
happy/im6383.png,positive
happy/im6384.png,positive
happy/im6385.png,positive
happy/im6386.png,positive
happy/im6388.png,positive
happy/im6390.png,positive
happy/im6392.png,positive
happy/im6393.png,positive
happy/im6394.png,positive
happy/im6395.png,positive
happy/im6396.png,positive
happy/im6397.png,positive
happy/im6398.png,positive
happy/im6399.png,positive
happy/im6400.png,positive
happy/im6402.png,positive
happy/im6403.png,positive
happy/im6404.png,positive
happy/im6406.png,positive
happy/im6407.png,positive
happy/im6408.png,positive
happy/im6409.png,positive
happy/im6410.png,positive
happy/im6411.png,positive
happy/im6412.png,positive
happy/im6413.png,positive
happy/im6414.png,positive
happy/im6415.png,positive
happy/im6416.png,positive
happy/im6417.png,positive
happy/im6419.png,positive
happy/im6420.png,positive
happy/im6421.png,positive
happy/im6422.png,positive
happy/im6423.png,positive
happy/im6425.png,positive
happy/im6426.png,positive
happy/im6427.png,positive
happy/im6428.png,positive
happy/im6429.png,positive
happy/im6430.png,positive
happy/im6431.png,positive
happy/im6432.png,positive
happy/im6433.png,positive
happy/im6434.png,positive
happy/im6435.png,positive
happy/im6436.png,positive
happy/im6437.png,positive
happy/im6438.png,positive
happy/im6439.png,positive
happy/im6440.png,positive
happy/im6442.png,positive
happy/im6443.png,positive
happy/im6446.png,positive
happy/im6447.png,positive
happy/im6448.png,positive
happy/im6449.png,positive
happy/im6450.png,positive
happy/im6451.png,positive
happy/im6452.png,positive
happy/im6453.png,positive
happy/im6455.png,positive
happy/im6457.png,positive
happy/im6458.png,positive
happy/im6459.png,positive
happy/im6460.png,positive
happy/im6461.png,positive
happy/im6462.png,positive
happy/im6463.png,positive
happy/im6464.png,positive
happy/im6465.png,positive
happy/im6466.png,positive
happy/im6470.png,positive
happy/im6471.png,positive
happy/im6472.png,positive
happy/im6473.png,positive
happy/im6474.png,positive
happy/im6475.png,positive
happy/im6476.png,positive
happy/im6477.png,positive
happy/im6478.png,positive
happy/im6479.png,positive
happy/im6480.png,positive
happy/im6481.png,positive
happy/im6483.png,positive
happy/im6484.png,positive
happy/im6485.png,positive
happy/im6486.png,positive
happy/im6487.png,positive
happy/im6488.png,positive
happy/im6489.png,positive
happy/im6490.png,positive
happy/im6491.png,positive
happy/im6492.png,positive
happy/im6493.png,positive
happy/im6494.png,positive
happy/im6495.png,positive
happy/im6496.png,positive
happy/im6497.png,positive
happy/im6498.png,positive
happy/im6499.png,positive
happy/im6500.png,positive
happy/im6501.png,positive
happy/im6502.png,positive
happy/im6503.png,positive
happy/im6504.png,positive
happy/im6505.png,positive
happy/im6506.png,positive
happy/im6507.png,positive
happy/im6508.png,positive
happy/im6510.png,positive
happy/im6511.png,positive
happy/im6512.png,positive
happy/im6513.png,positive
happy/im6514.png,positive
happy/im6517.png,positive
happy/im6518.png,positive
happy/im6520.png,positive
happy/im6521.png,positive
happy/im6522.png,positive
happy/im6524.png,positive
happy/im6525.png,positive
happy/im6526.png,positive
happy/im6527.png,positive
happy/im6528.png,positive
happy/im6530.png,positive
happy/im6532.png,positive
happy/im6533.png,positive
happy/im6534.png,positive
happy/im6535.png,positive
happy/im6536.png,positive
happy/im6537.png,positive
happy/im6538.png,positive
happy/im6539.png,positive
happy/im6540.png,positive
happy/im6541.png,positive
happy/im6542.png,positive
happy/im6543.png,positive
happy/im6544.png,positive
happy/im6545.png,positive
happy/im6546.png,positive
happy/im6547.png,positive
happy/im6549.png,positive
happy/im6551.png,positive
happy/im6552.png,positive
happy/im6554.png,positive
happy/im6555.png,positive
happy/im6558.png,positive
happy/im6559.png,positive
happy/im6560.png,positive
happy/im6561.png,positive
happy/im6562.png,positive
happy/im6563.png,positive
happy/im6565.png,positive
happy/im6566.png,positive
happy/im6567.png,positive
happy/im6568.png,positive
happy/im6569.png,positive
happy/im6570.png,positive
happy/im6573.png,positive
happy/im6574.png,positive
happy/im6575.png,positive
happy/im6576.png,positive
happy/im6577.png,positive
happy/im6578.png,positive
happy/im6579.png,positive
happy/im6580.png,positive
happy/im6581.png,positive
happy/im6582.png,positive
happy/im6583.png,positive
happy/im6584.png,positive
happy/im6585.png,positive
happy/im6587.png,positive
happy/im6588.png,positive
happy/im6589.png,positive
happy/im6590.png,positive
happy/im6591.png,positive
happy/im6593.png,positive
happy/im6594.png,positive
happy/im6595.png,positive
happy/im6596.png,positive
happy/im6597.png,positive
happy/im6598.png,positive
happy/im6599.png,positive
happy/im6600.png,positive
happy/im6601.png,positive
happy/im6602.png,positive
happy/im6603.png,positive
happy/im6604.png,positive
happy/im6605.png,positive
happy/im6606.png,positive
happy/im6607.png,positive
happy/im6608.png,positive
happy/im6609.png,positive
happy/im6611.png,positive
happy/im6612.png,positive
happy/im6613.png,positive
happy/im6614.png,positive
happy/im6617.png,positive
happy/im6618.png,positive
happy/im6619.png,positive
happy/im6620.png,positive
happy/im6621.png,positive
happy/im6622.png,positive
happy/im6623.png,positive
happy/im6624.png,positive
happy/im6625.png,positive
happy/im6626.png,positive
happy/im6628.png,positive
happy/im6629.png,positive
happy/im6630.png,positive
happy/im6632.png,positive
happy/im6633.png,positive
happy/im6634.png,positive
happy/im6635.png,positive
happy/im6637.png,positive
happy/im6638.png,positive
happy/im6639.png,positive
happy/im6640.png,positive
happy/im6641.png,positive
happy/im6642.png,positive
happy/im6644.png,positive
happy/im6645.png,positive
happy/im6646.png,positive
happy/im6648.png,positive
happy/im6649.png,positive
happy/im6650.png,positive
happy/im6651.png,positive
happy/im6652.png,positive
happy/im6653.png,positive
happy/im6654.png,positive
happy/im6655.png,positive
happy/im6656.png,positive
happy/im6657.png,positive
happy/im6658.png,positive
happy/im6659.png,positive
happy/im6660.png,positive
happy/im6661.png,positive
happy/im6662.png,positive
happy/im6665.png,positive
happy/im6666.png,positive
happy/im6667.png,positive
happy/im6668.png,positive
happy/im6669.png,positive
happy/im6670.png,positive
happy/im6671.png,positive
happy/im6672.png,positive
happy/im6673.png,positive
happy/im6674.png,positive
happy/im6675.png,positive
happy/im6676.png,positive
happy/im6678.png,positive
happy/im6679.png,positive
happy/im6681.png,positive
happy/im6682.png,positive
happy/im6683.png,positive
happy/im6685.png,positive
happy/im6686.png,positive
happy/im6688.png,positive
happy/im6689.png,positive
happy/im6690.png,positive
happy/im6691.png,positive
happy/im6692.png,positive
happy/im6693.png,positive
happy/im6694.png,positive
happy/im6696.png,positive
happy/im6697.png,positive
happy/im6698.png,positive
happy/im6699.png,positive
happy/im6701.png,positive
happy/im6702.png,positive
happy/im6703.png,positive
happy/im6705.png,positive
happy/im6706.png,positive
happy/im6707.png,positive
happy/im6709.png,positive
happy/im6710.png,positive
happy/im6711.png,positive
happy/im6712.png,positive
happy/im6713.png,positive
happy/im6714.png,positive
happy/im6715.png,positive
happy/im6718.png,positive
happy/im6719.png,positive
happy/im6720.png,positive
happy/im6721.png,positive
happy/im6723.png,positive
happy/im6726.png,positive
happy/im6727.png,positive
happy/im6728.png,positive
happy/im6729.png,positive
happy/im6731.png,positive
happy/im6732.png,positive
happy/im6733.png,positive
happy/im6734.png,positive
happy/im6735_1.png,positive
happy/im6736.png,positive
happy/im6737.png,positive
happy/im6738.png,positive
happy/im6740.png,positive
happy/im6741.png,positive
happy/im6743.png,positive
happy/im6744.png,positive
happy/im6745.png,positive
happy/im6746.png,positive
happy/im6747.png,positive
happy/im6748.png,positive
happy/im6749.png,positive
happy/im6750.png,positive
happy/im6751.png,positive
happy/im6752.png,positive
happy/im6753.png,positive
happy/im6754.png,positive
happy/im6755.png,positive
happy/im6757.png,positive
happy/im6758.png,positive
happy/im6759.png,positive
happy/im6761.png,positive
happy/im6762.png,positive
happy/im6763.png,positive
happy/im6764.png,positive
happy/im6765.png,positive
happy/im6766.png,positive
happy/im6767.png,positive
happy/im6768.png,positive
happy/im6769.png,positive
happy/im6770.png,positive
happy/im6771.png,positive
happy/im6772.png,positive
happy/im6773.png,positive
happy/im6774.png,positive
happy/im6777.png,positive
happy/im6778.png,positive
happy/im6780.png,positive
happy/im6781.png,positive
happy/im6782.png,positive
happy/im6783.png,positive
happy/im6784.png,positive
happy/im6785.png,positive
happy/im6786.png,positive
happy/im6787.png,positive
happy/im6789.png,positive
happy/im6792.png,positive
happy/im6793.png,positive
happy/im6794.png,positive
happy/im6796.png,positive
happy/im6797.png,positive
happy/im6798.png,positive
happy/im6800.png,positive
happy/im6801.png,positive
happy/im6802.png,positive
happy/im6803.png,positive
happy/im6805.png,positive
happy/im6806.png,positive
happy/im6807.png,positive
happy/im6808.png,positive
happy/im6809.png,positive
happy/im6810.png,positive
happy/im6811.png,positive
happy/im6812.png,positive
happy/im6813.png,positive
happy/im6815.png,positive
happy/im6816.png,positive
happy/im6817.png,positive
happy/im6819.png,positive
happy/im6820.png,positive
happy/im6821.png,positive
happy/im6822.png,positive
happy/im6823.png,positive
happy/im6824.png,positive
happy/im6826.png,positive
happy/im6827.png,positive
happy/im6828.png,positive
happy/im6830.png,positive
happy/im6831.png,positive
happy/im6832.png,positive
happy/im6834.png,positive
happy/im6835.png,positive
happy/im6836.png,positive
happy/im6837.png,positive
happy/im6838.png,positive
happy/im6840.png,positive
happy/im6841.png,positive
happy/im6842.png,positive
happy/im6843.png,positive
happy/im6844.png,positive
happy/im6845.png,positive
happy/im6846.png,positive
happy/im6848.png,positive
happy/im6849.png,positive
happy/im6850.png,positive
happy/im6851.png,positive
happy/im6852.png,positive
happy/im6853.png,positive
happy/im6854.png,positive
happy/im6856.png,positive
happy/im6857.png,positive
happy/im6858.png,positive
happy/im6860.png,positive
happy/im6862.png,positive
happy/im6863.png,positive
happy/im6864.png,positive
happy/im6865.png,positive
happy/im6866.png,positive
happy/im6867.png,positive
happy/im6868.png,positive
happy/im6869.png,positive
happy/im6870.png,positive
happy/im6872.png,positive
happy/im6873.png,positive
happy/im6874.png,positive
happy/im6875.png,positive
happy/im6876.png,positive
happy/im6877.png,positive
happy/im6880.png,positive
happy/im6881.png,positive
happy/im6882.png,positive
happy/im6883.png,positive
happy/im6884.png,positive
happy/im6885.png,positive
happy/im6886.png,positive
happy/im6887.png,positive
happy/im6890.png,positive
happy/im6891.png,positive
happy/im6892.png,positive
happy/im6893.png,positive
happy/im6895.png,positive
happy/im6896.png,positive
happy/im6897.png,positive
happy/im6898.png,positive
happy/im6900.png,positive
happy/im6901.png,positive
happy/im6902.png,positive
happy/im6903.png,positive
happy/im6904.png,positive
happy/im6905.png,positive
happy/im6906.png,positive
happy/im6907.png,positive
happy/im6908.png,positive
happy/im6909.png,positive
happy/im6910.png,positive
happy/im6911.png,positive
happy/im6912.png,positive
happy/im6913.png,positive
happy/im6914.png,positive
happy/im6915.png,positive
happy/im6917.png,positive
happy/im6918.png,positive
happy/im6919.png,positive
happy/im6920.png,positive
happy/im6921.png,positive
happy/im6922.png,positive
happy/im6924.png,positive
happy/im6925.png,positive
happy/im6926.png,positive
happy/im6927.png,positive
happy/im6928.png,positive
happy/im6930.png,positive
happy/im6931.png,positive
happy/im6932.png,positive
happy/im6933.png,positive
happy/im6934.png,positive
happy/im6935.png,positive
happy/im6936.png,positive
happy/im6937.png,positive
happy/im6939.png,positive
happy/im6940.png,positive
happy/im6942.png,positive
happy/im6943.png,positive
happy/im6944.png,positive
happy/im6945.png,positive
happy/im6946.png,positive
happy/im6947.png,positive
happy/im6948.png,positive
happy/im6949.png,positive
happy/im6954.png,positive
happy/im6956.png,positive
happy/im6957.png,positive
happy/im6958.png,positive
happy/im6959.png,positive
happy/im6960.png,positive
happy/im6961.png,positive
happy/im6962.png,positive
happy/im6963.png,positive
happy/im6964.png,positive
happy/im6965.png,positive
happy/im6966.png,positive
happy/im6967.png,positive
happy/im6968.png,positive
happy/im6969.png,positive
happy/im6970.png,positive
happy/im6971.png,positive
happy/im6972.png,positive
happy/im6975.png,positive
happy/im6976.png,positive
happy/im6977.png,positive
happy/im6978.png,positive
happy/im6979.png,positive
happy/im6980.png,positive
happy/im6981.png,positive
happy/im6982.png,positive
happy/im6983.png,positive
happy/im6984.png,positive
happy/im6986.png,positive
happy/im6987.png,positive
happy/im6989.png,positive
happy/im6990.png,positive
happy/im6991.png,positive
happy/im6992.png,positive
happy/im6993.png,positive
happy/im6994.png,positive
happy/im6995.png,positive
happy/im6996.png,positive
happy/im6998.png,positive
happy/im6999.png,positive
happy/im7000.png,positive
happy/im7001.png,positive
happy/im7002.png,positive
happy/im7003.png,positive
happy/im7004.png,positive
happy/im7005.png,positive
happy/im7006.png,positive
happy/im7007.png,positive
happy/im7008.png,positive
happy/im7009.png,positive
happy/im7010.png,positive
happy/im7011.png,positive
happy/im7012.png,positive
happy/im7013.png,positive
happy/im7014.png,positive
happy/im7015.png,positive
happy/im7016.png,positive
happy/im7017.png,positive
happy/im7019.png,positive
happy/im7020.png,positive
happy/im7021.png,positive
happy/im7023.png,positive
happy/im7024.png,positive
happy/im7025.png,positive
happy/im7026.png,positive
happy/im7029.png,positive
happy/im7030.png,positive
happy/im7031.png,positive
happy/im7032.png,positive
happy/im7034.png,positive
happy/im7037.png,positive
happy/im7038.png,positive
happy/im7039.png,positive
happy/im7040.png,positive
happy/im7041.png,positive
happy/im7042.png,positive
happy/im7043.png,positive
happy/im7045.png,positive
happy/im7046.png,positive
happy/im7047.png,positive
happy/im7048.png,positive
happy/im7050.png,positive
happy/im7051.png,positive
happy/im7052.png,positive
happy/im7053.png,positive
happy/im7054.png,positive
happy/im7055.png,positive
happy/im7056.png,positive
happy/im7058.png,positive
happy/im7060.png,positive
happy/im7061.png,positive
happy/im7062.png,positive
happy/im7063.png,positive
happy/im7064.png,positive
happy/im7065.png,positive
happy/im7068.png,positive
happy/im7070.png,positive
happy/im7071.png,positive
happy/im7073.png,positive
happy/im7074.png,positive
happy/im7075.png,positive
happy/im7077.png,positive
happy/im7078.png,positive
happy/im7079.png,positive
happy/im7080.png,positive
happy/im7081.png,positive
happy/im7083.png,positive
happy/im7084.png,positive
happy/im7085.png,positive
happy/im7086.png,positive
happy/im7087.png,positive
happy/im7089.png,positive
happy/im7090.png,positive
happy/im7091.png,positive
happy/im7092.png,positive
happy/im7093.png,positive
happy/im7094.png,positive
happy/im7095.png,positive
happy/im7097.png,positive
happy/im7098.png,positive
happy/im7099.png,positive
happy/im7100.png,positive
happy/im7101.png,positive
happy/im7102.png,positive
happy/im7103.png,positive
happy/im7104.png,positive
happy/im7105.png,positive
happy/im7108.png,positive
happy/im7109.png,positive
happy/im7110.png,positive
happy/im7111.png,positive
happy/im7112.png,positive
happy/im7113.png,positive
happy/im7114.png,positive
happy/im7115.png,positive
happy/im7116.png,positive
happy/im7117.png,positive
happy/im7118.png,positive
happy/im7119.png,positive
happy/im7120.png,positive
happy/im7121.png,positive
happy/im7122.png,positive
happy/im7124.png,positive
happy/im7125.png,positive
happy/im7126.png,positive
happy/im7127.png,positive
happy/im7128.png,positive
happy/im7129.png,positive
happy/im7130.png,positive
happy/im7131.png,positive
happy/im7132.png,positive
happy/im7135.png,positive
happy/im7137.png,positive
happy/im7138.png,positive
happy/im7139.png,positive
happy/im7140.png,positive
happy/im7141.png,positive
happy/im7144.png,positive
happy/im7145.png,positive
happy/im7146.png,positive
happy/im7147.png,positive
happy/im7148.png,positive
happy/im7149.png,positive
happy/im7150.png,positive
happy/im7151.png,positive
happy/im7152.png,positive
happy/im7153.png,positive
happy/im7154.png,positive
happy/im7156.png,positive
happy/im7157.png,positive
happy/im7158.png,positive
happy/im7159.png,positive
happy/im7160.png,positive
happy/im7161.png,positive
happy/im7162.png,positive
happy/im7163.png,positive
happy/im7165.png,positive
happy/im7166.png,positive
happy/im7167.png,positive
happy/im7168.png,positive
happy/im7170.png,positive
happy/im7171.png,positive
happy/im7172.png,positive
happy/im7173.png,positive
happy/im7174.png,positive
happy/im7175.png,positive
happy/im7176.png,positive
happy/im7177.png,positive
happy/im7179.png,positive
happy/im7180.png,positive
happy/im7181.png,positive
happy/im7182.png,positive
happy/im7183.png,positive
happy/im7184.png,positive
happy/im7185.png,positive
happy/im7186.png,positive
happy/im7187.png,positive
happy/im7188.png,positive
happy/im7189.png,positive
happy/im7190.png,positive
happy/im7191.png,positive
happy/im7192.png,positive
happy/im7193.png,positive
happy/im7194.png,positive
happy/im7195.png,positive
happy/im7196.png,positive
happy/im7197.png,positive
happy/im7198.png,positive
happy/im7199.png,positive
happy/im7200.png,positive
happy/im7201.png,positive
happy/im7202.png,positive
happy/im7203.png,positive
happy/im7204.png,positive
happy/im7205.png,positive
happy/im7207.png,positive
happy/im7208.png,positive
happy/im7209.png,positive
happy/im7210.png,positive
happy/im7211.png,positive
happy/im7212.png,positive
happy/im7213.png,positive
happy/im27581_.png,positive
happy/im28531_.png,positive
happy/im30551_.png,positive
happy/im30961_.png,positive
happy/im33411_.png,positive
happy/im34031_.png,positive
happy/im34921_.png,positive
happy/im35351_.png,positive
happy/im36971_.png,positive
happy/im38491_.png,positive
happy/im38711_.png,positive
happy/im40161_.png,positive
happy/im43891_.png,positive
happy/light-smile/im4.png,positive
happy/light-smile/im138.png,positive
happy/light-smile/im272_2.png,positive
happy/light-smile/im382.png,positive
happy/light-smile/im472.png,positive
happy/light-smile/im584.png,positive
happy/light-smile/im591_1.png,positive
happy/light-smile/im620.png,positive
happy/light-smile/im635_2.png,positive
happy/light-smile/im670.png,positive
happy/light-smile/im686_1.png,positive
happy/light-smile/im699.png,positive
happy/light-smile/im754.png,positive
happy/light-smile/im799.png,positive
happy/light-smile/im1181.png,positive
happy/light-smile/im1198.png,positive
happy/light-smile/im1251.png,positive
happy/light-smile/im1252.png,positive
happy/light-smile/im1258.png,positive
happy/light-smile/im1313_1.png,positive
happy/light-smile/im1380.png,positive
happy/light-smile/im1384.png,positive
happy/light-smile/im1464.png,positive
happy/light-smile/im1600.png,positive
happy/light-smile/im1704.png,positive
happy/light-smile/im1753_2.png,positive
happy/light-smile/im1844.png,positive
happy/light-smile/im1879_1.png,positive
happy/light-smile/im1923.png,positive
happy/light-smile/im2114.png,positive
happy/light-smile/im2190.png,positive
happy/light-smile/im2205.png,positive
happy/light-smile/im2228.png,positive
happy/light-smile/im2264.png,positive
happy/light-smile/im2287.png,positive
happy/light-smile/im2324.png,positive
happy/light-smile/im2335.png,positive
happy/light-smile/im2345.png,positive
happy/light-smile/im2490.png,positive
happy/light-smile/im2569.png,positive
happy/light-smile/im2671.png,positive
happy/light-smile/im2749.png,positive
happy/light-smile/im2806.png,positive
happy/light-smile/im3035.png,positive
happy/light-smile/im3101.png,positive
happy/light-smile/im3123.png,positive
happy/light-smile/im3208.png,positive
happy/light-smile/im3377.png,positive
happy/light-smile/im3405.png,positive
happy/light-smile/im3456.png,positive
happy/light-smile/im3498.png,positive
happy/light-smile/im3503.png,positive
happy/light-smile/im3513.png,positive
happy/light-smile/im3534.png,positive
happy/light-smile/im3567.png,positive
happy/light-smile/im3597.png,positive
happy/light-smile/im3614.png,positive
happy/light-smile/im3640.png,positive
happy/light-smile/im3981.png,positive
happy/light-smile/im4086.png,positive
happy/light-smile/im4210.png,positive
happy/light-smile/im4593.png,positive
happy/light-smile/im4605.png,positive
happy/light-smile/im4624.png,positive
happy/light-smile/im4646.png,positive
happy/light-smile/im4724_1.png,positive
happy/light-smile/im4742.png,positive
happy/light-smile/im4809.png,positive
happy/light-smile/im4921_1.png,positive
happy/light-smile/im5535.png,positive
happy/light-smile/im5545.png,positive
surprised/surprised-happy/im6.png,positive
surprised/surprised-happy/im9.png,positive
surprised/surprised-happy/im11.png,positive
surprised/surprised-happy/im18_1.png,positive
surprised/surprised-happy/im19.png,positive
surprised/surprised-happy/im24.png,positive
surprised/surprised-happy/im24_1.png,positive
surprised/surprised-happy/im40.png,positive
surprised/surprised-happy/im41_1.png,positive
surprised/surprised-happy/im42.png,positive
surprised/surprised-happy/im44.png,positive
surprised/surprised-happy/im45.png,positive
surprised/surprised-happy/im47.png,positive
surprised/surprised-happy/im53_2.png,positive
surprised/surprised-happy/im56.png,positive
surprised/surprised-happy/im59_1.png,positive
surprised/surprised-happy/im61.png,positive
surprised/surprised-happy/im65.png,positive
surprised/surprised-happy/im68.png,positive
surprised/surprised-happy/im71.png,positive
surprised/surprised-happy/im73.png,positive
surprised/surprised-happy/im75.png,positive
surprised/surprised-happy/im77.png,positive
surprised/surprised-happy/im78.png,positive
surprised/surprised-happy/im84_2.png,positive
surprised/surprised-happy/im85_1.png,positive
surprised/surprised-happy/im87.png,positive
surprised/surprised-happy/im93_1.png,positive
surprised/surprised-happy/im93_2.png,positive
surprised/surprised-happy/im95.png,positive
surprised/surprised-happy/im96.png,positive
surprised/surprised-happy/im100_1.png,positive
surprised/surprised-happy/im115.png,positive
surprised/surprised-happy/im122_1.png,positive
surprised/surprised-happy/im124.png,positive
surprised/surprised-happy/im127.png,positive
surprised/surprised-happy/im127_1.png,positive
surprised/surprised-happy/im129.png,positive
surprised/surprised-happy/im135.png,positive
surprised/surprised-happy/im145_1.png,positive
surprised/surprised-happy/im147.png,positive
surprised/surprised-happy/im149.png,positive
surprised/surprised-happy/im153.png,positive
surprised/surprised-happy/im161.png,positive
surprised/surprised-happy/im163.png,positive
surprised/surprised-happy/im178.png,positive
surprised/surprised-happy/im180.png,positive
surprised/surprised-happy/im181.png,positive
surprised/surprised-happy/im182.png,positive
surprised/surprised-happy/im188.png,positive
surprised/surprised-happy/im201.png,positive
surprised/surprised-happy/im201_1.png,positive
surprised/surprised-happy/im213.png,positive
surprised/surprised-happy/im217_1.png,positive
surprised/surprised-happy/im219.png,positive
surprised/surprised-happy/im223_1.png,positive
surprised/surprised-happy/im224_1.png,positive
surprised/surprised-happy/im228.png,positive
surprised/surprised-happy/im229.png,positive
surprised/surprised-happy/im230.png,positive
surprised/surprised-happy/im236.png,positive
surprised/surprised-happy/im238.png,positive
surprised/surprised-happy/im239.png,positive
surprised/surprised-happy/im243.png,positive
surprised/surprised-happy/im249.png,positive
surprised/surprised-happy/im255.png,positive
surprised/surprised-happy/im256.png,positive
surprised/surprised-happy/im259.png,positive
surprised/surprised-happy/im260_1.png,positive
surprised/surprised-happy/im263.png,positive
surprised/surprised-happy/im269_1.png,positive
surprised/surprised-happy/im270.png,positive
surprised/surprised-happy/im280.png,positive
surprised/surprised-happy/im285.png,positive
surprised/surprised-happy/im286.png,positive
surprised/surprised-happy/im293.png,positive
surprised/surprised-happy/im302.png,positive
surprised/surprised-happy/im311.png,positive
surprised/surprised-happy/im319.png,positive
surprised/surprised-happy/im320.png,positive
surprised/surprised-happy/im322.png,positive
surprised/surprised-happy/im324.png,positive
surprised/surprised-happy/im327.png,positive
surprised/surprised-happy/im338.png,positive
surprised/surprised-happy/im340.png,positive
surprised/surprised-happy/im340_1.png,positive
surprised/surprised-happy/im346.png,positive
surprised/surprised-happy/im354.png,positive
surprised/surprised-happy/im356.png,positive
surprised/surprised-happy/im358_1.png,positive
surprised/surprised-happy/im359.png,positive
surprised/surprised-happy/im363.png,positive
surprised/surprised-happy/im366.png,positive
surprised/surprised-happy/im367.png,positive
surprised/surprised-happy/im367_1.png,positive
surprised/surprised-happy/im371.png,positive
surprised/surprised-happy/im375_1.png,positive
surprised/surprised-happy/im379_2.png,positive
surprised/surprised-happy/im384.png,positive
surprised/surprised-happy/im397_1.png,positive
surprised/surprised-happy/im398.png,positive
surprised/surprised-happy/im399.png,positive
surprised/surprised-happy/im401.png,positive
surprised/surprised-happy/im401_1.png,positive
surprised/surprised-happy/im404.png,positive
surprised/surprised-happy/im404_1.png,positive
surprised/surprised-happy/im406.png,positive
surprised/surprised-happy/im415_2.png,positive
surprised/surprised-happy/im420.png,positive
surprised/surprised-happy/im425.png,positive
surprised/surprised-happy/im426.png,positive
surprised/surprised-happy/im427.png,positive
surprised/surprised-happy/im428.png,positive
surprised/surprised-happy/im431_1.png,positive
surprised/surprised-happy/im432.png,positive
surprised/surprised-happy/im434.png,positive
surprised/surprised-happy/im434_1.png,positive
surprised/surprised-happy/im436.png,positive
surprised/surprised-happy/im437.png,positive
surprised/surprised-happy/im442.png,positive
surprised/surprised-happy/im443_1.png,positive
surprised/surprised-happy/im444_1.png,positive
surprised/surprised-happy/im445.png,positive
surprised/surprised-happy/im462.png,positive
surprised/surprised-happy/im465_1.png,positive
surprised/surprised-happy/im468.png,positive
surprised/surprised-happy/im475.png,positive
surprised/surprised-happy/im483_1.png,positive
surprised/surprised-happy/im485_1.png,positive
surprised/surprised-happy/im488.png,positive
surprised/surprised-happy/im489.png,positive
surprised/surprised-happy/im491.png,positive
surprised/surprised-happy/im491_1.png,positive
surprised/surprised-happy/im495.png,positive
surprised/surprised-happy/im498.png,positive
surprised/surprised-happy/im510.png,positive
surprised/surprised-happy/im522.png,positive
surprised/surprised-happy/im528.png,positive
surprised/surprised-happy/im529.png,positive
surprised/surprised-happy/im530.png,positive
surprised/surprised-happy/im534.png,positive
surprised/surprised-happy/im545.png,positive
surprised/surprised-happy/im546.png,positive
surprised/surprised-happy/im568_1.png,positive
surprised/surprised-happy/im582.png,positive
surprised/surprised-happy/im592.png,positive
surprised/surprised-happy/im594.png,positive
surprised/surprised-happy/im594_1.png,positive
surprised/surprised-happy/im598.png,positive
surprised/surprised-happy/im603.png,positive
surprised/surprised-happy/im608.png,positive
surprised/surprised-happy/im609_1.png,positive
surprised/surprised-happy/im621.png,positive
surprised/surprised-happy/im623.png,positive
surprised/surprised-happy/im623_2.png,positive
surprised/surprised-happy/im625.png,positive
surprised/surprised-happy/im626.png,positive
surprised/surprised-happy/im628.png,positive
surprised/surprised-happy/im634.png,positive
surprised/surprised-happy/im639.png,positive
surprised/surprised-happy/im642.png,positive
surprised/surprised-happy/im646_1.png,positive
surprised/surprised-happy/im650.png,positive
surprised/surprised-happy/im651.png,positive
surprised/surprised-happy/im653.png,positive
surprised/surprised-happy/im654_1.png,positive
surprised/surprised-happy/im655_1.png,positive
surprised/surprised-happy/im659_1.png,positive
surprised/surprised-happy/im665_1.png,positive
surprised/surprised-happy/im684.png,positive
surprised/surprised-happy/im687_1.png,positive
surprised/surprised-happy/im697_1.png,positive
surprised/surprised-happy/im698_2.png,positive
surprised/surprised-happy/im706.png,positive
surprised/surprised-happy/im707.png,positive
surprised/surprised-happy/im714.png,positive
surprised/surprised-happy/im715.png,positive
surprised/surprised-happy/im727.png,positive
surprised/surprised-happy/im732_1.png,positive
surprised/surprised-happy/im738.png,positive
surprised/surprised-happy/im746.png,positive
surprised/surprised-happy/im763.png,positive
surprised/surprised-happy/im766.png,positive
surprised/surprised-happy/im774.png,positive
surprised/surprised-happy/im774_2.png,positive
surprised/surprised-happy/im781.png,positive
surprised/surprised-happy/im782_1.png,positive
surprised/surprised-happy/im783.png,positive
surprised/surprised-happy/im797.png,positive
surprised/surprised-happy/im803_1.png,positive
surprised/surprised-happy/im813.png,positive
surprised/surprised-happy/im823_1.png,positive
surprised/surprised-happy/im835.png,positive
surprised/surprised-happy/im836.png,positive
surprised/surprised-happy/im840.png,positive
surprised/surprised-happy/im847_1.png,positive
surprised/surprised-happy/im849_1.png,positive
surprised/surprised-happy/im858.png,positive
surprised/surprised-happy/im860.png,positive
surprised/surprised-happy/im863_1.png,positive
surprised/surprised-happy/im880.png,positive
surprised/surprised-happy/im884.png,positive
surprised/surprised-happy/im887.png,positive
surprised/surprised-happy/im888.png,positive
surprised/surprised-happy/im908.png,positive
surprised/surprised-happy/im912.png,positive
surprised/surprised-happy/im916.png,positive
surprised/surprised-happy/im919.png,positive
surprised/surprised-happy/im923.png,positive
surprised/surprised-happy/im925.png,positive
surprised/surprised-happy/im930.png,positive
surprised/surprised-happy/im936.png,positive
surprised/surprised-happy/im938.png,positive
surprised/surprised-happy/im942.png,positive
surprised/surprised-happy/im944_1.png,positive
surprised/surprised-happy/im947.png,positive
surprised/surprised-happy/im948.png,positive
surprised/surprised-happy/im949.png,positive
surprised/surprised-happy/im952_1.png,positive
surprised/surprised-happy/im968_1.png,positive
surprised/surprised-happy/im976.png,positive
surprised/surprised-happy/im976_2.png,positive
surprised/surprised-happy/im981.png,positive
surprised/surprised-happy/im983_1.png,positive
surprised/surprised-happy/im997.png,positive
surprised/surprised-happy/im1011.png,positive
surprised/surprised-happy/im1016.png,positive
surprised/surprised-happy/im1016_1.png,positive
surprised/surprised-happy/im1020_1.png,positive
surprised/surprised-happy/im1020_2.png,positive
surprised/surprised-happy/im1029.png,positive
surprised/surprised-happy/im1036.png,positive
surprised/surprised-happy/im1047.png,positive
surprised/surprised-happy/im1049_1.png,positive
surprised/surprised-happy/im1051.png,positive
surprised/surprised-happy/im1052.png,positive
surprised/surprised-happy/im1061.png,positive
surprised/surprised-happy/im1063.png,positive
surprised/surprised-happy/im1065.png,positive
surprised/surprised-happy/im1068_1.png,positive
surprised/surprised-happy/im1069_1.png,positive
surprised/surprised-happy/im1070_1.png,positive
surprised/surprised-happy/im1071.png,positive
surprised/surprised-happy/im1073.png,positive
surprised/surprised-happy/im1081_1.png,positive
surprised/surprised-happy/im1093.png,positive
surprised/surprised-happy/im1103.png,positive
surprised/surprised-happy/im1107.png,positive
surprised/surprised-happy/im1108.png,positive
surprised/surprised-happy/im1111.png,positive
surprised/surprised-happy/im1113.png,positive
surprised/surprised-happy/im1115.png,positive
surprised/surprised-happy/im1116.png,positive
surprised/surprised-happy/im1116_1.png,positive
surprised/surprised-happy/im1125.png,positive
surprised/surprised-happy/im1126.png,positive
surprised/surprised-happy/im1132_1.png,positive
surprised/surprised-happy/im1136.png,positive
surprised/surprised-happy/im1139.png,positive
surprised/surprised-happy/im1143.png,positive
surprised/surprised-happy/im1144.png,positive
surprised/surprised-happy/im1146.png,positive
surprised/surprised-happy/im1154.png,positive
surprised/surprised-happy/im1167_1.png,positive
surprised/surprised-happy/im1168_2.png,positive
surprised/surprised-happy/im1190.png,positive
surprised/surprised-happy/im1192.png,positive
surprised/surprised-happy/im1201_1.png,positive
surprised/surprised-happy/im1213.png,positive
surprised/surprised-happy/im1214_1.png,positive
surprised/surprised-happy/im1220.png,positive
surprised/surprised-happy/im1221_2_1.png,positive
surprised/surprised-happy/im1222.png,positive
surprised/surprised-happy/im1225.png,positive
surprised/surprised-happy/im1226.png,positive
surprised/surprised-happy/im1230.png,positive
surprised/surprised-happy/im1238.png,positive
surprised/surprised-happy/im1252.png,positive
surprised/surprised-happy/im1252_1.png,positive
surprised/surprised-happy/im1256.png,positive
surprised/surprised-happy/im1258.png,positive
surprised/surprised-happy/im1260.png,positive
surprised/surprised-happy/im1263_1.png,positive
surprised/surprised-happy/im1264.png,positive
surprised/surprised-happy/im1279.png,positive
surprised/surprised-happy/im1284_1.png,positive
surprised/surprised-happy/im1291.png,positive
surprised/surprised-happy/im1296.png,positive
surprised/surprised-happy/im1299.png,positive
surprised/surprised-happy/im1300.png,positive
surprised/surprised-happy/im1307.png,positive
surprised/surprised-happy/im1315_1.png,positive
surprised/surprised-happy/im1318.png,positive
surprised/surprised-happy/im1321.png,positive
surprised/surprised-happy/im1322.png,positive
surprised/surprised-happy/im1334_2.png,positive
surprised/surprised-happy/im1340.png,positive
surprised/surprised-happy/im1340_1.png,positive
surprised/surprised-happy/im1344.png,positive
surprised/surprised-happy/im1347_1.png,positive
surprised/surprised-happy/im1348.png,positive
surprised/surprised-happy/im1349.png,positive
surprised/surprised-happy/im1354.png,positive
surprised/surprised-happy/im1355.png,positive
surprised/surprised-happy/im1369.png,positive
surprised/surprised-happy/im1376_1.png,positive
surprised/surprised-happy/im1380.png,positive
surprised/surprised-happy/im1391_1.png,positive
surprised/surprised-happy/im1394.png,positive
surprised/surprised-happy/im1398.png,positive
surprised/surprised-happy/im1400.png,positive
surprised/surprised-happy/im1419.png,positive
surprised/surprised-happy/im1425_1.png,positive
surprised/surprised-happy/im1434.png,positive
surprised/surprised-happy/im1435.png,positive
surprised/surprised-happy/im1436.png,positive
surprised/surprised-happy/im1444.png,positive
surprised/surprised-happy/im1444_1.png,positive
surprised/surprised-happy/im1445.png,positive
surprised/surprised-happy/im1447_2.png,positive
surprised/surprised-happy/im1466.png,positive
surprised/surprised-happy/im1466_1.png,positive
surprised/surprised-happy/im1467_2_1.png,positive
surprised/surprised-happy/im1474.png,positive
surprised/surprised-happy/im1474_1.png,positive
surprised/surprised-happy/im1476.png,positive
surprised/surprised-happy/im1482.png,positive
surprised/surprised-happy/im1485.png,positive
surprised/surprised-happy/im1485_1.png,positive
surprised/surprised-happy/im1488_1.png,positive
surprised/surprised-happy/im1489.png,positive
surprised/surprised-happy/im1493.png,positive
surprised/surprised-happy/im1503.png,positive
surprised/surprised-happy/im1505_1.png,positive
surprised/surprised-happy/im1521.png,positive
surprised/surprised-happy/im1526.png,positive
surprised/surprised-happy/im1527.png,positive
surprised/surprised-happy/im1536.png,positive
surprised/surprised-happy/im1539_1.png,positive
surprised/surprised-happy/im1541.png,positive
surprised/surprised-happy/im1541_1.png,positive
surprised/surprised-happy/im1545.png,positive
surprised/surprised-happy/im1551.png,positive
surprised/surprised-happy/im1555_2_1.png,positive
surprised/surprised-happy/im1569_1.png,positive
surprised/surprised-happy/im1570_1.png,positive
surprised/surprised-happy/im1571.png,positive
surprised/surprised-happy/im1574.png,positive
surprised/surprised-happy/im1579.png,positive
surprised/surprised-happy/im1590.png,positive
surprised/surprised-happy/im1592.png,positive
surprised/surprised-happy/im1598.png,positive
surprised/surprised-happy/im1601.png,positive
surprised/surprised-happy/im1602.png,positive
surprised/surprised-happy/im1608.png,positive
surprised/surprised-happy/im1609.png,positive
surprised/surprised-happy/im1610_1.png,positive
surprised/surprised-happy/im1611.png,positive
surprised/surprised-happy/im1611_1.png,positive
surprised/surprised-happy/im1621.png,positive
surprised/surprised-happy/im1625.png,positive
surprised/surprised-happy/im1633.png,positive
surprised/surprised-happy/im1638.png,positive
surprised/surprised-happy/im1646.png,positive
surprised/surprised-happy/im1646_1.png,positive
surprised/surprised-happy/im1654.png,positive
surprised/surprised-happy/im1661.png,positive
surprised/surprised-happy/im1666.png,positive
surprised/surprised-happy/im1667.png,positive
surprised/surprised-happy/im1670_1.png,positive
surprised/surprised-happy/im1671_1.png,positive
surprised/surprised-happy/im1679.png,positive
surprised/surprised-happy/im1681.png,positive
surprised/surprised-happy/im1684.png,positive
surprised/surprised-happy/im1697.png,positive
surprised/surprised-happy/im1697_1.png,positive
surprised/surprised-happy/im1710_1.png,positive
surprised/surprised-happy/im1713_1.png,positive
surprised/surprised-happy/im1720.png,positive
surprised/surprised-happy/im1721_1.png,positive
surprised/surprised-happy/im1721_2.png,positive
surprised/surprised-happy/im1723.png,positive
surprised/surprised-happy/im1724.png,positive
surprised/surprised-happy/im1732_1.png,positive
surprised/surprised-happy/im1735.png,positive
surprised/surprised-happy/im1744_1.png,positive
surprised/surprised-happy/im1748.png,positive
surprised/surprised-happy/im1755.png,positive
surprised/surprised-happy/im1757_1.png,positive
surprised/surprised-happy/im1770.png,positive
surprised/surprised-happy/im1770_1.png,positive
surprised/surprised-happy/im1776_2.png,positive
surprised/surprised-happy/im1779_1.png,positive
surprised/surprised-happy/im1782.png,positive
surprised/surprised-happy/im1793.png,positive
surprised/surprised-happy/im1798.png,positive
surprised/surprised-happy/im1802.png,positive
surprised/surprised-happy/im1805.png,positive
surprised/surprised-happy/im1808.png,positive
surprised/surprised-happy/im1809.png,positive
surprised/surprised-happy/im1816_1.png,positive
surprised/surprised-happy/im1818.png,positive
surprised/surprised-happy/im1822_1.png,positive
surprised/surprised-happy/im1823.png,positive
surprised/surprised-happy/im1824_1.png,positive
surprised/surprised-happy/im1825.png,positive
surprised/surprised-happy/im1838.png,positive
surprised/surprised-happy/im1843.png,positive
surprised/surprised-happy/im1850.png,positive
surprised/surprised-happy/im1855.png,positive
surprised/surprised-happy/im1863_1.png,positive
surprised/surprised-happy/im1870_1.png,positive
surprised/surprised-happy/im1871_1.png,positive
surprised/surprised-happy/im1884.png,positive
surprised/surprised-happy/im1892.png,positive
surprised/surprised-happy/im1893.png,positive
surprised/surprised-happy/im1900.png,positive
surprised/surprised-happy/im1900_1.png,positive
surprised/surprised-happy/im1901_1.png,positive
surprised/surprised-happy/im1904_1.png,positive
surprised/surprised-happy/im1905_1.png,positive
surprised/surprised-happy/im1908_1.png,positive
surprised/surprised-happy/im1910.png,positive
surprised/surprised-happy/im1913.png,positive
surprised/surprised-happy/im1925.png,positive
surprised/surprised-happy/im1927.png,positive
surprised/surprised-happy/im1927_1.png,positive
surprised/surprised-happy/im1927_2.png,positive
surprised/surprised-happy/im1930.png,positive
surprised/surprised-happy/im1935.png,positive
surprised/surprised-happy/im1936.png,positive
surprised/surprised-happy/im1949.png,positive
surprised/surprised-happy/im1949_2.png,positive
surprised/surprised-happy/im1950_2.png,positive
surprised/surprised-happy/im1952.png,positive
surprised/surprised-happy/im1956.png,positive
surprised/surprised-happy/im1971_2.png,positive
surprised/surprised-happy/im1981.png,positive
surprised/surprised-happy/im1991.png,positive
surprised/surprised-happy/im1992.png,positive
surprised/surprised-happy/im1994_1.png,positive
surprised/surprised-happy/im1998_1.png,positive
surprised/surprised-happy/im2002_1.png,positive
surprised/surprised-happy/im2006.png,positive
surprised/surprised-happy/im2017_1.png,positive
surprised/surprised-happy/im2020_2_1.png,positive
surprised/surprised-happy/im2023_1.png,positive
surprised/surprised-happy/im2024_1.png,positive
surprised/surprised-happy/im2040.png,positive
surprised/surprised-happy/im2052_1.png,positive
surprised/surprised-happy/im2059.png,positive
surprised/surprised-happy/im2066.png,positive
surprised/surprised-happy/im2067.png,positive
surprised/surprised-happy/im2074.png,positive
surprised/surprised-happy/im2076.png,positive
surprised/surprised-happy/im2083.png,positive
surprised/surprised-happy/im2087.png,positive
surprised/surprised-happy/im2090_1.png,positive
surprised/surprised-happy/im2105_2_1.png,positive
surprised/surprised-happy/im2109_1.png,positive
surprised/surprised-happy/im2110_1.png,positive
surprised/surprised-happy/im2111_1.png,positive
surprised/surprised-happy/im2113.png,positive
surprised/surprised-happy/im2113_1.png,positive
surprised/surprised-happy/im2116.png,positive
surprised/surprised-happy/im2117.png,positive
surprised/surprised-happy/im2118_2.png,positive
surprised/surprised-happy/im2123.png,positive
surprised/surprised-happy/im2139.png,positive
surprised/surprised-happy/im2163_1.png,positive
surprised/surprised-happy/im2169.png,positive
surprised/surprised-happy/im2173_1.png,positive
surprised/surprised-happy/im2175.png,positive
surprised/surprised-happy/im2176.png,positive
surprised/surprised-happy/im2191.png,positive
surprised/surprised-happy/im2193_1.png,positive
surprised/surprised-happy/im2195.png,positive
surprised/surprised-happy/im2195_1.png,positive
surprised/surprised-happy/im2206.png,positive
surprised/surprised-happy/im2207_1.png,positive
surprised/surprised-happy/im2209.png,positive
surprised/surprised-happy/im2229.png,positive
surprised/surprised-happy/im2232_2.png,positive
surprised/surprised-happy/im2237_2_1.png,positive
surprised/surprised-happy/im2241_1.png,positive
surprised/surprised-happy/im2242.png,positive
surprised/surprised-happy/im2249.png,positive
surprised/surprised-happy/im2255_1.png,positive
surprised/surprised-happy/im2269.png,positive
surprised/surprised-happy/im2270.png,positive
surprised/surprised-happy/im2276.png,positive
surprised/surprised-happy/im2281.png,positive
surprised/surprised-happy/im2283.png,positive
surprised/surprised-happy/im2284.png,positive
surprised/surprised-happy/im2284_1.png,positive
surprised/surprised-happy/im2285.png,positive
surprised/surprised-happy/im2285_1.png,positive
surprised/surprised-happy/im2293.png,positive
surprised/surprised-happy/im2295_2.png,positive
surprised/surprised-happy/im2296_1.png,positive
surprised/surprised-happy/im2300_1.png,positive
surprised/surprised-happy/im2301_2.png,positive
surprised/surprised-happy/im2303_1.png,positive
surprised/surprised-happy/im2304.png,positive
surprised/surprised-happy/im2314.png,positive
surprised/surprised-happy/im2320.png,positive
surprised/surprised-happy/im2332.png,positive
surprised/surprised-happy/im2337.png,positive
surprised/surprised-happy/im2340_1.png,positive
surprised/surprised-happy/im2363.png,positive
surprised/surprised-happy/im2369.png,positive
surprised/surprised-happy/im2373.png,positive
surprised/surprised-happy/im2376.png,positive
surprised/surprised-happy/im2381_1.png,positive
surprised/surprised-happy/im2384.png,positive
surprised/surprised-happy/im2386_1.png,positive
surprised/surprised-happy/im2389.png,positive
surprised/surprised-happy/im2394.png,positive
surprised/surprised-happy/im2397.png,positive
surprised/surprised-happy/im2403.png,positive
surprised/surprised-happy/im2403_1.png,positive
surprised/surprised-happy/im2415.png,positive
surprised/surprised-happy/im2432.png,positive
surprised/surprised-happy/im2433.png,positive
surprised/surprised-happy/im2465.png,positive
surprised/surprised-happy/im2468.png,positive
surprised/surprised-happy/im2475.png,positive
surprised/surprised-happy/im2488_1.png,positive
surprised/surprised-happy/im2508_1.png,positive
surprised/surprised-happy/im2518.png,positive
surprised/surprised-happy/im2519_1.png,positive
surprised/surprised-happy/im2522.png,positive
surprised/surprised-happy/im2526.png,positive
surprised/surprised-happy/im2527.png,positive
surprised/surprised-happy/im2529.png,positive
surprised/surprised-happy/im2531.png,positive
surprised/surprised-happy/im2536_1.png,positive
surprised/surprised-happy/im2539.png,positive
surprised/surprised-happy/im2546.png,positive
surprised/surprised-happy/im2550.png,positive
surprised/surprised-happy/im2551.png,positive
surprised/surprised-happy/im2552.png,positive
surprised/surprised-happy/im2554.png,positive
surprised/surprised-happy/im2554_1.png,positive
surprised/surprised-happy/im2566.png,positive
surprised/surprised-happy/im2569_2_1.png,positive
surprised/surprised-happy/im2572_2.png,positive
surprised/surprised-happy/im2579_1.png,positive
surprised/surprised-happy/im2601.png,positive
surprised/surprised-happy/im2608_1.png,positive
surprised/surprised-happy/im2618_1.png,positive
surprised/surprised-happy/im2621.png,positive
surprised/surprised-happy/im2623.png,positive
surprised/surprised-happy/im2634.png,positive
surprised/surprised-happy/im2637.png,positive
surprised/surprised-happy/im2644.png,positive
surprised/surprised-happy/im2647.png,positive
surprised/surprised-happy/im2649_1.png,positive
surprised/surprised-happy/im2661.png,positive
surprised/surprised-happy/im2667_1.png,positive
surprised/surprised-happy/im2678.png,positive
surprised/surprised-happy/im2681_1.png,positive
surprised/surprised-happy/im2684.png,positive
surprised/surprised-happy/im2686.png,positive
surprised/surprised-happy/im2687.png,positive
surprised/surprised-happy/im2690.png,positive
surprised/surprised-happy/im2701.png,positive
surprised/surprised-happy/im2706.png,positive
surprised/surprised-happy/im2711.png,positive
surprised/surprised-happy/im2715_1.png,positive
surprised/surprised-happy/im2724_1.png,positive
surprised/surprised-happy/im2725_1.png,positive
surprised/surprised-happy/im2728.png,positive
surprised/surprised-happy/im2730_1.png,positive
surprised/surprised-happy/im2737.png,positive
surprised/surprised-happy/im2739.png,positive
surprised/surprised-happy/im2745_1.png,positive
surprised/surprised-happy/im2746_1.png,positive
surprised/surprised-happy/im2750.png,positive
surprised/surprised-happy/im2753_1.png,positive
surprised/surprised-happy/im2759_1.png,positive
surprised/surprised-happy/im2762.png,positive
surprised/surprised-happy/im2763.png,positive
surprised/surprised-happy/im2766_1.png,positive
surprised/surprised-happy/im2767_1.png,positive
surprised/surprised-happy/im2770.png,positive
surprised/surprised-happy/im2771.png,positive
surprised/surprised-happy/im2777.png,positive
surprised/surprised-happy/im2779.png,positive
surprised/surprised-happy/im2783.png,positive
surprised/surprised-happy/im2783_1.png,positive
surprised/surprised-happy/im2786.png,positive
surprised/surprised-happy/im2788.png,positive
surprised/surprised-happy/im2791_1.png,positive
surprised/surprised-happy/im2802_1.png,positive
surprised/surprised-happy/im2815.png,positive
surprised/surprised-happy/im2826.png,positive
surprised/surprised-happy/im2831.png,positive
surprised/surprised-happy/im2832.png,positive
surprised/surprised-happy/im2834.png,positive
surprised/surprised-happy/im2840_1.png,positive
surprised/surprised-happy/im2844.png,positive
surprised/surprised-happy/im2849.png,positive
surprised/surprised-happy/im2852_2.png,positive
surprised/surprised-happy/im2856_1.png,positive
surprised/surprised-happy/im2863.png,positive
surprised/surprised-happy/im2870.png,positive
surprised/surprised-happy/im2881.png,positive
surprised/surprised-happy/im2885_1.png,positive
surprised/surprised-happy/im2888.png,positive
surprised/surprised-happy/im2895.png,positive
surprised/surprised-happy/im2900.png,positive
surprised/surprised-happy/im2902.png,positive
surprised/surprised-happy/im2903_1.png,positive
surprised/surprised-happy/im2903_2.png,positive
surprised/surprised-happy/im2908_1.png,positive
surprised/surprised-happy/im2917_1.png,positive
surprised/surprised-happy/im2933.png,positive
surprised/surprised-happy/im2940.png,positive
surprised/surprised-happy/im2941.png,positive
surprised/surprised-happy/im2956.png,positive
surprised/surprised-happy/im2959_1.png,positive
surprised/surprised-happy/im2966_1.png,positive
surprised/surprised-happy/im2982.png,positive
surprised/surprised-happy/im2983.png,positive
surprised/surprised-happy/im2996.png,positive
surprised/surprised-happy/im3014_1.png,positive
surprised/surprised-happy/im3019.png,positive
surprised/surprised-happy/im3023_1.png,positive
surprised/surprised-happy/im3024.png,positive
surprised/surprised-happy/im3028_1.png,positive
surprised/surprised-happy/im3041.png,positive
surprised/surprised-happy/im3041_1.png,positive
surprised/surprised-happy/im3043.png,positive
surprised/surprised-happy/im3049.png,positive
surprised/surprised-happy/im3051.png,positive
surprised/surprised-happy/im3052.png,positive
surprised/surprised-happy/im3053_1.png,positive
surprised/surprised-happy/im3057.png,positive
surprised/surprised-happy/im3060.png,positive
surprised/surprised-happy/im3065_1.png,positive
surprised/surprised-happy/im3072_1.png,positive
surprised/surprised-happy/im3084_1.png,positive
surprised/surprised-happy/im3085.png,positive
surprised/surprised-happy/im3086.png,positive
surprised/surprised-happy/im3088_1.png,positive
surprised/surprised-happy/im3098.png,positive
surprised/surprised-happy/im3105.png,positive
surprised/surprised-happy/im3106.png,positive
surprised/surprised-happy/im3113_1.png,positive
surprised/surprised-happy/im3118.png,positive
surprised/surprised-happy/im3118_1.png,positive
surprised/surprised-happy/im3119.png,positive
surprised/surprised-happy/im3124.png,positive
surprised/surprised-happy/im3124_1.png,positive
surprised/surprised-happy/im3126.png,positive
surprised/surprised-happy/im3127.png,positive
surprised/surprised-happy/im3129_1.png,positive
surprised/surprised-happy/im3134.png,positive
surprised/surprised-happy/im3137_1.png,positive
surprised/surprised-happy/im3139_1.png,positive
surprised/surprised-happy/im3141.png,positive
surprised/surprised-happy/im3150_2_1.png,positive
surprised/surprised-happy/im3152_1.png,positive
surprised/surprised-happy/im3157_1.png,positive
surprised/surprised-happy/im3163.png,positive
surprised/surprised-happy/im3164.png,positive
surprised/surprised-happy/im3176_1.png,positive
surprised/surprised-happy/im3181.png,positive
surprised/surprised-happy/im3201_1.png,positive
surprised/surprised-happy/im3202_1.png,positive
surprised/surprised-happy/im3214_1.png,positive
surprised/surprised-happy/im3281_1.png,positive
surprised/surprised-happy/im3283_1.png,positive
surprised/surprised-happy/im3283_2.png,positive
surprised/surprised-happy/im3298_1.png,positive
surprised/surprised-happy/im3299_1.png,positive
surprised/surprised-happy/im3316_1.png,positive
surprised/surprised-happy/im3317_1.png,positive
surprised/surprised-happy/im3345_2.png,positive
surprised/surprised-happy/im3348_1.png,positive
surprised/surprised-happy/im3351_1.png,positive
surprised/surprised-happy/im3358.png,positive
surprised/surprised-happy/im3359_2_1.png,positive
surprised/surprised-happy/im3377_2_1.png,positive
surprised/surprised-happy/im3405_1.png,positive
surprised/surprised-happy/im3416_1.png,positive
surprised/surprised-happy/im3422_1.png,positive
surprised/surprised-happy/im3424_1.png,positive
surprised/surprised-happy/im3448_1.png,positive
surprised/surprised-happy/im3453_1.png,positive
surprised/surprised-happy/im3456_1.png,positive
surprised/surprised-happy/im3470_1.png,positive
surprised/surprised-happy/im3478_1.png,positive
surprised/surprised-happy/im3493_2.png,positive
surprised/surprised-happy/im3498_1.png,positive
surprised/surprised-happy/im3502.png,positive
surprised/surprised-happy/im3505.png,positive
surprised/surprised-happy/im3506_1.png,positive
surprised/surprised-happy/im3510_1.png,positive
surprised/surprised-happy/im3517_1.png,positive
surprised/surprised-happy/im3557_1.png,positive
surprised/surprised-happy/im3558_1.png,positive
surprised/surprised-happy/im3562_1.png,positive
surprised/surprised-happy/im3580_1.png,positive
surprised/surprised-happy/im3581_1.png,positive
surprised/surprised-happy/im3607_1.png,positive
surprised/surprised-happy/im3612_1.png,positive
surprised/surprised-happy/im3642_1.png,positive
surprised/surprised-happy/im3666_1.png,positive
surprised/surprised-happy/im3686_1.png,positive
surprised/surprised-happy/im3710_2.png,positive
surprised/surprised-happy/im3715_1.png,positive
surprised/surprised-happy/im3736.png,positive
surprised/surprised-happy/im3744_1.png,positive
surprised/surprised-happy/im3758.png,positive
surprised/surprised-happy/im3773.png,positive
surprised/surprised-happy/im3783_2.png,positive
surprised/surprised-happy/im3789_1.png,positive
surprised/surprised-happy/im3821_1.png,positive
surprised/surprised-happy/im3833_1.png,positive
surprised/surprised-happy/im3850.png,positive
surprised/surprised-happy/im3851_1.png,positive
surprised/surprised-happy/im3879_1.png,positive
surprised/surprised-happy/im3882_1.png,positive
surprised/surprised-happy/im3898_1.png,positive
surprised/surprised-happy/im3911_2_1.png,positive
surprised/surprised-happy/im3920_2_1.png,positive
surprised/surprised-happy/im3921_1.png,positive
surprised/surprised-happy/im3947_1.png,positive
surprised/surprised-happy/im3953_1.png,positive
surprised/surprised-happy/im3976.png,positive
surprised/surprised-happy/im4004_1.png,positive
surprised/surprised-happy/im4010_1.png,positive
surprised/surprised-happy/im4013_1.png,positive
surprised/surprised-happy/im4032_1.png,positive
surprised/surprised-happy/im4048.png,positive
surprised/surprised-happy/im4081_1.png,positive
surprised/surprised-happy/im4094_1.png,positive
surprised/surprised-happy/im4101_1.png,positive
surprised/surprised-happy/im4107_1.png,positive
surprised/surprised-happy/im4121_1.png,positive
surprised/surprised-happy/im4139_1.png,positive
surprised/surprised-happy/im4146_1.png,positive
surprised/surprised-happy/im4160_1.png,positive
surprised/surprised-happy/im4167_1.png,positive
surprised/surprised-happy/im4181_1.png,positive
surprised/surprised-happy/im4196_1.png,positive
surprised/surprised-happy/im4197_1.png,positive
surprised/surprised-happy/im4218_1.png,positive
surprised/surprised-happy/im4229_1.png,positive
surprised/surprised-happy/im4245_1.png,positive
surprised/surprised-happy/im4264_1.png,positive
surprised/surprised-happy/im4268_1.png,positive
surprised/surprised-happy/im4273_1.png,positive
surprised/surprised-happy/im4292_1.png,positive
surprised/surprised-happy/im4302_1.png,positive
surprised/surprised-happy/im4347.png,positive
surprised/surprised-happy/im4377_1.png,positive
surprised/surprised-happy/im4440_1.png,positive
surprised/surprised-happy/im4467_1.png,positive
surprised/surprised-happy/im4482_1.png,positive
surprised/surprised-happy/im4483.png,positive
surprised/surprised-happy/im4507.png,positive
surprised/surprised-happy/im4511_1.png,positive
surprised/surprised-happy/im4533_1.png,positive
surprised/surprised-happy/im4534_1.png,positive
surprised/surprised-happy/im4538_1.png,positive
surprised/surprised-happy/im4558_1.png,positive
surprised/surprised-happy/im4560_1.png,positive
surprised/surprised-happy/im4564_1.png,positive
surprised/surprised-happy/im4586.png,positive
surprised/surprised-happy/im4587_1.png,positive
surprised/surprised-happy/im4628_1.png,positive
surprised/surprised-happy/im4649_1.png,positive
surprised/surprised-happy/im4652_1.png,positive
surprised/surprised-happy/im4653_1.png,positive
surprised/surprised-happy/im4663_1.png,positive
surprised/surprised-happy/im4673_1.png,positive
surprised/surprised-happy/im4690_1.png,positive
surprised/surprised-happy/im4710_1.png,positive
surprised/surprised-happy/im4715_1.png,positive
surprised/surprised-happy/im4725_1.png,positive
surprised/surprised-happy/im4728_1.png,positive
surprised/surprised-happy/im4738_1.png,positive
surprised/surprised-happy/im4751_1.png,positive
surprised/surprised-happy/im4752_1.png,positive
surprised/surprised-happy/im4769_1.png,positive
surprised/surprised-happy/im4787_1.png,positive
surprised/surprised-happy/im4812_1.png,positive
surprised/surprised-happy/im4825_1.png,positive
surprised/surprised-happy/im4838_1.png,positive
surprised/surprised-happy/im4861_1.png,positive
surprised/surprised-happy/im4890_1.png,positive
surprised/surprised-happy/im4916.png,positive
surprised/surprised-happy/im4917_1.png,positive
surprised/surprised-happy/im4927.png,positive
surprised/surprised-happy/im4934_1.png,positive
surprised/surprised-happy/im4939.png,positive
surprised/surprised-happy/im4954_1.png,positive
surprised/surprised-happy/im4966_1.png,positive
surprised/surprised-happy/im4980.png,positive
surprised/surprised-happy/im4992.png,positive
surprised/surprised-happy/im4994_1.png,positive
surprised/surprised-happy/im4998_1.png,positive
surprised/surprised-happy/im5012_1.png,positive
surprised/surprised-happy/im5013_1.png,positive
surprised/surprised-happy/im5017_1.png,positive
surprised/surprised-happy/im5024_1.png,positive
surprised/surprised-happy/im5038_1.png,positive
surprised/surprised-happy/im5049_1.png,positive
surprised/surprised-happy/im5065_1.png,positive
surprised/surprised-happy/im5090.png,positive
surprised/surprised-happy/im5103.png,positive
surprised/surprised-happy/im5118_1.png,positive
surprised/surprised-happy/im5167_1.png,positive
surprised/surprised-happy/im5171_1.png,positive
surprised/surprised-happy/im5190_1.png,positive
surprised/surprised-happy/im5205_1.png,positive
surprised/surprised-happy/im5222_1.png,positive
surprised/surprised-happy/im5253_1.png,positive
surprised/surprised-happy/im5283_1.png,positive
surprised/surprised-happy/im5287.png,positive
surprised/surprised-happy/im5320.png,positive
surprised/surprised-happy/im5335.png,positive
surprised/surprised-happy/im5337_1.png,positive
surprised/surprised-happy/im5338_1.png,positive
surprised/surprised-happy/im5354.png,positive
surprised/surprised-happy/im5370_1.png,positive
surprised/surprised-happy/im5378_1.png,positive
surprised/surprised-happy/im5394_1.png,positive
surprised/surprised-happy/im5411.png,positive
surprised/surprised-happy/im5457_1.png,positive
surprised/surprised-happy/im5482_1.png,positive
surprised/surprised-happy/im5488_1.png,positive
surprised/surprised-happy/im5494_1.png,positive
surprised/surprised-happy/im5501_1.png,positive
surprised/surprised-happy/im5502_1.png,positive
surprised/surprised-happy/im5531_1.png,positive
surprised/surprised-happy/im5563_1.png,positive
surprised/surprised-happy/im5572_1.png,positive
surprised/surprised-happy/im5583.png,positive
surprised/surprised-happy/im5591_1.png,positive
surprised/surprised-happy/im5606_1.png,positive
surprised/surprised-happy/im5608_1.png,positive
surprised/surprised-happy/im5610_1.png,positive
surprised/surprised-happy/im5614_1.png,positive
surprised/surprised-happy/im5636_1.png,positive
surprised/surprised-happy/im5657_1.png,positive
surprised/surprised-happy/im5664_1.png,positive
surprised/surprised-happy/im5675_1.png,positive
surprised/surprised-happy/im5687_1.png,positive
surprised/surprised-happy/im5709.png,positive
surprised/surprised-happy/im5752_1.png,positive
surprised/surprised-happy/im5753_1.png,positive
surprised/surprised-happy/im5763_1.png,positive
surprised/surprised-happy/im5772_1.png,positive
surprised/surprised-happy/im5783_1.png,positive
surprised/surprised-happy/im5799_1.png,positive
surprised/surprised-happy/im5805.png,positive
surprised/surprised-happy/im5826_1.png,positive
surprised/surprised-happy/im5832_1.png,positive
surprised/surprised-happy/im5841.png,positive
surprised/surprised-happy/im5862_1.png,positive
surprised/surprised-happy/im5870_1.png,positive
surprised/surprised-happy/im5881_1.png,positive
surprised/surprised-happy/im5894_1.png,positive
surprised/surprised-happy/im5900_1.png,positive
surprised/surprised-happy/im5903_1.png,positive
surprised/surprised-happy/im5907_1.png,positive
surprised/surprised-happy/im5922_1.png,positive
surprised/surprised-happy/im5929_1.png,positive
surprised/surprised-happy/im5936_1.png,positive
surprised/surprised-happy/im5938_1.png,positive
surprised/surprised-happy/im5942_1.png,positive
surprised/surprised-happy/im5951_1.png,positive
surprised/surprised-happy/im5980_1.png,positive
surprised/surprised-happy/im5996_1.png,positive
surprised/surprised-happy/im6033_1.png,positive
surprised/surprised-happy/im6035.png,positive
surprised/surprised-happy/im6042_1.png,positive
surprised/surprised-happy/im6062_1.png,positive
surprised/surprised-happy/im6096_1.png,positive
surprised/surprised-happy/im6097_1.png,positive
surprised/surprised-happy/im6099_1.png,positive
surprised/surprised-happy/im6105_1.png,positive
surprised/surprised-happy/im6124_1.png,positive
surprised/surprised-happy/im6127_1.png,positive
surprised/surprised-happy/im6128_1.png,positive
surprised/surprised-happy/im6140_1.png,positive
surprised/surprised-happy/im6141_1.png,positive
surprised/surprised-happy/im6151_1.png,positive
surprised/surprised-happy/im6188_1.png,positive
surprised/surprised-happy/im6229_1.png,positive
surprised/surprised-happy/im6239_1.png,positive
surprised/surprised-happy/im6243_1.png,positive
surprised/surprised-happy/im6253_1.png,positive
surprised/surprised-happy/im6255_1.png,positive
surprised/surprised-happy/im6266_1.png,positive
surprised/surprised-happy/im6280_1.png,positive
surprised/surprised-happy/im6297_1.png,positive
surprised/surprised-happy/im6298_1.png,positive
surprised/surprised-happy/im6310_1.png,positive
surprised/surprised-happy/im6320_1.png,positive
surprised/surprised-happy/im6324_1.png,positive
surprised/surprised-happy/im6326_1.png,positive
surprised/surprised-happy/im6328_1.png,positive
surprised/surprised-happy/im6351_1.png,positive
surprised/surprised-happy/im6355_1.png,positive
surprised/surprised-happy/im6357_1.png,positive
surprised/surprised-happy/im6374_1.png,positive
surprised/surprised-happy/im6382_1.png,positive
surprised/surprised-happy/im6391.png,positive
surprised/surprised-happy/im6401_1.png,positive
surprised/surprised-happy/im6405_1.png,positive
surprised/surprised-happy/im6418_1.png,positive
surprised/surprised-happy/im6424.png,positive
surprised/surprised-happy/im6444_1.png,positive
surprised/surprised-happy/im6445_1.png,positive
surprised/surprised-happy/im6519_1.png,positive
surprised/surprised-happy/im6531_1.png,positive
surprised/surprised-happy/im6556_1.png,positive
surprised/surprised-happy/im6571_1.png,positive
surprised/surprised-happy/im6615_1.png,positive
surprised/surprised-happy/im6647_1.png,positive
surprised/surprised-happy/im6677_1.png,positive
surprised/surprised-happy/im6680_1.png,positive
surprised/surprised-happy/im6687_1.png,positive
surprised/surprised-happy/im6700_1.png,positive
surprised/surprised-happy/im6704_1.png,positive
surprised/surprised-happy/im6708.png,positive
surprised/surprised-happy/im6722_1.png,positive
surprised/surprised-happy/im6730_1.png,positive
surprised/surprised-happy/im6742_1.png,positive
surprised/surprised-happy/im6756.png,positive
surprised/surprised-happy/im6775_1.png,positive
surprised/surprised-happy/im6791_1.png,positive
surprised/surprised-happy/im6814_1.png,positive
surprised/surprised-happy/im6825_1.png,positive
surprised/surprised-happy/im6847_1.png,positive
surprised/surprised-happy/im6879_1.png,positive
surprised/surprised-happy/im6916_1.png,positive
surprised/surprised-happy/im6929_1.png,positive
surprised/surprised-happy/im6938_1.png,positive
surprised/surprised-happy/im6941_1.png,positive
surprised/surprised-happy/im6953_1.png,positive
surprised/surprised-happy/im6997_1.png,positive
surprised/surprised-happy/im7018_1.png,positive
surprised/surprised-happy/im7022_1.png,positive
surprised/surprised-happy/im7027_1.png,positive
surprised/surprised-happy/im7028_1.png,positive
surprised/surprised-happy/im7035_1.png,positive
surprised/surprised-happy/im7044_1.png,positive
surprised/surprised-happy/im7069_1.png,positive
surprised/surprised-happy/im7076_1.png,positive
surprised/surprised-happy/im7088_1.png,positive
surprised/surprised-happy/im7096_1.png,positive
surprised/surprised-happy/im7106_1.png,positive
surprised/surprised-happy/im7134.png,positive
surprised/surprised-happy/im7143_1.png,positive
surprised/surprised-happy/im7155_1.png,positive
